runner_name,tag,run_id,recall,total_time,qps,start_time,end_time
annoy,default,1,0.976239,1.5350046190001194,6514.6383771234905,2026-03-15T10:21:09.278814,2026-03-15T10:21:10.813837
annoy,default,2,0.976239,1.4705148459997872,6800.3393690331,2026-03-15T10:21:11.057055,2026-03-15T10:21:12.548862
annoy,default,3,0.976239,1.466461266000124,6819.136810395069,2026-03-15T10:21:12.779697,2026-03-15T10:21:14.266039
annoy,default,4,0.976239,1.4566184550001253,6865.2157781422175,2026-03-15T10:21:14.501405,2026-03-15T10:21:15.979244
annoy,default,5,0.976239,1.4656357720000415,6822.977571265037,2026-03-15T10:21:16.208201,2026-03-15T10:21:17.693187
annoy,default,6,0.976239,1.5167748369999572,6592.93637793932,2026-03-15T10:21:17.931060,2026-03-15T10:21:19.470024
annoy,default,7,0.976239,1.4527229909999733,6883.624794233179,2026-03-15T10:21:19.699706,2026-03-15T10:21:21.173031
annoy,default,8,0.976239,1.4482343910001418,6904.959626800508,2026-03-15T10:21:21.409585,2026-03-15T10:21:22.879748
annoy,default,9,0.976239,1.4170122200000606,7057.102161052339,2026-03-15T10:21:23.110104,2026-03-15T10:21:24.547621
annoy,default,10,0.976239,1.4711247289999392,6797.520157789702,2026-03-15T10:21:24.780654,2026-03-15T10:21:26.272260
annoy,default,11,0.976239,1.4474092550001387,6908.895991548045,2026-03-15T10:21:26.502554,2026-03-15T10:21:27.970525
annoy,default,12,0.976239,1.4574080019999656,6861.496565325045,2026-03-15T10:21:28.204009,2026-03-15T10:21:29.683027
annoy,default,13,0.976239,1.437262187999977,6957.672777793943,2026-03-15T10:21:29.915198,2026-03-15T10:21:31.371236
annoy,default,14,0.976239,1.4714778299999125,6795.889000924054,2026-03-15T10:21:31.611327,2026-03-15T10:21:33.104348
annoy,default,15,0.976239,1.4139355380000325,7072.458207072641,2026-03-15T10:21:33.335359,2026-03-15T10:21:34.769607
annoy,default,16,0.976239,1.4357912160000978,6964.800932449303,2026-03-15T10:21:35.001919,2026-03-15T10:21:36.459459
annoy,default,17,0.976239,1.4178996260000076,7052.68540637865,2026-03-15T10:21:36.690006,2026-03-15T10:21:38.131036
annoy,default,18,0.976239,1.4523699159999524,6885.298221779146,2026-03-15T10:21:38.365124,2026-03-15T10:21:39.839832
annoy,default,19,0.976239,1.445881438000015,6916.196402543413,2026-03-15T10:21:40.072116,2026-03-15T10:21:41.538910
annoy,default,20,0.976239,1.4184413959999347,7049.991651541211,2026-03-15T10:21:41.778355,2026-03-15T10:21:43.218239
annoy,default,21,0.976239,1.41269588199998,7078.6643660649825,2026-03-15T10:21:43.450827,2026-03-15T10:21:44.883893
annoy,default,22,0.976239,1.453066429000046,6881.997822275532,2026-03-15T10:21:45.119788,2026-03-15T10:21:46.594336
annoy,default,23,0.976239,1.439015147000191,6949.197178949968,2026-03-15T10:21:46.825614,2026-03-15T10:21:48.285698
annoy,default,24,0.976239,1.4351226260000658,6968.045669986908,2026-03-15T10:21:48.521128,2026-03-15T10:21:49.977135
annoy,default,25,0.976239,1.4300521239999853,6992.7521047478285,2026-03-15T10:21:50.209437,2026-03-15T10:21:51.659820
annoy,default,26,0.976239,1.4873319289999927,6723.44875075969,2026-03-15T10:21:51.894319,2026-03-15T10:21:53.403341
annoy,default,27,0.976239,1.4280110039999272,7002.7471581027885,2026-03-15T10:21:53.638239,2026-03-15T10:21:55.089886
annoy,default,28,0.976239,1.4262589579998348,7011.3494775337695,2026-03-15T10:21:55.324541,2026-03-15T10:21:56.772176
annoy,default,29,0.976239,1.4054012530000364,7115.405638534564,2026-03-15T10:21:57.003270,2026-03-15T10:21:58.428883
annoy,default,30,0.976239,1.4737533839997923,6785.395785053145,2026-03-15T10:21:58.664733,2026-03-15T10:22:00.160019
annoy,imbalanced-memory,1,0.976239,4.744668678999915,2107.6287253228834,2026-03-15T10:48:18.765342,2026-03-15T10:48:23.510021
annoy,imbalanced-memory,2,0.976239,1.5260543240001425,6552.846673103799,2026-03-15T10:48:23.742931,2026-03-15T10:48:25.287740
annoy,imbalanced-memory,3,0.976239,1.5326298700001644,6524.7325500702445,2026-03-15T10:48:25.522932,2026-03-15T10:48:27.072812
annoy,imbalanced-memory,4,0.976239,1.4740541149999444,6784.0114540166505,2026-03-15T10:48:27.307913,2026-03-15T10:48:28.800689
annoy,imbalanced-memory,5,0.976239,1.5166200980002031,6593.609047635515,2026-03-15T10:48:29.037621,2026-03-15T10:48:30.572783
annoy,imbalanced-memory,6,0.976239,1.5871271450000677,6300.692437592688,2026-03-15T10:48:30.808469,2026-03-15T10:48:32.414493
annoy,imbalanced-memory,7,0.976239,1.4874251589999403,6723.027333169104,2026-03-15T10:48:32.650433,2026-03-15T10:48:34.156866
annoy,imbalanced-memory,8,0.976239,1.479327522999938,6759.8282628588795,2026-03-15T10:48:34.394500,2026-03-15T10:48:35.893060
annoy,imbalanced-memory,9,0.976239,1.4644046309999794,6828.713723181431,2026-03-15T10:48:36.128750,2026-03-15T10:48:37.607817
annoy,imbalanced-memory,10,0.976239,1.5597650939998857,6411.221816969788,2026-03-15T10:48:37.842856,2026-03-15T10:48:39.422504
annoy,imbalanced-memory,11,0.976239,1.5200313729997106,6578.811580885643,2026-03-15T10:48:39.663158,2026-03-15T10:48:41.200841
annoy,imbalanced-memory,12,0.976239,1.4665007700000388,6818.95311926753,2026-03-15T10:48:41.437334,2026-03-15T10:48:42.922116
annoy,imbalanced-memory,13,0.976239,1.5401523870000347,6492.864007748199,2026-03-15T10:48:43.159146,2026-03-15T10:48:44.716767
annoy,imbalanced-memory,14,0.976239,1.5057212510000682,6641.335501745899,2026-03-15T10:48:44.950824,2026-03-15T10:48:46.475529
annoy,imbalanced-memory,15,0.976239,1.4906726819999676,6708.380800662058,2026-03-15T10:48:46.711320,2026-03-15T10:48:48.220051
annoy,imbalanced-memory,16,0.976239,1.4599439509997865,6849.578021917817,2026-03-15T10:48:48.457611,2026-03-15T10:48:49.935632
annoy,imbalanced-memory,17,0.976239,1.5345766840000579,6516.455061687633,2026-03-15T10:48:50.171677,2026-03-15T10:48:51.725074
annoy,imbalanced-memory,18,0.976239,1.4929461009996885,6698.165455071634,2026-03-15T10:48:51.963130,2026-03-15T10:48:53.474104
annoy,imbalanced-memory,19,0.976239,1.4858815789998516,6730.011423071151,2026-03-15T10:48:53.711348,2026-03-15T10:48:55.215411
annoy,imbalanced-memory,20,0.976239,1.5035836990000462,6650.777077890954,2026-03-15T10:48:55.453219,2026-03-15T10:48:56.975705
annoy,imbalanced-memory,21,0.976239,1.5012578969999595,6661.080697715904,2026-03-15T10:48:57.213079,2026-03-15T10:48:58.734488
annoy,imbalanced-memory,22,0.976239,1.5463151239996478,6466.987126229697,2026-03-15T10:48:58.973421,2026-03-15T10:49:00.539983
annoy,imbalanced-memory,23,0.976239,1.490818637999837,6707.724028334219,2026-03-15T10:49:00.777605,2026-03-15T10:49:02.287487
annoy,imbalanced-memory,24,0.976239,1.4576881230000254,6860.1780053056145,2026-03-15T10:49:02.523113,2026-03-15T10:49:03.999541
annoy,imbalanced-memory,25,0.976239,1.4896215080002548,6713.114671272784,2026-03-15T10:49:04.239110,2026-03-15T10:49:05.746648
annoy,imbalanced-memory,26,0.976239,1.5017914550003297,6658.714142169496,2026-03-15T10:49:05.982882,2026-03-15T10:49:07.504065
annoy,imbalanced-memory,27,0.976239,1.4630492289998074,6835.039998508018,2026-03-15T10:49:07.740432,2026-03-15T10:49:09.222611
annoy,imbalanced-memory,28,0.976239,1.4725495730003786,6790.942854049117,2026-03-15T10:49:09.460653,2026-03-15T10:49:10.952332
annoy,imbalanced-memory,29,0.976239,1.4753386869997485,6778.104640051173,2026-03-15T10:49:11.191055,2026-03-15T10:49:12.684231
annoy,imbalanced-memory,30,0.976239,1.5044784900001105,6646.821517534137,2026-03-15T10:49:12.921395,2026-03-15T10:49:14.446329
annoy,interleaved-memory,1,0.976239,4.210366353999234,2375.0902318752997,2026-03-15T11:10:17.763047,2026-03-15T11:10:21.973430
annoy,interleaved-memory,2,0.976239,1.0418063469996923,9598.712878644954,2026-03-15T11:10:22.212355,2026-03-15T11:10:23.275085
annoy,interleaved-memory,3,0.976239,1.0063091729998632,9937.303830978155,2026-03-15T11:10:23.504454,2026-03-15T11:10:24.529801
annoy,interleaved-memory,4,0.976239,1.0226523319997796,9778.494300643863,2026-03-15T11:10:24.766503,2026-03-15T11:10:25.809958
annoy,interleaved-memory,5,0.976239,1.0231707369994183,9773.53987793504,2026-03-15T11:10:26.041852,2026-03-15T11:10:27.084866
annoy,interleaved-memory,6,0.976239,0.9944910549993438,10055.394615898882,2026-03-15T11:10:27.322376,2026-03-15T11:10:28.338287
annoy,interleaved-memory,7,0.976239,0.9987153600004604,10012.862924222363,2026-03-15T11:10:28.568712,2026-03-15T11:10:29.584847
annoy,interleaved-memory,8,0.976239,1.008937777999563,9911.413982165639,2026-03-15T11:10:29.822585,2026-03-15T11:10:30.852426
annoy,interleaved-memory,9,0.976239,1.0188155860005281,9815.31902084075,2026-03-15T11:10:31.082824,2026-03-15T11:10:32.121582
annoy,interleaved-memory,10,0.976239,1.0271653569998307,9735.530829435525,2026-03-15T11:10:32.359215,2026-03-15T11:10:33.404867
annoy,interleaved-memory,11,0.976239,1.0054688169993824,9945.609282884545,2026-03-15T11:10:33.637736,2026-03-15T11:10:34.660203
annoy,interleaved-memory,12,0.976239,1.0450591279995933,9568.836568263428,2026-03-15T11:10:34.900643,2026-03-15T11:10:35.966622
annoy,interleaved-memory,13,0.976239,1.0094351880006798,9906.53002676311,2026-03-15T11:10:36.199118,2026-03-15T11:10:37.228806
annoy,interleaved-memory,14,0.976239,0.9603494049997607,10412.876759165058,2026-03-15T11:10:37.467404,2026-03-15T11:10:38.449372
annoy,interleaved-memory,15,0.976239,1.0052917149996574,9947.361398480647,2026-03-15T11:10:38.687555,2026-03-15T11:10:39.712843
annoy,interleaved-memory,16,0.976239,1.0090740710002137,9910.07527335214,2026-03-15T11:10:39.953639,2026-03-15T11:10:40.982786
annoy,interleaved-memory,17,0.976239,1.0181684600001972,9821.557426752408,2026-03-15T11:10:41.217523,2026-03-15T11:10:42.256242
annoy,interleaved-memory,18,0.976239,0.9754033039998831,10252.169496445747,2026-03-15T11:10:42.496076,2026-03-15T11:10:43.492385
annoy,interleaved-memory,19,0.976239,0.9739773640003477,10267.179063513051,2026-03-15T11:10:43.725840,2026-03-15T11:10:44.720001
annoy,interleaved-memory,20,0.976239,1.0121879240005,9879.58832829847,2026-03-15T11:10:44.958826,2026-03-15T11:10:45.991991
annoy,interleaved-memory,21,0.976239,1.037958726999932,9634.294447240247,2026-03-15T11:10:46.230253,2026-03-15T11:10:47.286558
annoy,interleaved-memory,22,0.976239,0.9766067569998995,10239.535952750968,2026-03-15T11:10:47.523975,2026-03-15T11:10:48.521343
annoy,interleaved-memory,23,0.976239,1.0116973200001667,9884.3792528761,2026-03-15T11:10:48.756144,2026-03-15T11:10:49.788182
annoy,interleaved-memory,24,0.976239,1.017870239000331,9824.434998532999,2026-03-15T11:10:50.026116,2026-03-15T11:10:51.065738
annoy,interleaved-memory,25,0.976239,1.0150173050005833,9852.048778610975,2026-03-15T11:10:51.300105,2026-03-15T11:10:52.333504
annoy,interleaved-memory,26,0.976239,1.0641972560006252,9396.754167156136,2026-03-15T11:10:52.571256,2026-03-15T11:10:53.657411
annoy,interleaved-memory,27,0.976239,1.0116203540001152,9885.131275244054,2026-03-15T11:10:53.896641,2026-03-15T11:10:54.928445
annoy,interleaved-memory,28,0.976239,0.9782702709999285,10222.123983976951,2026-03-15T11:10:55.165194,2026-03-15T11:10:56.164578
annoy,interleaved-memory,29,0.976239,1.0261450699999841,9745.210781941538,2026-03-15T11:10:56.399811,2026-03-15T11:10:57.445999
annoy,interleaved-memory,30,0.976239,0.9929467329993713,10071.033689584969,2026-03-15T11:10:57.684046,2026-03-15T11:10:58.698352
annoy,numa-balancing,1,0.976239,4.409617182000147,2267.7705540561515,2026-03-15T11:30:25.846408,2026-03-15T11:30:30.256059
annoy,numa-balancing,2,0.976239,1.1626990400000068,8600.677953600049,2026-03-15T11:30:30.493166,2026-03-15T11:30:31.672919
annoy,numa-balancing,3,0.976239,1.1332237159995202,8824.382916465749,2026-03-15T11:30:31.903323,2026-03-15T11:30:33.055381
annoy,numa-balancing,4,0.976239,1.1400649899997006,8771.429776124101,2026-03-15T11:30:33.288697,2026-03-15T11:30:34.446142
annoy,numa-balancing,5,0.976239,1.1434092449999298,8745.77500901754,2026-03-15T11:30:34.677238,2026-03-15T11:30:35.839653
annoy,numa-balancing,6,0.976239,1.1645832450003581,8586.762726435176,2026-03-15T11:30:36.072823,2026-03-15T11:30:37.255084
annoy,numa-balancing,7,0.976239,1.143832570000086,8742.538254527277,2026-03-15T11:30:37.486254,2026-03-15T11:30:38.650206
annoy,numa-balancing,8,0.976239,1.1309709079996537,8841.960415840389,2026-03-15T11:30:38.890194,2026-03-15T11:30:40.039418
annoy,numa-balancing,9,0.976239,1.148363559000245,8708.043651877904,2026-03-15T11:30:40.270755,2026-03-15T11:30:41.438861
annoy,numa-balancing,10,0.976239,1.1724926700007927,8528.837967058027,2026-03-15T11:30:41.673365,2026-03-15T11:30:42.864374
annoy,numa-balancing,11,0.976239,1.1352514719992541,8808.621038287956,2026-03-15T11:30:43.096097,2026-03-15T11:30:44.250677
annoy,numa-balancing,12,0.976239,1.1390049999999974,8779.592714693985,2026-03-15T11:30:44.485034,2026-03-15T11:30:45.642880
annoy,numa-balancing,13,0.976239,1.121391544999824,8917.491882820974,2026-03-15T11:30:45.875001,2026-03-15T11:30:47.015564
annoy,numa-balancing,14,0.976239,1.1431598959998155,8747.682660135599,2026-03-15T11:30:47.250486,2026-03-15T11:30:48.415222
annoy,numa-balancing,15,0.976239,1.1695209740000791,8550.509330155308,2026-03-15T11:30:48.650219,2026-03-15T11:30:49.839695
annoy,numa-balancing,16,0.976239,1.1388932840000052,8780.453920035545,2026-03-15T11:30:50.074250,2026-03-15T11:30:51.232162
annoy,numa-balancing,17,0.976239,1.14926147999995,8701.240034600685,2026-03-15T11:30:51.465068,2026-03-15T11:30:52.634546
annoy,numa-balancing,18,0.976239,1.1630511619996469,8598.074037264954,2026-03-15T11:30:52.869820,2026-03-15T11:30:54.051322
annoy,numa-balancing,19,0.976239,1.1345367739995709,8814.170002394107,2026-03-15T11:30:54.284452,2026-03-15T11:30:55.439388
annoy,numa-balancing,20,0.976239,1.1371145860002798,8794.188486469331,2026-03-15T11:30:55.675461,2026-03-15T11:30:56.831857
annoy,numa-balancing,21,0.976239,1.1395248329999959,8775.587604943434,2026-03-15T11:30:57.064966,2026-03-15T11:30:58.223976
annoy,numa-balancing,22,0.976239,1.1428781069998877,8749.83949622633,2026-03-15T11:30:58.461534,2026-03-15T11:30:59.625366
annoy,numa-balancing,23,0.976239,1.1304699729998902,8845.878474298026,2026-03-15T11:30:59.860410,2026-03-15T11:31:01.010318
annoy,numa-balancing,24,0.976239,1.1271171449998292,8872.192251144857,2026-03-15T11:31:01.247185,2026-03-15T11:31:02.393914
annoy,numa-balancing,25,0.976239,1.133432157000243,8822.760090437292,2026-03-15T11:31:02.628418,2026-03-15T11:31:03.781641
annoy,numa-balancing,26,0.976239,1.1434545940001044,8745.428154709121,2026-03-15T11:31:04.017548,2026-03-15T11:31:05.179917
annoy,numa-balancing,27,0.976239,1.1113885539998591,8997.753273605576,2026-03-15T11:31:05.412947,2026-03-15T11:31:06.544357
annoy,numa-balancing,28,0.976239,1.114364136000404,8973.727417225831,2026-03-15T11:31:06.782972,2026-03-15T11:31:07.917028
annoy,numa-balancing,29,0.976239,1.126611941000192,8876.170787895364,2026-03-15T11:31:08.151309,2026-03-15T11:31:09.295194
annoy,numa-balancing,30,0.976239,1.151790470999913,8682.13468663152,2026-03-15T11:31:09.534966,2026-03-15T11:31:10.707575
faiss,default,1,0.978358,4.866443452999874,2054.8887697103705,2026-03-15T10:18:36.042232,2026-03-15T10:18:40.958096
faiss,default,2,0.978358,4.869708795999941,2053.5108810231454,2026-03-15T10:18:41.186472,2026-03-15T10:18:46.119536
faiss,default,3,0.978358,4.744164026000135,2107.8529210194965,2026-03-15T10:18:46.345944,2026-03-15T10:18:51.150065
faiss,default,4,0.978358,4.747021496000116,2106.584098771428,2026-03-15T10:18:51.376923,2026-03-15T10:18:56.185182
faiss,default,5,0.978358,4.854624025000021,2059.8917544392034,2026-03-15T10:18:56.411641,2026-03-15T10:19:01.325760
faiss,default,6,0.978358,4.758945892999918,2101.3056724829153,2026-03-15T10:19:01.553112,2026-03-15T10:19:06.373339
faiss,default,7,0.978358,4.771579434999921,2095.7421198207853,2026-03-15T10:19:06.599222,2026-03-15T10:19:11.429658
faiss,default,8,0.978358,4.775789588999942,2093.8945934789426,2026-03-15T10:19:11.656388,2026-03-15T10:19:16.492472
faiss,default,9,0.978358,4.958707600000025,2016.6545008622709,2026-03-15T10:19:16.718332,2026-03-15T10:19:21.734543
faiss,default,10,0.978358,4.9695975360000375,2012.2353827567424,2026-03-15T10:19:21.964825,2026-03-15T10:19:26.996911
faiss,default,11,0.978358,4.784500261999938,2090.082443807823,2026-03-15T10:19:27.222954,2026-03-15T10:19:32.080448
faiss,default,12,0.978358,4.815487531000144,2076.6329339706685,2026-03-15T10:19:32.309000,2026-03-15T10:19:37.184109
faiss,default,13,0.978358,4.760927101999869,2100.4312365546225,2026-03-15T10:19:37.411059,2026-03-15T10:19:42.228813
faiss,default,14,0.978358,4.927408431999993,2029.4644006080669,2026-03-15T10:19:42.455864,2026-03-15T10:19:47.443086
faiss,default,15,0.978358,4.7409138919999805,2109.297959803578,2026-03-15T10:19:47.669439,2026-03-15T10:19:52.467722
faiss,default,16,0.978358,4.857698405000065,2058.5880732543887,2026-03-15T10:19:52.695298,2026-03-15T10:19:57.612284
faiss,default,17,0.978358,4.82783716300014,2071.320896371274,2026-03-15T10:19:57.838886,2026-03-15T10:20:02.724883
faiss,default,18,0.978358,4.776210205000098,2093.710195068727,2026-03-15T10:20:02.951763,2026-03-15T10:20:07.786802
faiss,default,19,0.978358,4.863467223000043,2056.146272089292,2026-03-15T10:20:08.012998,2026-03-15T10:20:12.933995
faiss,default,20,0.978358,4.709206064999989,2123.500195568533,2026-03-15T10:20:13.161640,2026-03-15T10:20:17.928844
faiss,default,21,0.978358,4.8037976600001,2081.686346464433,2026-03-15T10:20:18.155668,2026-03-15T10:20:23.015559
faiss,default,22,0.978358,4.8832085080000525,2047.8339156759785,2026-03-15T10:20:23.242358,2026-03-15T10:20:28.182641
faiss,default,23,0.978358,4.79088442200009,2087.297275233623,2026-03-15T10:20:28.409275,2026-03-15T10:20:33.268677
faiss,default,24,0.978358,4.773134678000133,2095.0592586651755,2026-03-15T10:20:33.497014,2026-03-15T10:20:38.327307
faiss,default,25,0.978358,4.811702756999921,2078.2663653635504,2026-03-15T10:20:38.553701,2026-03-15T10:20:43.421411
faiss,default,26,0.978358,4.763627594999889,2099.240505386365,2026-03-15T10:20:43.651237,2026-03-15T10:20:48.470776
faiss,default,27,0.978358,4.763214027000004,2099.422772799118,2026-03-15T10:20:48.696818,2026-03-15T10:20:53.514759
faiss,default,28,0.978358,4.763768650999964,2099.1783465179187,2026-03-15T10:20:53.742834,2026-03-15T10:20:58.563663
faiss,default,29,0.978358,4.906125180000117,2038.268416135228,2026-03-15T10:20:58.789587,2026-03-15T10:21:03.749908
faiss,default,30,0.978358,4.976932614000134,2009.2697200420102,2026-03-15T10:21:03.977939,2026-03-15T10:21:09.009590
faiss,imbalanced-memory,1,0.978358,5.800646151999899,1723.9458739527288,2026-03-15T10:45:42.124435,2026-03-15T10:45:47.966621
faiss,imbalanced-memory,2,0.978358,4.997902479999993,2000.8393601149282,2026-03-15T10:45:48.194670,2026-03-15T10:45:53.252892
faiss,imbalanced-memory,3,0.978358,5.011183526999957,1995.5365725722472,2026-03-15T10:45:53.481009,2026-03-15T10:45:58.555365
faiss,imbalanced-memory,4,0.978358,4.881244825000067,2048.6577417267454,2026-03-15T10:45:58.786139,2026-03-15T10:46:03.736781
faiss,imbalanced-memory,5,0.978358,4.801469347999955,2082.695790646979,2026-03-15T10:46:03.970257,2026-03-15T10:46:08.834965
faiss,imbalanced-memory,6,0.978358,4.904797713000335,2038.8200666246962,2026-03-15T10:46:09.065202,2026-03-15T10:46:14.028564
faiss,imbalanced-memory,7,0.978358,4.8534286379999685,2060.3991004843256,2026-03-15T10:46:14.266446,2026-03-15T10:46:19.170946
faiss,imbalanced-memory,8,0.978358,4.923231629999918,2031.186170292005,2026-03-15T10:46:19.399695,2026-03-15T10:46:24.380353
faiss,imbalanced-memory,9,0.978358,4.803655656000046,2081.747884553177,2026-03-15T10:46:24.607508,2026-03-15T10:46:29.461428
faiss,imbalanced-memory,10,0.978358,4.808045406000019,2079.8472467670285,2026-03-15T10:46:29.690582,2026-03-15T10:46:34.555206
faiss,imbalanced-memory,11,0.978358,4.94425742500016,2022.5484113015568,2026-03-15T10:46:34.782120,2026-03-15T10:46:39.788691
faiss,imbalanced-memory,12,0.978358,5.036876048999602,1985.3575713831885,2026-03-15T10:46:40.019132,2026-03-15T10:46:45.112982
faiss,imbalanced-memory,13,0.978358,5.011757893000322,1995.3078766966203,2026-03-15T10:46:45.340105,2026-03-15T10:46:50.401615
faiss,imbalanced-memory,14,0.978358,4.863764209000237,2056.0207218712053,2026-03-15T10:46:50.630815,2026-03-15T10:46:55.550356
faiss,imbalanced-memory,15,0.978358,4.832919353000307,2069.142741600258,2026-03-15T10:46:55.777558,2026-03-15T10:47:00.659483
faiss,imbalanced-memory,16,0.978358,4.999860915000227,2000.0556355475233,2026-03-15T10:47:00.890086,2026-03-15T10:47:05.945384
faiss,imbalanced-memory,17,0.978358,4.822846408999794,2073.4643303878074,2026-03-15T10:47:06.174694,2026-03-15T10:47:11.046381
faiss,imbalanced-memory,18,0.978358,4.984233564000078,2006.3265237463183,2026-03-15T10:47:11.275571,2026-03-15T10:47:16.315163
faiss,imbalanced-memory,19,0.978358,4.836858974999814,2067.457424681352,2026-03-15T10:47:16.542184,2026-03-15T10:47:21.433990
faiss,imbalanced-memory,20,0.978358,4.855236600999888,2059.631861800638,2026-03-15T10:47:21.665424,2026-03-15T10:47:26.585420
faiss,imbalanced-memory,21,0.978358,4.746028081000077,2107.0250384807696,2026-03-15T10:47:26.812862,2026-03-15T10:47:31.619100
faiss,imbalanced-memory,22,0.978358,4.7664754639999956,2097.98625326565,2026-03-15T10:47:31.849248,2026-03-15T10:47:36.680786
faiss,imbalanced-memory,23,0.978358,4.955023790999803,2018.1537812520257,2026-03-15T10:47:36.908051,2026-03-15T10:47:41.924566
faiss,imbalanced-memory,24,0.978358,4.898257239000031,2041.5424327615506,2026-03-15T10:47:42.155182,2026-03-15T10:47:47.108144
faiss,imbalanced-memory,25,0.978358,4.931368967000253,2027.8344749537146,2026-03-15T10:47:47.336847,2026-03-15T10:47:52.317880
faiss,imbalanced-memory,26,0.978358,4.96131483299996,2015.5947236981322,2026-03-15T10:47:52.547232,2026-03-15T10:47:57.562063
faiss,imbalanced-memory,27,0.978358,5.070295973000157,1972.2714518542941,2026-03-15T10:47:57.789404,2026-03-15T10:48:02.908469
faiss,imbalanced-memory,28,0.978358,4.881997324000167,2048.3419666863497,2026-03-15T10:48:03.137816,2026-03-15T10:48:08.072861
faiss,imbalanced-memory,29,0.978358,4.878034939999907,2050.0058164815423,2026-03-15T10:48:08.300066,2026-03-15T10:48:13.226944
faiss,imbalanced-memory,30,0.978358,4.983226792000096,2006.731866198356,2026-03-15T10:48:13.456134,2026-03-15T10:48:18.491391
faiss,interleaved-memory,1,0.978358,3.7747815299999274,2649.1599369461237,2026-03-15T11:08:41.760899,2026-03-15T11:08:45.581411
faiss,interleaved-memory,2,0.978358,2.84461895000004,3515.4093310106996,2026-03-15T11:08:45.810159,2026-03-15T11:08:48.720182
faiss,interleaved-memory,3,0.978358,2.8610521450000306,3495.2176658073085,2026-03-15T11:08:48.947402,2026-03-15T11:08:51.865626
faiss,interleaved-memory,4,0.978358,2.8431628819998878,3517.209676346779,2026-03-15T11:08:52.094913,2026-03-15T11:08:55.001841
faiss,interleaved-memory,5,0.978358,2.8082712390005327,3560.9095948862164,2026-03-15T11:08:55.229705,2026-03-15T11:08:58.094760
faiss,interleaved-memory,6,0.978358,2.8632487890008633,3492.5361842166435,2026-03-15T11:08:58.325953,2026-03-15T11:09:01.251973
faiss,interleaved-memory,7,0.978358,2.9066827400001785,3440.347947983957,2026-03-15T11:09:01.479991,2026-03-15T11:09:04.443869
faiss,interleaved-memory,8,0.978358,2.897538029000316,3451.2057822585734,2026-03-15T11:09:04.673380,2026-03-15T11:09:07.633067
faiss,interleaved-memory,9,0.978358,2.9642609950005863,3373.522107825739,2026-03-15T11:09:07.860640,2026-03-15T11:09:10.881340
faiss,interleaved-memory,10,0.978358,2.9422319689992946,3398.780281556514,2026-03-15T11:09:11.110616,2026-03-15T11:09:14.114364
faiss,interleaved-memory,11,0.978358,2.8806199040000138,3471.475006513026,2026-03-15T11:09:14.342225,2026-03-15T11:09:17.294803
faiss,interleaved-memory,12,0.978358,2.877825168999152,3474.8462511632674,2026-03-15T11:09:17.531778,2026-03-15T11:09:20.471132
faiss,interleaved-memory,13,0.978358,2.8654097500002536,3489.9022731388122,2026-03-15T11:09:20.699009,2026-03-15T11:09:23.620896
faiss,interleaved-memory,14,0.978358,2.843267522000133,3517.080233436976,2026-03-15T11:09:23.850034,2026-03-15T11:09:26.754214
faiss,interleaved-memory,15,0.978358,2.921119856000587,3423.3446393710697,2026-03-15T11:09:26.984785,2026-03-15T11:09:29.962458
faiss,interleaved-memory,16,0.978358,2.9210360699999,3423.442833419151,2026-03-15T11:09:30.191947,2026-03-15T11:09:33.173409
faiss,interleaved-memory,17,0.978358,2.852418475000377,3505.796953582934,2026-03-15T11:09:33.401654,2026-03-15T11:09:36.310381
faiss,interleaved-memory,18,0.978358,2.89156592099971,3458.3337448321663,2026-03-15T11:09:36.540937,2026-03-15T11:09:39.492433
faiss,interleaved-memory,19,0.978358,2.864613795999503,3490.871968139378,2026-03-15T11:09:39.719693,2026-03-15T11:09:42.640584
faiss,interleaved-memory,20,0.978358,2.8687239119999504,3485.8704799613956,2026-03-15T11:09:42.870570,2026-03-15T11:09:45.798511
faiss,interleaved-memory,21,0.978358,2.8569878709995464,3500.1898683249915,2026-03-15T11:09:46.025731,2026-03-15T11:09:48.939089
faiss,interleaved-memory,22,0.978358,2.866895793999902,3488.093296215685,2026-03-15T11:09:49.169227,2026-03-15T11:09:52.096579
faiss,interleaved-memory,23,0.978358,2.8148482920005335,3552.5893272539124,2026-03-15T11:09:52.323783,2026-03-15T11:09:55.209005
faiss,interleaved-memory,24,0.978358,2.8952505540000857,3453.932505490405,2026-03-15T11:09:55.440758,2026-03-15T11:09:58.394590
faiss,interleaved-memory,25,0.978358,2.8234601660005865,3541.753526547866,2026-03-15T11:09:58.622137,2026-03-15T11:10:01.501474
faiss,interleaved-memory,26,0.978358,2.9704100310000285,3366.538590846788,2026-03-15T11:10:01.731417,2026-03-15T11:10:04.761107
faiss,interleaved-memory,27,0.978358,2.8756476879998445,3477.4774537681615,2026-03-15T11:10:04.988607,2026-03-15T11:10:07.920308
faiss,interleaved-memory,28,0.978358,2.931928348999463,3410.724550418347,2026-03-15T11:10:08.150238,2026-03-15T11:10:11.140707
faiss,interleaved-memory,29,0.978358,2.8652824490000057,3490.0573252350873,2026-03-15T11:10:11.368242,2026-03-15T11:10:14.288608
faiss,interleaved-memory,30,0.978358,2.909330376000071,3437.217059462537,2026-03-15T11:10:14.518393,2026-03-15T11:10:17.485596
faiss,numa-balancing,1,0.978358,3.9917589489996317,2505.161290489769,2026-03-15T11:28:44.326664,2026-03-15T11:28:48.368201
faiss,numa-balancing,2,0.978358,3.031918755999868,3298.241412376564,2026-03-15T11:28:48.596986,2026-03-15T11:28:51.749165
faiss,numa-balancing,3,0.978358,3.0408256330001677,3288.580539270746,2026-03-15T11:28:51.976091,2026-03-15T11:28:55.079938
faiss,numa-balancing,4,0.978358,3.0990322679999736,3226.8137712724474,2026-03-15T11:28:55.311036,2026-03-15T11:28:58.470324
faiss,numa-balancing,5,0.978358,3.0886104940000223,3237.7018790249335,2026-03-15T11:28:58.698239,2026-03-15T11:29:01.840490
faiss,numa-balancing,6,0.978358,3.0772042150001653,3249.7030750360723,2026-03-15T11:29:02.069771,2026-03-15T11:29:05.204144
faiss,numa-balancing,7,0.978358,3.0661089770001126,3261.462679576386,2026-03-15T11:29:05.432124,2026-03-15T11:29:08.550600
faiss,numa-balancing,8,0.978358,3.012923512999805,3319.0354673303805,2026-03-15T11:29:08.782010,2026-03-15T11:29:11.851438
faiss,numa-balancing,9,0.978358,3.0005619610001304,3332.709049163196,2026-03-15T11:29:12.079612,2026-03-15T11:29:15.131882
faiss,numa-balancing,10,0.978358,3.1647141789999296,3159.8430172168237,2026-03-15T11:29:15.361716,2026-03-15T11:29:18.582236
faiss,numa-balancing,11,0.978358,3.099933258999954,3225.875902639925,2026-03-15T11:29:18.810988,2026-03-15T11:29:21.961665
faiss,numa-balancing,12,0.978358,3.0599850759999754,3267.989794601234,2026-03-15T11:29:22.191567,2026-03-15T11:29:25.307151
faiss,numa-balancing,13,0.978358,3.0983728740002334,3227.500499992838,2026-03-15T11:29:25.535241,2026-03-15T11:29:28.683947
faiss,numa-balancing,14,0.978358,3.1350792370003546,3189.712043631792,2026-03-15T11:29:28.914290,2026-03-15T11:29:32.116769
faiss,numa-balancing,15,0.978358,3.0293141239999386,3301.0772705195373,2026-03-15T11:29:32.345312,2026-03-15T11:29:35.424484
faiss,numa-balancing,16,0.978358,3.0989714480001567,3226.877100288629,2026-03-15T11:29:35.653852,2026-03-15T11:29:38.806936
faiss,numa-balancing,17,0.978358,3.0326931740000873,3297.399184900105,2026-03-15T11:29:39.034692,2026-03-15T11:29:42.117267
faiss,numa-balancing,18,0.978358,3.032655612999406,3297.4400248861884,2026-03-15T11:29:42.347069,2026-03-15T11:29:45.432430
faiss,numa-balancing,19,0.978358,3.0469768719995045,3281.9415506221885,2026-03-15T11:29:45.660589,2026-03-15T11:29:48.756964
faiss,numa-balancing,20,0.978358,3.1328183849991547,3192.013953915397,2026-03-15T11:29:48.988379,2026-03-15T11:29:52.174593
faiss,numa-balancing,21,0.978358,2.970516172999851,3366.4182982384664,2026-03-15T11:29:52.402896,2026-03-15T11:29:55.424085
faiss,numa-balancing,22,0.978358,2.982693873000244,3352.673933628046,2026-03-15T11:29:55.654512,2026-03-15T11:29:58.688607
faiss,numa-balancing,23,0.978358,3.0860962500000824,3240.3396361988816,2026-03-15T11:29:58.918971,2026-03-15T11:30:02.064784
faiss,numa-balancing,24,0.978358,2.9850246969999716,3350.056034729047,2026-03-15T11:30:02.294678,2026-03-15T11:30:05.332129
faiss,numa-balancing,25,0.978358,3.15412831499998,3170.4480608614886,2026-03-15T11:30:05.560502,2026-03-15T11:30:08.766572
faiss,numa-balancing,26,0.978358,3.0685285200006547,3258.891007471512,2026-03-15T11:30:08.995924,2026-03-15T11:30:12.132905
faiss,numa-balancing,27,0.978358,2.982529242000055,3352.8589960425993,2026-03-15T11:30:12.361672,2026-03-15T11:30:15.391620
faiss,numa-balancing,28,0.978358,3.103564022999308,3222.1020497382633,2026-03-15T11:30:15.621206,2026-03-15T11:30:18.775861
faiss,numa-balancing,29,0.978358,3.1933416250003575,3131.5158771961583,2026-03-15T11:30:19.009022,2026-03-15T11:30:22.249481
faiss,numa-balancing,30,0.978358,3.0389767019996725,3290.581330689345,2026-03-15T11:30:22.478912,2026-03-15T11:30:25.568605
usearch,default,1,0.983133,0.18169661699994322,55036.79796087302,2026-03-15T10:22:00.501862,2026-03-15T10:22:00.683576
usearch,default,2,0.983133,0.17083383800013507,58536.41244067872,2026-03-15T10:22:01.039749,2026-03-15T10:22:01.210604
usearch,default,3,0.983133,0.17000507199986714,58821.77444686953,2026-03-15T10:22:01.568109,2026-03-15T10:22:01.738134
usearch,default,4,0.983133,0.1700794670000505,58796.04502756956,2026-03-15T10:22:02.094917,2026-03-15T10:22:02.265018
usearch,default,5,0.983133,0.17121268100004272,58406.888681320896,2026-03-15T10:22:02.621588,2026-03-15T10:22:02.792822
usearch,default,6,0.983133,0.16902775700009443,59161.88073178072,2026-03-15T10:22:03.151400,2026-03-15T10:22:03.320449
usearch,default,7,0.983133,0.16895705100000669,59186.63909445013,2026-03-15T10:22:03.677561,2026-03-15T10:22:03.846548
usearch,default,8,0.983133,0.1706783170000108,58589.75044849644,2026-03-15T10:22:04.202178,2026-03-15T10:22:04.372879
usearch,default,9,0.983133,0.169987927999955,58827.70687105879,2026-03-15T10:22:04.729330,2026-03-15T10:22:04.899338
usearch,default,10,0.983133,0.16997339499994268,58832.736735083585,2026-03-15T10:22:05.256654,2026-03-15T10:22:05.426647
usearch,default,11,0.983133,0.17024240900013865,58739.77030007755,2026-03-15T10:22:05.783379,2026-03-15T10:22:05.953642
usearch,default,12,0.983133,0.1700873390000197,58793.32382287926,2026-03-15T10:22:06.309545,2026-03-15T10:22:06.479653
usearch,default,13,0.983133,0.1700382690000879,58810.2905234517,2026-03-15T10:22:06.836892,2026-03-15T10:22:07.006952
usearch,default,14,0.983133,0.17004784100004144,58806.98008978287,2026-03-15T10:22:07.363473,2026-03-15T10:22:07.533542
usearch,default,15,0.983133,0.1706286309999996,58606.8114207634,2026-03-15T10:22:07.890261,2026-03-15T10:22:08.060911
usearch,default,16,0.983133,0.17133382799988794,58365.59024413171,2026-03-15T10:22:08.417416,2026-03-15T10:22:08.588770
usearch,default,17,0.983133,0.16913419100001192,59124.65091105852,2026-03-15T10:22:08.944809,2026-03-15T10:22:09.113964
usearch,default,18,0.983133,0.16996352000001025,58836.15495842518,2026-03-15T10:22:09.469809,2026-03-15T10:22:09.639794
usearch,default,19,0.983133,0.1696508200000153,58944.601623494054,2026-03-15T10:22:09.996858,2026-03-15T10:22:10.166530
usearch,default,20,0.983133,0.17012084199996025,58781.745272588865,2026-03-15T10:22:10.523232,2026-03-15T10:22:10.693374
usearch,default,21,0.983133,0.17041368499985765,58680.73329913823,2026-03-15T10:22:11.051400,2026-03-15T10:22:11.221836
usearch,default,22,0.983133,0.1698805609998999,58864.88684250279,2026-03-15T10:22:11.579008,2026-03-15T10:22:11.748910
usearch,default,23,0.983133,0.17038125399994897,58691.90280758818,2026-03-15T10:22:12.105614,2026-03-15T10:22:12.276017
usearch,default,24,0.983133,0.17089139399990927,58516.69745291743,2026-03-15T10:22:12.635985,2026-03-15T10:22:12.806898
usearch,default,25,0.983133,0.16706882400012546,59855.57185697609,2026-03-15T10:22:13.165964,2026-03-15T10:22:13.333053
usearch,default,26,0.983133,0.17117978800001765,58418.111839225836,2026-03-15T10:22:13.690088,2026-03-15T10:22:13.861289
usearch,default,27,0.983133,0.1685473400000319,59330.51212791674,2026-03-15T10:22:14.218092,2026-03-15T10:22:14.386661
usearch,default,28,0.983133,0.170569740000019,58627.04603992998,2026-03-15T10:22:14.742942,2026-03-15T10:22:14.913533
usearch,default,29,0.983133,0.17099930699987453,58479.76916074483,2026-03-15T10:22:15.269802,2026-03-15T10:22:15.440823
usearch,default,30,0.983133,0.16968776400017305,58931.768350661994,2026-03-15T10:22:15.797743,2026-03-15T10:22:15.967453
usearch,imbalanced-memory,1,0.983133,0.705788192,14168.556676561684,2026-03-15T10:49:15.063944,2026-03-15T10:49:15.769749
usearch,imbalanced-memory,2,0.983133,0.23912497399987842,41819.136800011045,2026-03-15T10:49:16.124609,2026-03-15T10:49:16.363761
usearch,imbalanced-memory,3,0.983133,0.18555888400032927,53891.248882388485,2026-03-15T10:49:16.720797,2026-03-15T10:49:16.906381
usearch,imbalanced-memory,4,0.983133,0.18274371799998335,54721.44328376262,2026-03-15T10:49:17.265599,2026-03-15T10:49:17.448369
usearch,imbalanced-memory,5,0.983133,0.1838322009998592,54397.4338859581,2026-03-15T10:49:17.806982,2026-03-15T10:49:17.990840
usearch,imbalanced-memory,6,0.983133,0.17963179800017315,55669.431088088095,2026-03-15T10:49:18.348889,2026-03-15T10:49:18.528545
usearch,imbalanced-memory,7,0.983133,0.18187502799992217,54982.80940473191,2026-03-15T10:49:18.886925,2026-03-15T10:49:19.068825
usearch,imbalanced-memory,8,0.983133,0.18261598499975662,54759.71887134266,2026-03-15T10:49:19.427497,2026-03-15T10:49:19.610138
usearch,imbalanced-memory,9,0.983133,0.18018702000017583,55497.89324442039,2026-03-15T10:49:19.969561,2026-03-15T10:49:20.149773
usearch,imbalanced-memory,10,0.983133,0.1821372400004293,54903.65396981106,2026-03-15T10:49:20.507143,2026-03-15T10:49:20.689307
usearch,imbalanced-memory,11,0.983133,0.18177599000000555,55012.765987409526,2026-03-15T10:49:21.049624,2026-03-15T10:49:21.231426
usearch,imbalanced-memory,12,0.983133,0.1837608860000728,54418.54476036886,2026-03-15T10:49:21.590152,2026-03-15T10:49:21.773937
usearch,imbalanced-memory,13,0.983133,0.18307502700008627,54622.414448669115,2026-03-15T10:49:22.134394,2026-03-15T10:49:22.317495
usearch,imbalanced-memory,14,0.983133,0.1834092219996819,54522.885441482016,2026-03-15T10:49:22.675491,2026-03-15T10:49:22.858926
usearch,imbalanced-memory,15,0.983133,0.18262940900012836,54755.69381048028,2026-03-15T10:49:23.217255,2026-03-15T10:49:23.399909
usearch,imbalanced-memory,16,0.983133,0.18085531599990645,55292.81760235996,2026-03-15T10:49:23.758414,2026-03-15T10:49:23.939296
usearch,imbalanced-memory,17,0.983133,0.18114573499997277,55204.170277602745,2026-03-15T10:49:24.299269,2026-03-15T10:49:24.480441
usearch,imbalanced-memory,18,0.983133,0.182019321000098,54939.22263337427,2026-03-15T10:49:24.839289,2026-03-15T10:49:25.021333
usearch,imbalanced-memory,19,0.983133,0.1835887659999571,54469.56378584917,2026-03-15T10:49:25.380414,2026-03-15T10:49:25.564030
usearch,imbalanced-memory,20,0.983133,0.1805272340002375,55393.30425893992,2026-03-15T10:49:25.923800,2026-03-15T10:49:26.104354
usearch,imbalanced-memory,21,0.983133,0.1825421789999382,54781.85948466949,2026-03-15T10:49:26.462995,2026-03-15T10:49:26.645563
usearch,imbalanced-memory,22,0.983133,0.17909729500024696,55835.57250256745,2026-03-15T10:49:27.008517,2026-03-15T10:49:27.187641
usearch,imbalanced-memory,23,0.983133,0.18074438799976633,55326.75238587728,2026-03-15T10:49:27.544752,2026-03-15T10:49:27.725522
usearch,imbalanced-memory,24,0.983133,0.18195895200005907,54957.449963752006,2026-03-15T10:49:28.084627,2026-03-15T10:49:28.266615
usearch,imbalanced-memory,25,0.983133,0.18037274400012393,55440.74885279302,2026-03-15T10:49:28.625342,2026-03-15T10:49:28.805740
usearch,imbalanced-memory,26,0.983133,0.18129621099978976,55158.35077221551,2026-03-15T10:49:29.163696,2026-03-15T10:49:29.345018
usearch,imbalanced-memory,27,0.983133,0.18577001199992083,53830.00136752029,2026-03-15T10:49:29.703688,2026-03-15T10:49:29.889481
usearch,imbalanced-memory,28,0.983133,0.18167052899980263,55044.7012790438,2026-03-15T10:49:30.248578,2026-03-15T10:49:30.430274
usearch,imbalanced-memory,29,0.983133,0.179495635999956,55711.66086735642,2026-03-15T10:49:30.791175,2026-03-15T10:49:30.970696
usearch,imbalanced-memory,30,0.983133,0.1814703360000749,55105.42505413046,2026-03-15T10:49:31.328189,2026-03-15T10:49:31.509685
usearch,interleaved-memory,1,0.983133,0.7069919619998473,14144.432380409666,2026-03-15T11:10:59.340305,2026-03-15T11:11:00.047324
usearch,interleaved-memory,2,0.983133,0.15095554799972888,66244.66694008464,2026-03-15T11:11:00.409918,2026-03-15T11:11:00.560897
usearch,interleaved-memory,3,0.983133,0.15372692300024937,65050.41410334986,2026-03-15T11:11:00.918033,2026-03-15T11:11:01.071788
usearch,interleaved-memory,4,0.983133,0.15203438099979394,65774.59607648585,2026-03-15T11:11:01.429429,2026-03-15T11:11:01.581492
usearch,interleaved-memory,5,0.983133,0.15107780000016646,66191.06182370264,2026-03-15T11:11:01.937953,2026-03-15T11:11:02.089059
usearch,interleaved-memory,6,0.983133,0.15192065199971694,65823.83545864871,2026-03-15T11:11:02.443699,2026-03-15T11:11:02.595642
usearch,interleaved-memory,7,0.983133,0.15049770299992815,66446.19685660435,2026-03-15T11:11:02.953069,2026-03-15T11:11:03.103595
usearch,interleaved-memory,8,0.983133,0.14943319000030897,66919.537754493,2026-03-15T11:11:03.459118,2026-03-15T11:11:03.608574
usearch,interleaved-memory,9,0.983133,0.1499042189998363,66709.26319966298,2026-03-15T11:11:03.965037,2026-03-15T11:11:04.114970
usearch,interleaved-memory,10,0.983133,0.1506254079995415,66389.86166285067,2026-03-15T11:11:04.469620,2026-03-15T11:11:04.620269
usearch,interleaved-memory,11,0.983133,0.15030861900049786,66529.78429644728,2026-03-15T11:11:04.976496,2026-03-15T11:11:05.126835
usearch,interleaved-memory,12,0.983133,0.1489549519992579,67134.39107448955,2026-03-15T11:11:05.481100,2026-03-15T11:11:05.630077
usearch,interleaved-memory,13,0.983133,0.14912629299942637,67057.25595980896,2026-03-15T11:11:05.985633,2026-03-15T11:11:06.134781
usearch,interleaved-memory,14,0.983133,0.15013005400032853,66608.91496101185,2026-03-15T11:11:06.489036,2026-03-15T11:11:06.639194
usearch,interleaved-memory,15,0.983133,0.15378024700021342,65027.85757644232,2026-03-15T11:11:06.995529,2026-03-15T11:11:07.149339
usearch,interleaved-memory,16,0.983133,0.1515975749998688,65964.11585085483,2026-03-15T11:11:07.506811,2026-03-15T11:11:07.658433
usearch,interleaved-memory,17,0.983133,0.15059120300065842,66404.9413295163,2026-03-15T11:11:08.014252,2026-03-15T11:11:08.164872
usearch,interleaved-memory,18,0.983133,0.14981149499999447,66750.55208547495,2026-03-15T11:11:08.520692,2026-03-15T11:11:08.670528
usearch,interleaved-memory,19,0.983133,0.14885975400011375,67177.32450365569,2026-03-15T11:11:09.026271,2026-03-15T11:11:09.175157
usearch,interleaved-memory,20,0.983133,0.1502342960002352,66562.69750805998,2026-03-15T11:11:09.530462,2026-03-15T11:11:09.680721
usearch,interleaved-memory,21,0.983133,0.1526481219998459,65510.14102885652,2026-03-15T11:11:10.037598,2026-03-15T11:11:10.190270
usearch,interleaved-memory,22,0.983133,0.15185245199972996,65853.39827122306,2026-03-15T11:11:10.545978,2026-03-15T11:11:10.697860
usearch,interleaved-memory,23,0.983133,0.15010478599924681,66620.12762238093,2026-03-15T11:11:11.055431,2026-03-15T11:11:11.205561
usearch,interleaved-memory,24,0.983133,0.15238785600013216,65622.02699401013,2026-03-15T11:11:11.560819,2026-03-15T11:11:11.713233
usearch,interleaved-memory,25,0.983133,0.14824997800042183,67453.63564216884,2026-03-15T11:11:12.070182,2026-03-15T11:11:12.218456
usearch,interleaved-memory,26,0.983133,0.14960786600022402,66841.40525061046,2026-03-15T11:11:12.572518,2026-03-15T11:11:12.722153
usearch,interleaved-memory,27,0.983133,0.15081660299983923,66305.69712547271,2026-03-15T11:11:13.079259,2026-03-15T11:11:13.230105
usearch,interleaved-memory,28,0.983133,0.1488714239994806,67172.05848742931,2026-03-15T11:11:13.586994,2026-03-15T11:11:13.735890
usearch,interleaved-memory,29,0.983133,0.1498915769998348,66714.8895231853,2026-03-15T11:11:14.092625,2026-03-15T11:11:14.242558
usearch,interleaved-memory,30,0.983133,0.14972599799966702,66788.66819122648,2026-03-15T11:11:14.598054,2026-03-15T11:11:14.747804
usearch,numa-balancing,1,0.983133,0.6653350870001304,15030.020504537197,2026-03-15T11:31:11.324888,2026-03-15T11:31:11.990325
usearch,numa-balancing,2,0.983133,0.2644879259996742,37808.90928084301,2026-03-15T11:31:12.352360,2026-03-15T11:31:12.616882
usearch,numa-balancing,3,0.983133,0.25271052200059785,39570.96808171819,2026-03-15T11:31:12.974298,2026-03-15T11:31:13.227046
usearch,numa-balancing,4,0.983133,0.3048128459995496,32807.01627652129,2026-03-15T11:31:13.587659,2026-03-15T11:31:13.892501
usearch,numa-balancing,5,0.983133,0.291437023999606,34312.73028650443,2026-03-15T11:31:14.250421,2026-03-15T11:31:14.541883
usearch,numa-balancing,6,0.983133,0.26075510300051974,38350.16030340188,2026-03-15T11:31:14.907071,2026-03-15T11:31:15.167865
usearch,numa-balancing,7,0.983133,0.26984231299957173,37058.680267152435,2026-03-15T11:31:15.525202,2026-03-15T11:31:15.795079
usearch,numa-balancing,8,0.983133,0.24655253299988544,40559.307496567664,2026-03-15T11:31:16.156654,2026-03-15T11:31:16.403239
usearch,numa-balancing,9,0.983133,0.3051047259996267,32775.63127623345,2026-03-15T11:31:16.760921,2026-03-15T11:31:17.066071
usearch,numa-balancing,10,0.983133,0.26495772399994166,37741.8700954806,2026-03-15T11:31:17.424714,2026-03-15T11:31:17.689690
usearch,numa-balancing,11,0.983133,0.2350757109998085,42539.486353007975,2026-03-15T11:31:18.042860,2026-03-15T11:31:18.277960
usearch,numa-balancing,12,0.983133,0.27069510799992713,36941.93099345812,2026-03-15T11:31:18.639807,2026-03-15T11:31:18.910590
usearch,numa-balancing,13,0.983133,0.23657061799985968,42270.67623421406,2026-03-15T11:31:19.272688,2026-03-15T11:31:19.509300
usearch,numa-balancing,14,0.983133,0.27919916700011527,35816.725771233665,2026-03-15T11:31:19.872379,2026-03-15T11:31:20.151605
usearch,numa-balancing,15,0.983133,0.29015424299996084,34464.42794221469,2026-03-15T11:31:20.507918,2026-03-15T11:31:20.798110
usearch,numa-balancing,16,0.983133,0.2405702639998708,41567.89718618495,2026-03-15T11:31:21.157366,2026-03-15T11:31:21.397966
usearch,numa-balancing,17,0.983133,0.2675923150000017,37370.28098135007,2026-03-15T11:31:21.752430,2026-03-15T11:31:22.020047
usearch,numa-balancing,18,0.983133,0.27715032800006156,36081.50158854504,2026-03-15T11:31:22.379418,2026-03-15T11:31:22.656612
usearch,numa-balancing,19,0.983133,0.26920372899985523,37146.58796574611,2026-03-15T11:31:23.012776,2026-03-15T11:31:23.282004
usearch,numa-balancing,20,0.983133,0.2710666659995695,36891.293745487244,2026-03-15T11:31:23.638139,2026-03-15T11:31:23.909223
usearch,numa-balancing,21,0.983133,0.2583522009999797,38706.85042083611,2026-03-15T11:31:24.264690,2026-03-15T11:31:24.523062
usearch,numa-balancing,22,0.983133,0.23413723900011973,42709.9936887651,2026-03-15T11:31:24.880479,2026-03-15T11:31:25.114641
usearch,numa-balancing,23,0.983133,0.2707409269996788,36935.67910407526,2026-03-15T11:31:25.472475,2026-03-15T11:31:25.743241
usearch,numa-balancing,24,0.983133,0.24624821699944732,40609.43109294653,2026-03-15T11:31:26.105074,2026-03-15T11:31:26.351348
usearch,numa-balancing,25,0.983133,0.27993913399950543,35722.050922746894,2026-03-15T11:31:26.712746,2026-03-15T11:31:26.992709
usearch,numa-balancing,26,0.983133,0.2878871289995004,34735.83565459557,2026-03-15T11:31:27.350156,2026-03-15T11:31:27.638081
usearch,numa-balancing,27,0.983133,0.2694493449998845,37112.727069365435,2026-03-15T11:31:27.995435,2026-03-15T11:31:28.264908
usearch,numa-balancing,28,0.983133,0.29587887300021976,33797.61420137819,2026-03-15T11:31:28.622261,2026-03-15T11:31:28.918175
usearch,numa-balancing,29,0.983133,0.27108090099955007,36889.35650990992,2026-03-15T11:31:29.275916,2026-03-15T11:31:29.547051
usearch,numa-balancing,30,0.983133,0.26210246899972844,38153.01716982437,2026-03-15T11:31:29.908865,2026-03-15T11:31:30.170993
