variant,tag,pass,warmup,query,elapsed_s,rows
-raw,imbalanced,1,True,1,0.0772,1
-raw,imbalanced,1,True,2,0.8123,1
-raw,imbalanced,1,True,3,0.9751,1
-raw,imbalanced,1,True,4,3.5572,1
-raw,imbalanced,1,True,5,0.2399,1
-raw,imbalanced,1,True,6,5.1536,1
-raw,imbalanced,1,True,7,0.0203,1
-raw,imbalanced,1,True,8,0.019,18
-raw,imbalanced,1,True,9,1.8775,10
-raw,imbalanced,1,True,10,0.3672,10
-raw,imbalanced,1,True,11,1.9769,10
-raw,imbalanced,1,True,12,0.9209,10
-raw,imbalanced,1,True,13,0.2004,10
-raw,imbalanced,1,True,14,0.39,10
-raw,imbalanced,1,True,15,1.0529,10
-raw,imbalanced,1,True,16,0.2304,10
-raw,imbalanced,1,True,17,0.484,10
-raw,imbalanced,1,True,18,0.4794,10
-raw,imbalanced,1,True,19,3.6247,10
-raw,imbalanced,1,True,20,0.0114,4
-raw,imbalanced,1,True,21,33.2222,1
-raw,imbalanced,1,True,22,0.1791,10
-raw,imbalanced,1,True,23,28.251,10
-raw,imbalanced,1,True,24,0.4288,10
-raw,imbalanced,1,True,25,0.0105,10
-raw,imbalanced,1,True,26,0.051,10
-raw,imbalanced,1,True,27,0.0118,10
-raw,imbalanced,1,True,28,0.3835,25
-raw,imbalanced,1,True,29,17.7383,25
-raw,imbalanced,1,True,30,0.045,1
-raw,imbalanced,1,True,31,1.3867,10
-raw,imbalanced,1,True,32,1.8362,10
-raw,imbalanced,1,True,33,1.3336,10
-raw,imbalanced,1,True,34,1.1281,10
-raw,imbalanced,1,True,35,1.1916,10
-raw,imbalanced,1,True,36,0.2067,10
-raw,imbalanced,1,True,37,0.042,10
-raw,imbalanced,1,True,38,0.0237,10
-raw,imbalanced,1,True,39,0.0169,10
-raw,imbalanced,1,True,40,0.0702,10
-raw,imbalanced,1,True,41,0.0429,10
-raw,imbalanced,1,True,42,0.0254,10
-raw,imbalanced,1,True,43,0.0221,10
-raw,imbalanced,2,False,1,0.0014,1
-raw,imbalanced,2,False,2,0.0386,1
-raw,imbalanced,2,False,3,0.0094,1
-raw,imbalanced,2,False,4,0.0162,1
-raw,imbalanced,2,False,5,0.2033,1
-raw,imbalanced,2,False,6,0.2322,1
-raw,imbalanced,2,False,7,0.0555,1
-raw,imbalanced,2,False,8,0.0125,18
-raw,imbalanced,2,False,9,0.251,10
-raw,imbalanced,2,False,10,0.3797,10
-raw,imbalanced,2,False,11,0.079,10
-raw,imbalanced,2,False,12,0.0915,10
-raw,imbalanced,2,False,13,0.1987,10
-raw,imbalanced,2,False,14,0.3933,10
-raw,imbalanced,2,False,15,0.2124,10
-raw,imbalanced,2,False,16,0.2452,10
-raw,imbalanced,2,False,17,0.4777,10
-raw,imbalanced,2,False,18,0.4643,10
-raw,imbalanced,2,False,19,0.9931,10
-raw,imbalanced,2,False,20,0.0091,4
-raw,imbalanced,2,False,21,0.2369,1
-raw,imbalanced,2,False,22,0.1533,10
-raw,imbalanced,2,False,23,0.2471,10
-raw,imbalanced,2,False,24,0.0886,10
-raw,imbalanced,2,False,25,0.0101,10
-raw,imbalanced,2,False,26,0.0509,10
-raw,imbalanced,2,False,27,0.0111,10
-raw,imbalanced,2,False,28,0.1394,25
-raw,imbalanced,2,False,29,5.0647,25
-raw,imbalanced,2,False,30,0.0443,1
-raw,imbalanced,2,False,31,0.1805,10
-raw,imbalanced,2,False,32,0.272,10
-raw,imbalanced,2,False,33,1.3261,10
-raw,imbalanced,2,False,34,1.1246,10
-raw,imbalanced,2,False,35,1.1842,10
-raw,imbalanced,2,False,36,0.2131,10
-raw,imbalanced,2,False,37,0.0463,10
-raw,imbalanced,2,False,38,0.0181,10
-raw,imbalanced,2,False,39,0.0173,10
-raw,imbalanced,2,False,40,0.0824,10
-raw,imbalanced,2,False,41,0.0233,10
-raw,imbalanced,2,False,42,0.0207,10
-raw,imbalanced,2,False,43,0.0264,10
-raw,imbalanced,3,False,1,0.0013,1
-raw,imbalanced,3,False,2,0.0399,1
-raw,imbalanced,3,False,3,0.0093,1
-raw,imbalanced,3,False,4,0.0154,1
-raw,imbalanced,3,False,5,0.2195,1
-raw,imbalanced,3,False,6,0.2332,1
-raw,imbalanced,3,False,7,0.0553,1
-raw,imbalanced,3,False,8,0.0132,18
-raw,imbalanced,3,False,9,0.269,10
-raw,imbalanced,3,False,10,0.3744,10
-raw,imbalanced,3,False,11,0.0857,10
-raw,imbalanced,3,False,12,0.0912,10
-raw,imbalanced,3,False,13,0.2046,10
-raw,imbalanced,3,False,14,0.3975,10
-raw,imbalanced,3,False,15,0.2107,10
-raw,imbalanced,3,False,16,0.2332,10
-raw,imbalanced,3,False,17,0.5076,10
-raw,imbalanced,3,False,18,0.488,10
-raw,imbalanced,3,False,19,0.9991,10
-raw,imbalanced,3,False,20,0.008,4
-raw,imbalanced,3,False,21,0.2371,1
-raw,imbalanced,3,False,22,0.1615,10
-raw,imbalanced,3,False,23,0.2462,10
-raw,imbalanced,3,False,24,0.0941,10
-raw,imbalanced,3,False,25,0.0122,10
-raw,imbalanced,3,False,26,0.0511,10
-raw,imbalanced,3,False,27,0.0106,10
-raw,imbalanced,3,False,28,0.1363,25
-raw,imbalanced,3,False,29,5.0893,25
-raw,imbalanced,3,False,30,0.048,1
-raw,imbalanced,3,False,31,0.1792,10
-raw,imbalanced,3,False,32,0.2587,10
-raw,imbalanced,3,False,33,1.3486,10
-raw,imbalanced,3,False,34,1.1229,10
-raw,imbalanced,3,False,35,1.1869,10
-raw,imbalanced,3,False,36,0.2062,10
-raw,imbalanced,3,False,37,0.0365,10
-raw,imbalanced,3,False,38,0.0232,10
-raw,imbalanced,3,False,39,0.0208,10
-raw,imbalanced,3,False,40,0.0652,10
-raw,imbalanced,3,False,41,0.0186,10
-raw,imbalanced,3,False,42,0.0126,10
-raw,imbalanced,3,False,43,0.0196,10
-raw,imbalanced,4,False,1,0.0013,1
-raw,imbalanced,4,False,2,0.0365,1
-raw,imbalanced,4,False,3,0.0093,1
-raw,imbalanced,4,False,4,0.0206,1
-raw,imbalanced,4,False,5,0.231,1
-raw,imbalanced,4,False,6,0.2399,1
-raw,imbalanced,4,False,7,0.0543,1
-raw,imbalanced,4,False,8,0.0139,18
-raw,imbalanced,4,False,9,0.2488,10
-raw,imbalanced,4,False,10,0.3783,10
-raw,imbalanced,4,False,11,0.0924,10
-raw,imbalanced,4,False,12,0.0922,10
-raw,imbalanced,4,False,13,0.201,10
-raw,imbalanced,4,False,14,0.3949,10
-raw,imbalanced,4,False,15,0.2135,10
-raw,imbalanced,4,False,16,0.2426,10
-raw,imbalanced,4,False,17,0.4789,10
-raw,imbalanced,4,False,18,0.4763,10
-raw,imbalanced,4,False,19,1.006,10
-raw,imbalanced,4,False,20,0.011,4
-raw,imbalanced,4,False,21,0.2366,1
-raw,imbalanced,4,False,22,0.1626,10
-raw,imbalanced,4,False,23,0.2465,10
-raw,imbalanced,4,False,24,0.079,10
-raw,imbalanced,4,False,25,0.0132,10
-raw,imbalanced,4,False,26,0.0511,10
-raw,imbalanced,4,False,27,0.0109,10
-raw,imbalanced,4,False,28,0.1302,25
-raw,imbalanced,4,False,29,5.1751,25
-raw,imbalanced,4,False,30,0.0426,1
-raw,imbalanced,4,False,31,0.1883,10
-raw,imbalanced,4,False,32,0.2776,10
-raw,imbalanced,4,False,33,1.3072,10
-raw,imbalanced,4,False,34,1.1501,10
-raw,imbalanced,4,False,35,1.1794,10
-raw,imbalanced,4,False,36,0.2059,10
-raw,imbalanced,4,False,37,0.0459,10
-raw,imbalanced,4,False,38,0.0262,10
-raw,imbalanced,4,False,39,0.0255,10
-raw,imbalanced,4,False,40,0.0574,10
-raw,imbalanced,4,False,41,0.0236,10
-raw,imbalanced,4,False,42,0.0125,10
-raw,imbalanced,4,False,43,0.018,10
-raw,imbalanced,5,False,1,0.0013,1
-raw,imbalanced,5,False,2,0.0368,1
-raw,imbalanced,5,False,3,0.0093,1
-raw,imbalanced,5,False,4,0.0155,1
-raw,imbalanced,5,False,5,0.2097,1
-raw,imbalanced,5,False,6,0.2324,1
-raw,imbalanced,5,False,7,0.0541,1
-raw,imbalanced,5,False,8,0.0226,18
-raw,imbalanced,5,False,9,0.2567,10
-raw,imbalanced,5,False,10,0.3777,10
-raw,imbalanced,5,False,11,0.0923,10
-raw,imbalanced,5,False,12,0.1122,10
-raw,imbalanced,5,False,13,0.1982,10
-raw,imbalanced,5,False,14,0.4016,10
-raw,imbalanced,5,False,15,0.2183,10
-raw,imbalanced,5,False,16,0.2437,10
-raw,imbalanced,5,False,17,0.4951,10
-raw,imbalanced,5,False,18,0.4743,10
-raw,imbalanced,5,False,19,1.0009,10
-raw,imbalanced,5,False,20,0.0122,4
-raw,imbalanced,5,False,21,0.2366,1
-raw,imbalanced,5,False,22,0.1577,10
-raw,imbalanced,5,False,23,0.2253,10
-raw,imbalanced,5,False,24,0.0924,10
-raw,imbalanced,5,False,25,0.0101,10
-raw,imbalanced,5,False,26,0.0502,10
-raw,imbalanced,5,False,27,0.0111,10
-raw,imbalanced,5,False,28,0.1386,25
-raw,imbalanced,5,False,29,5.1088,25
-raw,imbalanced,5,False,30,0.0424,1
-raw,imbalanced,5,False,31,0.1774,10
-raw,imbalanced,5,False,32,0.2567,10
-raw,imbalanced,5,False,33,1.3204,10
-raw,imbalanced,5,False,34,1.1388,10
-raw,imbalanced,5,False,35,1.1658,10
-raw,imbalanced,5,False,36,0.2198,10
-raw,imbalanced,5,False,37,0.0433,10
-raw,imbalanced,5,False,38,0.0278,10
-raw,imbalanced,5,False,39,0.0115,10
-raw,imbalanced,5,False,40,0.0932,10
-raw,imbalanced,5,False,41,0.011,10
-raw,imbalanced,5,False,42,0.0157,10
-raw,imbalanced,5,False,43,0.0208,10
-raw,imbalanced,6,False,1,0.0013,1
-raw,imbalanced,6,False,2,0.035,1
-raw,imbalanced,6,False,3,0.0093,1
-raw,imbalanced,6,False,4,0.0153,1
-raw,imbalanced,6,False,5,0.2109,1
-raw,imbalanced,6,False,6,0.2638,1
-raw,imbalanced,6,False,7,0.0538,1
-raw,imbalanced,6,False,8,0.0133,18
-raw,imbalanced,6,False,9,0.2662,10
-raw,imbalanced,6,False,10,0.3846,10
-raw,imbalanced,6,False,11,0.1055,10
-raw,imbalanced,6,False,12,0.089,10
-raw,imbalanced,6,False,13,0.2096,10
-raw,imbalanced,6,False,14,0.4027,10
-raw,imbalanced,6,False,15,0.2097,10
-raw,imbalanced,6,False,16,0.2367,10
-raw,imbalanced,6,False,17,0.4824,10
-raw,imbalanced,6,False,18,0.4622,10
-raw,imbalanced,6,False,19,1.011,10
-raw,imbalanced,6,False,20,0.0099,4
-raw,imbalanced,6,False,21,0.2359,1
-raw,imbalanced,6,False,22,0.1577,10
-raw,imbalanced,6,False,23,0.2598,10
-raw,imbalanced,6,False,24,0.081,10
-raw,imbalanced,6,False,25,0.0122,10
-raw,imbalanced,6,False,26,0.0501,10
-raw,imbalanced,6,False,27,0.0126,10
-raw,imbalanced,6,False,28,0.1382,25
-raw,imbalanced,6,False,29,5.131,25
-raw,imbalanced,6,False,30,0.0505,1
-raw,imbalanced,6,False,31,0.182,10
-raw,imbalanced,6,False,32,0.2541,10
-raw,imbalanced,6,False,33,1.3591,10
-raw,imbalanced,6,False,34,1.1309,10
-raw,imbalanced,6,False,35,1.1798,10
-raw,imbalanced,6,False,36,0.2119,10
-raw,imbalanced,6,False,37,0.0324,10
-raw,imbalanced,6,False,38,0.0271,10
-raw,imbalanced,6,False,39,0.0185,10
-raw,imbalanced,6,False,40,0.0819,10
-raw,imbalanced,6,False,41,0.0195,10
-raw,imbalanced,6,False,42,0.013,10
-raw,imbalanced,6,False,43,0.0156,10
-raw,imbalanced,7,False,1,0.0014,1
-raw,imbalanced,7,False,2,0.0606,1
-raw,imbalanced,7,False,3,0.0114,1
-raw,imbalanced,7,False,4,0.0156,1
-raw,imbalanced,7,False,5,0.2169,1
-raw,imbalanced,7,False,6,0.2287,1
-raw,imbalanced,7,False,7,0.0546,1
-raw,imbalanced,7,False,8,0.0129,18
-raw,imbalanced,7,False,9,0.261,10
-raw,imbalanced,7,False,10,0.375,10
-raw,imbalanced,7,False,11,0.0834,10
-raw,imbalanced,7,False,12,0.0981,10
-raw,imbalanced,7,False,13,0.2063,10
-raw,imbalanced,7,False,14,0.4207,10
-raw,imbalanced,7,False,15,0.2193,10
-raw,imbalanced,7,False,16,0.2341,10
-raw,imbalanced,7,False,17,0.4847,10
-raw,imbalanced,7,False,18,0.4795,10
-raw,imbalanced,7,False,19,0.9999,10
-raw,imbalanced,7,False,20,0.0099,4
-raw,imbalanced,7,False,21,0.236,1
-raw,imbalanced,7,False,22,0.1586,10
-raw,imbalanced,7,False,23,0.2483,10
-raw,imbalanced,7,False,24,0.089,10
-raw,imbalanced,7,False,25,0.0105,10
-raw,imbalanced,7,False,26,0.0511,10
-raw,imbalanced,7,False,27,0.0186,10
-raw,imbalanced,7,False,28,0.1393,25
-raw,imbalanced,7,False,29,5.0642,25
-raw,imbalanced,7,False,30,0.0411,1
-raw,imbalanced,7,False,31,0.1818,10
-raw,imbalanced,7,False,32,0.2844,10
-raw,imbalanced,7,False,33,1.3564,10
-raw,imbalanced,7,False,34,1.1524,10
-raw,imbalanced,7,False,35,1.1719,10
-raw,imbalanced,7,False,36,0.2085,10
-raw,imbalanced,7,False,37,0.054,10
-raw,imbalanced,7,False,38,0.0292,10
-raw,imbalanced,7,False,39,0.0149,10
-raw,imbalanced,7,False,40,0.0851,10
-raw,imbalanced,7,False,41,0.0109,10
-raw,imbalanced,7,False,42,0.0211,10
-raw,imbalanced,7,False,43,0.0205,10
-raw,imbalanced,8,False,1,0.0014,1
-raw,imbalanced,8,False,2,0.0344,1
-raw,imbalanced,8,False,3,0.0106,1
-raw,imbalanced,8,False,4,0.0154,1
-raw,imbalanced,8,False,5,0.2105,1
-raw,imbalanced,8,False,6,0.2319,1
-raw,imbalanced,8,False,7,0.0546,1
-raw,imbalanced,8,False,8,0.0146,18
-raw,imbalanced,8,False,9,0.2626,10
-raw,imbalanced,8,False,10,0.3749,10
-raw,imbalanced,8,False,11,0.0821,10
-raw,imbalanced,8,False,12,0.0849,10
-raw,imbalanced,8,False,13,0.1976,10
-raw,imbalanced,8,False,14,0.4052,10
-raw,imbalanced,8,False,15,0.215,10
-raw,imbalanced,8,False,16,0.2398,10
-raw,imbalanced,8,False,17,0.4811,10
-raw,imbalanced,8,False,18,0.4623,10
-raw,imbalanced,8,False,19,1.0068,10
-raw,imbalanced,8,False,20,0.0134,4
-raw,imbalanced,8,False,21,0.2384,1
-raw,imbalanced,8,False,22,0.1581,10
-raw,imbalanced,8,False,23,0.2271,10
-raw,imbalanced,8,False,24,0.0991,10
-raw,imbalanced,8,False,25,0.0095,10
-raw,imbalanced,8,False,26,0.0498,10
-raw,imbalanced,8,False,27,0.0102,10
-raw,imbalanced,8,False,28,0.1332,25
-raw,imbalanced,8,False,29,5.0638,25
-raw,imbalanced,8,False,30,0.0423,1
-raw,imbalanced,8,False,31,0.1765,10
-raw,imbalanced,8,False,32,0.2703,10
-raw,imbalanced,8,False,33,1.3259,10
-raw,imbalanced,8,False,34,1.1421,10
-raw,imbalanced,8,False,35,1.1959,10
-raw,imbalanced,8,False,36,0.2036,10
-raw,imbalanced,8,False,37,0.0363,10
-raw,imbalanced,8,False,38,0.0177,10
-raw,imbalanced,8,False,39,0.0095,10
-raw,imbalanced,8,False,40,0.0578,10
-raw,imbalanced,8,False,41,0.0164,10
-raw,imbalanced,8,False,42,0.0155,10
-raw,imbalanced,8,False,43,0.0152,10
-raw,imbalanced,9,False,1,0.0012,1
-raw,imbalanced,9,False,2,0.042,1
-raw,imbalanced,9,False,3,0.0102,1
-raw,imbalanced,9,False,4,0.0151,1
-raw,imbalanced,9,False,5,0.2072,1
-raw,imbalanced,9,False,6,0.2421,1
-raw,imbalanced,9,False,7,0.0374,1
-raw,imbalanced,9,False,8,0.019,18
-raw,imbalanced,9,False,9,0.2604,10
-raw,imbalanced,9,False,10,0.3613,10
-raw,imbalanced,9,False,11,0.074,10
-raw,imbalanced,9,False,12,0.0873,10
-raw,imbalanced,9,False,13,0.2001,10
-raw,imbalanced,9,False,14,0.3975,10
-raw,imbalanced,9,False,15,0.2199,10
-raw,imbalanced,9,False,16,0.2379,10
-raw,imbalanced,9,False,17,0.4763,10
-raw,imbalanced,9,False,18,0.4584,10
-raw,imbalanced,9,False,19,1.0017,10
-raw,imbalanced,9,False,20,0.0104,4
-raw,imbalanced,9,False,21,0.2309,1
-raw,imbalanced,9,False,22,0.1573,10
-raw,imbalanced,9,False,23,0.2463,10
-raw,imbalanced,9,False,24,0.0843,10
-raw,imbalanced,9,False,25,0.0092,10
-raw,imbalanced,9,False,26,0.0485,10
-raw,imbalanced,9,False,27,0.0114,10
-raw,imbalanced,9,False,28,0.138,25
-raw,imbalanced,9,False,29,5.0963,25
-raw,imbalanced,9,False,30,0.043,1
-raw,imbalanced,9,False,31,0.1805,10
-raw,imbalanced,9,False,32,0.2679,10
-raw,imbalanced,9,False,33,1.3471,10
-raw,imbalanced,9,False,34,1.1142,10
-raw,imbalanced,9,False,35,1.1854,10
-raw,imbalanced,9,False,36,0.2073,10
-raw,imbalanced,9,False,37,0.0355,10
-raw,imbalanced,9,False,38,0.0439,10
-raw,imbalanced,9,False,39,0.0096,10
-raw,imbalanced,9,False,40,0.0647,10
-raw,imbalanced,9,False,41,0.0212,10
-raw,imbalanced,9,False,42,0.0127,10
-raw,imbalanced,9,False,43,0.0212,10
-raw,imbalanced,10,False,1,0.0013,1
-raw,imbalanced,10,False,2,0.0366,1
-raw,imbalanced,10,False,3,0.0101,1
-raw,imbalanced,10,False,4,0.0151,1
-raw,imbalanced,10,False,5,0.2095,1
-raw,imbalanced,10,False,6,0.2368,1
-raw,imbalanced,10,False,7,0.0381,1
-raw,imbalanced,10,False,8,0.0243,18
-raw,imbalanced,10,False,9,0.2553,10
-raw,imbalanced,10,False,10,0.4039,10
-raw,imbalanced,10,False,11,0.084,10
-raw,imbalanced,10,False,12,0.0855,10
-raw,imbalanced,10,False,13,0.2089,10
-raw,imbalanced,10,False,14,0.4028,10
-raw,imbalanced,10,False,15,0.2162,10
-raw,imbalanced,10,False,16,0.2424,10
-raw,imbalanced,10,False,17,0.4781,10
-raw,imbalanced,10,False,18,0.463,10
-raw,imbalanced,10,False,19,1.0036,10
-raw,imbalanced,10,False,20,0.0095,4
-raw,imbalanced,10,False,21,0.2315,1
-raw,imbalanced,10,False,22,0.1639,10
-raw,imbalanced,10,False,23,0.2414,10
-raw,imbalanced,10,False,24,0.0975,10
-raw,imbalanced,10,False,25,0.01,10
-raw,imbalanced,10,False,26,0.0494,10
-raw,imbalanced,10,False,27,0.0109,10
-raw,imbalanced,10,False,28,0.1423,25
-raw,imbalanced,10,False,29,5.1024,25
-raw,imbalanced,10,False,30,0.0438,1
-raw,imbalanced,10,False,31,0.1754,10
-raw,imbalanced,10,False,32,0.258,10
-raw,imbalanced,10,False,33,1.3398,10
-raw,imbalanced,10,False,34,1.1055,10
-raw,imbalanced,10,False,35,1.1856,10
-raw,imbalanced,10,False,36,0.2112,10
-raw,imbalanced,10,False,37,0.0396,10
-raw,imbalanced,10,False,38,0.0204,10
-raw,imbalanced,10,False,39,0.0147,10
-raw,imbalanced,10,False,40,0.0821,10
-raw,imbalanced,10,False,41,0.0104,10
-raw,imbalanced,10,False,42,0.0152,10
-raw,imbalanced,10,False,43,0.0168,10
-raw,imbalanced,11,False,1,0.0013,1
-raw,imbalanced,11,False,2,0.036,1
-raw,imbalanced,11,False,3,0.0104,1
-raw,imbalanced,11,False,4,0.0169,1
-raw,imbalanced,11,False,5,0.206,1
-raw,imbalanced,11,False,6,0.2454,1
-raw,imbalanced,11,False,7,0.0379,1
-raw,imbalanced,11,False,8,0.0127,18
-raw,imbalanced,11,False,9,0.2624,10
-raw,imbalanced,11,False,10,0.3876,10
-raw,imbalanced,11,False,11,0.0747,10
-raw,imbalanced,11,False,12,0.1104,10
-raw,imbalanced,11,False,13,0.1939,10
-raw,imbalanced,11,False,14,0.3998,10
-raw,imbalanced,11,False,15,0.2132,10
-raw,imbalanced,11,False,16,0.2323,10
-raw,imbalanced,11,False,17,0.4748,10
-raw,imbalanced,11,False,18,0.4518,10
-raw,imbalanced,11,False,19,1.0036,10
-raw,imbalanced,11,False,20,0.0112,4
-raw,imbalanced,11,False,21,0.2305,1
-raw,imbalanced,11,False,22,0.1602,10
-raw,imbalanced,11,False,23,0.2237,10
-raw,imbalanced,11,False,24,0.094,10
-raw,imbalanced,11,False,25,0.0145,10
-raw,imbalanced,11,False,26,0.0536,10
-raw,imbalanced,11,False,27,0.0108,10
-raw,imbalanced,11,False,28,0.137,25
-raw,imbalanced,11,False,29,5.1124,25
-raw,imbalanced,11,False,30,0.0425,1
-raw,imbalanced,11,False,31,0.1763,10
-raw,imbalanced,11,False,32,0.2784,10
-raw,imbalanced,11,False,33,1.2976,10
-raw,imbalanced,11,False,34,1.1358,10
-raw,imbalanced,11,False,35,1.1853,10
-raw,imbalanced,11,False,36,0.2108,10
-raw,imbalanced,11,False,37,0.0295,10
-raw,imbalanced,11,False,38,0.0244,10
-raw,imbalanced,11,False,39,0.0126,10
-raw,imbalanced,11,False,40,0.0603,10
-raw,imbalanced,11,False,41,0.016,10
-raw,imbalanced,11,False,42,0.0241,10
-raw,imbalanced,11,False,43,0.021,10
-raw,imbalanced,12,False,1,0.0013,1
-raw,imbalanced,12,False,2,0.0456,1
-raw,imbalanced,12,False,3,0.0149,1
-raw,imbalanced,12,False,4,0.0171,1
-raw,imbalanced,12,False,5,0.2105,1
-raw,imbalanced,12,False,6,0.2429,1
-raw,imbalanced,12,False,7,0.054,1
-raw,imbalanced,12,False,8,0.0159,18
-raw,imbalanced,12,False,9,0.2627,10
-raw,imbalanced,12,False,10,0.3739,10
-raw,imbalanced,12,False,11,0.096,10
-raw,imbalanced,12,False,12,0.0877,10
-raw,imbalanced,12,False,13,0.1963,10
-raw,imbalanced,12,False,14,0.4056,10
-raw,imbalanced,12,False,15,0.2117,10
-raw,imbalanced,12,False,16,0.2293,10
-raw,imbalanced,12,False,17,0.4817,10
-raw,imbalanced,12,False,18,0.4781,10
-raw,imbalanced,12,False,19,0.9981,10
-raw,imbalanced,12,False,20,0.0128,4
-raw,imbalanced,12,False,21,0.2348,1
-raw,imbalanced,12,False,22,0.1627,10
-raw,imbalanced,12,False,23,0.2408,10
-raw,imbalanced,12,False,24,0.0907,10
-raw,imbalanced,12,False,25,0.0102,10
-raw,imbalanced,12,False,26,0.0523,10
-raw,imbalanced,12,False,27,0.0108,10
-raw,imbalanced,12,False,28,0.1341,25
-raw,imbalanced,12,False,29,5.1551,25
-raw,imbalanced,12,False,30,0.0485,1
-raw,imbalanced,12,False,31,0.1805,10
-raw,imbalanced,12,False,32,0.2753,10
-raw,imbalanced,12,False,33,1.3335,10
-raw,imbalanced,12,False,34,1.1091,10
-raw,imbalanced,12,False,35,1.1865,10
-raw,imbalanced,12,False,36,0.2164,10
-raw,imbalanced,12,False,37,0.0323,10
-raw,imbalanced,12,False,38,0.0252,10
-raw,imbalanced,12,False,39,0.023,10
-raw,imbalanced,12,False,40,0.0557,10
-raw,imbalanced,12,False,41,0.0109,10
-raw,imbalanced,12,False,42,0.0126,10
-raw,imbalanced,12,False,43,0.018,10
-raw,imbalanced,13,False,1,0.0013,1
-raw,imbalanced,13,False,2,0.0354,1
-raw,imbalanced,13,False,3,0.0095,1
-raw,imbalanced,13,False,4,0.0162,1
-raw,imbalanced,13,False,5,0.2199,1
-raw,imbalanced,13,False,6,0.2301,1
-raw,imbalanced,13,False,7,0.0539,1
-raw,imbalanced,13,False,8,0.013,18
-raw,imbalanced,13,False,9,0.2641,10
-raw,imbalanced,13,False,10,0.3828,10
-raw,imbalanced,13,False,11,0.0871,10
-raw,imbalanced,13,False,12,0.1061,10
-raw,imbalanced,13,False,13,0.2053,10
-raw,imbalanced,13,False,14,0.4033,10
-raw,imbalanced,13,False,15,0.2141,10
-raw,imbalanced,13,False,16,0.2387,10
-raw,imbalanced,13,False,17,0.4808,10
-raw,imbalanced,13,False,18,0.4585,10
-raw,imbalanced,13,False,19,1.0065,10
-raw,imbalanced,13,False,20,0.0088,4
-raw,imbalanced,13,False,21,0.2366,1
-raw,imbalanced,13,False,22,0.1627,10
-raw,imbalanced,13,False,23,0.2422,10
-raw,imbalanced,13,False,24,0.0801,10
-raw,imbalanced,13,False,25,0.0126,10
-raw,imbalanced,13,False,26,0.0494,10
-raw,imbalanced,13,False,27,0.0107,10
-raw,imbalanced,13,False,28,0.1331,25
-raw,imbalanced,13,False,29,5.064,25
-raw,imbalanced,13,False,30,0.0421,1
-raw,imbalanced,13,False,31,0.1816,10
-raw,imbalanced,13,False,32,0.2723,10
-raw,imbalanced,13,False,33,1.3341,10
-raw,imbalanced,13,False,34,1.1243,10
-raw,imbalanced,13,False,35,1.1778,10
-raw,imbalanced,13,False,36,0.2041,10
-raw,imbalanced,13,False,37,0.039,10
-raw,imbalanced,13,False,38,0.0265,10
-raw,imbalanced,13,False,39,0.0147,10
-raw,imbalanced,13,False,40,0.0589,10
-raw,imbalanced,13,False,41,0.0209,10
-raw,imbalanced,13,False,42,0.0154,10
-raw,imbalanced,13,False,43,0.019,10
-raw,imbalanced,14,False,1,0.0014,1
-raw,imbalanced,14,False,2,0.0374,1
-raw,imbalanced,14,False,3,0.0094,1
-raw,imbalanced,14,False,4,0.0165,1
-raw,imbalanced,14,False,5,0.2106,1
-raw,imbalanced,14,False,6,0.2374,1
-raw,imbalanced,14,False,7,0.0542,1
-raw,imbalanced,14,False,8,0.013,18
-raw,imbalanced,14,False,9,0.248,10
-raw,imbalanced,14,False,10,0.4093,10
-raw,imbalanced,14,False,11,0.0999,10
-raw,imbalanced,14,False,12,0.094,10
-raw,imbalanced,14,False,13,0.2079,10
-raw,imbalanced,14,False,14,0.3962,10
-raw,imbalanced,14,False,15,0.2144,10
-raw,imbalanced,14,False,16,0.2319,10
-raw,imbalanced,14,False,17,0.4823,10
-raw,imbalanced,14,False,18,0.4544,10
-raw,imbalanced,14,False,19,1.0004,10
-raw,imbalanced,14,False,20,0.0084,4
-raw,imbalanced,14,False,21,0.2335,1
-raw,imbalanced,14,False,22,0.1609,10
-raw,imbalanced,14,False,23,0.2357,10
-raw,imbalanced,14,False,24,0.0946,10
-raw,imbalanced,14,False,25,0.0101,10
-raw,imbalanced,14,False,26,0.0501,10
-raw,imbalanced,14,False,27,0.0141,10
-raw,imbalanced,14,False,28,0.1447,25
-raw,imbalanced,14,False,29,5.1529,25
-raw,imbalanced,14,False,30,0.0426,1
-raw,imbalanced,14,False,31,0.1854,10
-raw,imbalanced,14,False,32,0.2805,10
-raw,imbalanced,14,False,33,1.3282,10
-raw,imbalanced,14,False,34,1.1395,10
-raw,imbalanced,14,False,35,1.1682,10
-raw,imbalanced,14,False,36,0.2181,10
-raw,imbalanced,14,False,37,0.0413,10
-raw,imbalanced,14,False,38,0.0265,10
-raw,imbalanced,14,False,39,0.0145,10
-raw,imbalanced,14,False,40,0.0891,10
-raw,imbalanced,14,False,41,0.011,10
-raw,imbalanced,14,False,42,0.0147,10
-raw,imbalanced,14,False,43,0.0175,10
-raw,imbalanced,15,False,1,0.0013,1
-raw,imbalanced,15,False,2,0.0419,1
-raw,imbalanced,15,False,3,0.0093,1
-raw,imbalanced,15,False,4,0.0167,1
-raw,imbalanced,15,False,5,0.2291,1
-raw,imbalanced,15,False,6,0.2283,1
-raw,imbalanced,15,False,7,0.0544,1
-raw,imbalanced,15,False,8,0.0205,18
-raw,imbalanced,15,False,9,0.2584,10
-raw,imbalanced,15,False,10,0.3696,10
-raw,imbalanced,15,False,11,0.0762,10
-raw,imbalanced,15,False,12,0.1005,10
-raw,imbalanced,15,False,13,0.1962,10
-raw,imbalanced,15,False,14,0.3985,10
-raw,imbalanced,15,False,15,0.2263,10
-raw,imbalanced,15,False,16,0.2354,10
-raw,imbalanced,15,False,17,0.4735,10
-raw,imbalanced,15,False,18,0.4706,10
-raw,imbalanced,15,False,19,1.0012,10
-raw,imbalanced,15,False,20,0.0106,4
-raw,imbalanced,15,False,21,0.2328,1
-raw,imbalanced,15,False,22,0.1545,10
-raw,imbalanced,15,False,23,0.2349,10
-raw,imbalanced,15,False,24,0.0797,10
-raw,imbalanced,15,False,25,0.0106,10
-raw,imbalanced,15,False,26,0.0563,10
-raw,imbalanced,15,False,27,0.0132,10
-raw,imbalanced,15,False,28,0.137,25
-raw,imbalanced,15,False,29,5.1539,25
-raw,imbalanced,15,False,30,0.0529,1
-raw,imbalanced,15,False,31,0.1897,10
-raw,imbalanced,15,False,32,0.2799,10
-raw,imbalanced,15,False,33,1.3708,10
-raw,imbalanced,15,False,34,1.1168,10
-raw,imbalanced,15,False,35,1.1912,10
-raw,imbalanced,15,False,36,0.2143,10
-raw,imbalanced,15,False,37,0.0385,10
-raw,imbalanced,15,False,38,0.0337,10
-raw,imbalanced,15,False,39,0.0252,10
-raw,imbalanced,15,False,40,0.0803,10
-raw,imbalanced,15,False,41,0.021,10
-raw,imbalanced,15,False,42,0.0156,10
-raw,imbalanced,15,False,43,0.0259,10
-raw,imbalanced,16,False,1,0.0014,1
-raw,imbalanced,16,False,2,0.0401,1
-raw,imbalanced,16,False,3,0.0093,1
-raw,imbalanced,16,False,4,0.0161,1
-raw,imbalanced,16,False,5,0.2183,1
-raw,imbalanced,16,False,6,0.2552,1
-raw,imbalanced,16,False,7,0.0539,1
-raw,imbalanced,16,False,8,0.0139,18
-raw,imbalanced,16,False,9,0.257,10
-raw,imbalanced,16,False,10,0.4016,10
-raw,imbalanced,16,False,11,0.0808,10
-raw,imbalanced,16,False,12,0.09,10
-raw,imbalanced,16,False,13,0.1998,10
-raw,imbalanced,16,False,14,0.3982,10
-raw,imbalanced,16,False,15,0.2179,10
-raw,imbalanced,16,False,16,0.2311,10
-raw,imbalanced,16,False,17,0.478,10
-raw,imbalanced,16,False,18,0.4639,10
-raw,imbalanced,16,False,19,1.0071,10
-raw,imbalanced,16,False,20,0.0081,4
-raw,imbalanced,16,False,21,0.2359,1
-raw,imbalanced,16,False,22,0.1616,10
-raw,imbalanced,16,False,23,0.2443,10
-raw,imbalanced,16,False,24,0.1068,10
-raw,imbalanced,16,False,25,0.0142,10
-raw,imbalanced,16,False,26,0.0503,10
-raw,imbalanced,16,False,27,0.011,10
-raw,imbalanced,16,False,28,0.1487,25
-raw,imbalanced,16,False,29,5.1576,25
-raw,imbalanced,16,False,30,0.0428,1
-raw,imbalanced,16,False,31,0.1778,10
-raw,imbalanced,16,False,32,0.2808,10
-raw,imbalanced,16,False,33,1.3298,10
-raw,imbalanced,16,False,34,1.1353,10
-raw,imbalanced,16,False,35,1.1792,10
-raw,imbalanced,16,False,36,0.2263,10
-raw,imbalanced,16,False,37,0.0435,10
-raw,imbalanced,16,False,38,0.0179,10
-raw,imbalanced,16,False,39,0.0199,10
-raw,imbalanced,16,False,40,0.0566,10
-raw,imbalanced,16,False,41,0.0173,10
-raw,imbalanced,16,False,42,0.0211,10
-raw,imbalanced,16,False,43,0.0157,10
-raw,imbalanced,17,False,1,0.0014,1
-raw,imbalanced,17,False,2,0.0456,1
-raw,imbalanced,17,False,3,0.0095,1
-raw,imbalanced,17,False,4,0.0154,1
-raw,imbalanced,17,False,5,0.2065,1
-raw,imbalanced,17,False,6,0.2381,1
-raw,imbalanced,17,False,7,0.0546,1
-raw,imbalanced,17,False,8,0.0179,18
-raw,imbalanced,17,False,9,0.2523,10
-raw,imbalanced,17,False,10,0.3816,10
-raw,imbalanced,17,False,11,0.0786,10
-raw,imbalanced,17,False,12,0.1106,10
-raw,imbalanced,17,False,13,0.1978,10
-raw,imbalanced,17,False,14,0.4031,10
-raw,imbalanced,17,False,15,0.2172,10
-raw,imbalanced,17,False,16,0.2328,10
-raw,imbalanced,17,False,17,0.4806,10
-raw,imbalanced,17,False,18,0.4673,10
-raw,imbalanced,17,False,19,0.995,10
-raw,imbalanced,17,False,20,0.0107,4
-raw,imbalanced,17,False,21,0.2364,1
-raw,imbalanced,17,False,22,0.1623,10
-raw,imbalanced,17,False,23,0.2283,10
-raw,imbalanced,17,False,24,0.0914,10
-raw,imbalanced,17,False,25,0.0099,10
-raw,imbalanced,17,False,26,0.0517,10
-raw,imbalanced,17,False,27,0.0151,10
-raw,imbalanced,17,False,28,0.1377,25
-raw,imbalanced,17,False,29,5.137,25
-raw,imbalanced,17,False,30,0.0445,1
-raw,imbalanced,17,False,31,0.1788,10
-raw,imbalanced,17,False,32,0.2662,10
-raw,imbalanced,17,False,33,1.3151,10
-raw,imbalanced,17,False,34,1.1553,10
-raw,imbalanced,17,False,35,1.1697,10
-raw,imbalanced,17,False,36,0.2363,10
-raw,imbalanced,17,False,37,0.0297,10
-raw,imbalanced,17,False,38,0.0266,10
-raw,imbalanced,17,False,39,0.0128,10
-raw,imbalanced,17,False,40,0.0574,10
-raw,imbalanced,17,False,41,0.0094,10
-raw,imbalanced,17,False,42,0.0132,10
-raw,imbalanced,17,False,43,0.0198,10
-raw,imbalanced,18,False,1,0.0013,1
-raw,imbalanced,18,False,2,0.0376,1
-raw,imbalanced,18,False,3,0.0093,1
-raw,imbalanced,18,False,4,0.0211,1
-raw,imbalanced,18,False,5,0.2049,1
-raw,imbalanced,18,False,6,0.2476,1
-raw,imbalanced,18,False,7,0.0539,1
-raw,imbalanced,18,False,8,0.013,18
-raw,imbalanced,18,False,9,0.2622,10
-raw,imbalanced,18,False,10,0.3763,10
-raw,imbalanced,18,False,11,0.0899,10
-raw,imbalanced,18,False,12,0.0992,10
-raw,imbalanced,18,False,13,0.1956,10
-raw,imbalanced,18,False,14,0.3899,10
-raw,imbalanced,18,False,15,0.2128,10
-raw,imbalanced,18,False,16,0.2426,10
-raw,imbalanced,18,False,17,0.4839,10
-raw,imbalanced,18,False,18,0.4698,10
-raw,imbalanced,18,False,19,0.9798,10
-raw,imbalanced,18,False,20,0.0101,4
-raw,imbalanced,18,False,21,0.2353,1
-raw,imbalanced,18,False,22,0.1583,10
-raw,imbalanced,18,False,23,0.232,10
-raw,imbalanced,18,False,24,0.092,10
-raw,imbalanced,18,False,25,0.0096,10
-raw,imbalanced,18,False,26,0.0512,10
-raw,imbalanced,18,False,27,0.0119,10
-raw,imbalanced,18,False,28,0.1276,25
-raw,imbalanced,18,False,29,5.0858,25
-raw,imbalanced,18,False,30,0.0484,1
-raw,imbalanced,18,False,31,0.1807,10
-raw,imbalanced,18,False,32,0.2685,10
-raw,imbalanced,18,False,33,1.3358,10
-raw,imbalanced,18,False,34,1.1072,10
-raw,imbalanced,18,False,35,1.1656,10
-raw,imbalanced,18,False,36,0.2132,10
-raw,imbalanced,18,False,37,0.0267,10
-raw,imbalanced,18,False,38,0.0346,10
-raw,imbalanced,18,False,39,0.0215,10
-raw,imbalanced,18,False,40,0.0553,10
-raw,imbalanced,18,False,41,0.0123,10
-raw,imbalanced,18,False,42,0.0172,10
-raw,imbalanced,18,False,43,0.0134,10
-raw,imbalanced,19,False,1,0.0012,1
-raw,imbalanced,19,False,2,0.0364,1
-raw,imbalanced,19,False,3,0.0111,1
-raw,imbalanced,19,False,4,0.0149,1
-raw,imbalanced,19,False,5,0.2193,1
-raw,imbalanced,19,False,6,0.2362,1
-raw,imbalanced,19,False,7,0.0375,1
-raw,imbalanced,19,False,8,0.0126,18
-raw,imbalanced,19,False,9,0.2637,10
-raw,imbalanced,19,False,10,0.3761,10
-raw,imbalanced,19,False,11,0.0986,10
-raw,imbalanced,19,False,12,0.1072,10
-raw,imbalanced,19,False,13,0.2006,10
-raw,imbalanced,19,False,14,0.4003,10
-raw,imbalanced,19,False,15,0.217,10
-raw,imbalanced,19,False,16,0.237,10
-raw,imbalanced,19,False,17,0.5533,10
-raw,imbalanced,19,False,18,0.4672,10
-raw,imbalanced,19,False,19,1.0088,10
-raw,imbalanced,19,False,20,0.011,4
-raw,imbalanced,19,False,21,0.2378,1
-raw,imbalanced,19,False,22,0.159,10
-raw,imbalanced,19,False,23,0.2395,10
-raw,imbalanced,19,False,24,0.0928,10
-raw,imbalanced,19,False,25,0.01,10
-raw,imbalanced,19,False,26,0.0507,10
-raw,imbalanced,19,False,27,0.0105,10
-raw,imbalanced,19,False,28,0.134,25
-raw,imbalanced,19,False,29,5.1109,25
-raw,imbalanced,19,False,30,0.0436,1
-raw,imbalanced,19,False,31,0.1786,10
-raw,imbalanced,19,False,32,0.2771,10
-raw,imbalanced,19,False,33,1.3319,10
-raw,imbalanced,19,False,34,1.1285,10
-raw,imbalanced,19,False,35,1.176,10
-raw,imbalanced,19,False,36,0.2144,10
-raw,imbalanced,19,False,37,0.0514,10
-raw,imbalanced,19,False,38,0.0338,10
-raw,imbalanced,19,False,39,0.0143,10
-raw,imbalanced,19,False,40,0.0653,10
-raw,imbalanced,19,False,41,0.0103,10
-raw,imbalanced,19,False,42,0.0172,10
-raw,imbalanced,19,False,43,0.014,10
-raw,imbalanced,20,False,1,0.0012,1
-raw,imbalanced,20,False,2,0.0459,1
-raw,imbalanced,20,False,3,0.0109,1
-raw,imbalanced,20,False,4,0.0153,1
-raw,imbalanced,20,False,5,0.2063,1
-raw,imbalanced,20,False,6,0.2401,1
-raw,imbalanced,20,False,7,0.038,1
-raw,imbalanced,20,False,8,0.0167,18
-raw,imbalanced,20,False,9,0.246,10
-raw,imbalanced,20,False,10,0.3683,10
-raw,imbalanced,20,False,11,0.0885,10
-raw,imbalanced,20,False,12,0.0999,10
-raw,imbalanced,20,False,13,0.199,10
-raw,imbalanced,20,False,14,0.3999,10
-raw,imbalanced,20,False,15,0.2178,10
-raw,imbalanced,20,False,16,0.2295,10
-raw,imbalanced,20,False,17,0.4847,10
-raw,imbalanced,20,False,18,0.465,10
-raw,imbalanced,20,False,19,1.0011,10
-raw,imbalanced,20,False,20,0.0095,4
-raw,imbalanced,20,False,21,0.2292,1
-raw,imbalanced,20,False,22,0.157,10
-raw,imbalanced,20,False,23,0.2372,10
-raw,imbalanced,20,False,24,0.0821,10
-raw,imbalanced,20,False,25,0.0129,10
-raw,imbalanced,20,False,26,0.0496,10
-raw,imbalanced,20,False,27,0.0105,10
-raw,imbalanced,20,False,28,0.1418,25
-raw,imbalanced,20,False,29,5.1036,25
-raw,imbalanced,20,False,30,0.0428,1
-raw,imbalanced,20,False,31,0.1965,10
-raw,imbalanced,20,False,32,0.2635,10
-raw,imbalanced,20,False,33,1.2967,10
-raw,imbalanced,20,False,34,1.1054,10
-raw,imbalanced,20,False,35,1.2008,10
-raw,imbalanced,20,False,36,0.2207,10
-raw,imbalanced,20,False,37,0.0506,10
-raw,imbalanced,20,False,38,0.0308,10
-raw,imbalanced,20,False,39,0.029,10
-raw,imbalanced,20,False,40,0.062,10
-raw,imbalanced,20,False,41,0.018,10
-raw,imbalanced,20,False,42,0.0211,10
-raw,imbalanced,20,False,43,0.0152,10
