sf,streams,stream,tag,pass,warmup,query,elapsed_s,rows,start_time,end_time
30,8,5,firsttouch,1,True,6,6.6122,1,2026-08-24T18:30:30.797766,2026-08-24T18:30:37.410044
30,8,0,firsttouch,1,True,1,8.1591,4,2026-08-24T18:30:30.785441,2026-08-24T18:30:38.944589
30,8,0,firsttouch,1,True,2,1.4316,100,2026-08-24T18:30:38.944664,2026-08-24T18:30:40.376262
30,8,1,firsttouch,1,True,2,9.6129,100,2026-08-24T18:30:30.788380,2026-08-24T18:30:40.401270
30,8,4,firsttouch,1,True,5,9.6387,5,2026-08-24T18:30:30.795504,2026-08-24T18:30:40.434187
30,8,7,firsttouch,1,True,8,9.8538,2,2026-08-24T18:30:30.803719,2026-08-24T18:30:40.657503
30,8,2,firsttouch,1,True,3,9.9548,10,2026-08-24T18:30:30.791661,2026-08-24T18:30:40.746461
30,8,6,firsttouch,1,True,7,10.0234,4,2026-08-24T18:30:30.799365,2026-08-24T18:30:40.822771
30,8,4,firsttouch,1,True,6,0.4807,1,2026-08-24T18:30:40.435971,2026-08-24T18:30:40.916682
30,8,5,firsttouch,1,True,7,4.1353,4,2026-08-24T18:30:37.410124,2026-08-24T18:30:41.545406
30,8,0,firsttouch,1,True,3,1.2919,10,2026-08-24T18:30:40.376362,2026-08-24T18:30:41.668335
30,8,6,firsttouch,1,True,8,0.8649,2,2026-08-24T18:30:40.823023,2026-08-24T18:30:41.687997
30,8,3,firsttouch,1,True,4,10.9389,5,2026-08-24T18:30:30.793968,2026-08-24T18:30:41.732922
30,8,4,firsttouch,1,True,7,1.0781,4,2026-08-24T18:30:40.916758,2026-08-24T18:30:41.994841
30,8,5,firsttouch,1,True,8,0.8519,2,2026-08-24T18:30:41.545502,2026-08-24T18:30:42.397440
30,8,0,firsttouch,1,True,4,0.8165,5,2026-08-24T18:30:41.668442,2026-08-24T18:30:42.485019
30,8,7,firsttouch,1,True,9,2.2935,175,2026-08-24T18:30:40.657628,2026-08-24T18:30:42.951160
30,8,1,firsttouch,1,True,3,2.7273,10,2026-08-24T18:30:40.417670,2026-08-24T18:30:43.144976
30,8,0,firsttouch,1,True,5,0.8795,5,2026-08-24T18:30:42.485178,2026-08-24T18:30:43.364719
30,8,0,firsttouch,1,True,6,0.5019,1,2026-08-24T18:30:43.364826,2026-08-24T18:30:43.866727
30,8,6,firsttouch,1,True,9,2.2598,175,2026-08-24T18:30:41.693684,2026-08-24T18:30:43.953488
30,8,4,firsttouch,1,True,8,1.9695,2,2026-08-24T18:30:41.994940,2026-08-24T18:30:43.964511
30,8,2,firsttouch,1,True,4,3.4394,5,2026-08-24T18:30:40.746713,2026-08-24T18:30:44.186189
30,8,0,firsttouch,1,True,7,0.8245,4,2026-08-24T18:30:43.867009,2026-08-24T18:30:44.691547
30,8,1,firsttouch,1,True,4,1.5603,5,2026-08-24T18:30:43.149742,2026-08-24T18:30:44.710074
30,8,5,firsttouch,1,True,9,2.9258,175,2026-08-24T18:30:42.397783,2026-08-24T18:30:45.323643
30,8,7,firsttouch,1,True,10,2.6999,20,2026-08-24T18:30:42.951264,2026-08-24T18:30:45.651179
30,8,6,firsttouch,1,True,10,1.7572,20,2026-08-24T18:30:43.953559,2026-08-24T18:30:45.710746
30,8,1,firsttouch,1,True,5,1.0716,5,2026-08-24T18:30:44.710383,2026-08-24T18:30:45.782041
30,8,1,firsttouch,1,True,6,0.0958,1,2026-08-24T18:30:45.782332,2026-08-24T18:30:45.878119
30,8,6,firsttouch,1,True,11,0.1769,0,2026-08-24T18:30:45.710842,2026-08-24T18:30:45.887795
30,8,7,firsttouch,1,True,11,0.2511,0,2026-08-24T18:30:45.651320,2026-08-24T18:30:45.902498
30,8,7,firsttouch,1,True,12,1.0578,2,2026-08-24T18:30:45.903975,2026-08-24T18:30:46.961843
30,8,6,firsttouch,1,True,12,1.0839,2,2026-08-24T18:30:45.887900,2026-08-24T18:30:46.971853
30,8,4,firsttouch,1,True,9,3.2668,175,2026-08-24T18:30:43.964609,2026-08-24T18:30:47.231463
30,8,1,firsttouch,1,True,7,1.4099,4,2026-08-24T18:30:45.878430,2026-08-24T18:30:47.288379
30,8,0,firsttouch,1,True,8,2.6056,2,2026-08-24T18:30:44.691655,2026-08-24T18:30:47.297239
30,8,5,firsttouch,1,True,10,2.5115,20,2026-08-24T18:30:45.323751,2026-08-24T18:30:47.835257
30,8,2,firsttouch,1,True,5,4.362,5,2026-08-24T18:30:44.186263,2026-08-24T18:30:48.548286
30,8,5,firsttouch,1,True,11,1.2255,0,2026-08-24T18:30:47.835329,2026-08-24T18:30:49.060837
30,8,2,firsttouch,1,True,6,0.7832,1,2026-08-24T18:30:48.548354,2026-08-24T18:30:49.331621
30,8,1,firsttouch,1,True,8,2.1666,2,2026-08-24T18:30:47.288452,2026-08-24T18:30:49.455119
30,8,6,firsttouch,1,True,13,2.7619,45,2026-08-24T18:30:46.971951,2026-08-24T18:30:49.733866
30,8,7,firsttouch,1,True,13,2.7766,45,2026-08-24T18:30:46.961934,2026-08-24T18:30:49.738530
30,8,4,firsttouch,1,True,10,2.5117,20,2026-08-24T18:30:47.231553,2026-08-24T18:30:49.743245
30,8,3,firsttouch,1,True,5,8.1214,5,2026-08-24T18:30:41.733230,2026-08-24T18:30:49.854655
30,8,4,firsttouch,1,True,11,0.2472,0,2026-08-24T18:30:49.743337,2026-08-24T18:30:49.990542
30,8,3,firsttouch,1,True,6,0.1833,1,2026-08-24T18:30:49.854751,2026-08-24T18:30:50.038067
30,8,5,firsttouch,1,True,12,1.0806,2,2026-08-24T18:30:49.060947,2026-08-24T18:30:50.141568
30,8,6,firsttouch,1,True,14,0.6907,1,2026-08-24T18:30:49.734132,2026-08-24T18:30:50.424892
30,8,7,firsttouch,1,True,14,0.6938,1,2026-08-24T18:30:49.738793,2026-08-24T18:30:50.432658
30,8,4,firsttouch,1,True,12,0.8583,2,2026-08-24T18:30:49.990657,2026-08-24T18:30:50.848964
30,8,6,firsttouch,1,True,15,0.4507,1,2026-08-24T18:30:50.425222,2026-08-24T18:30:50.875907
30,8,7,firsttouch,1,True,15,0.5683,1,2026-08-24T18:30:50.432759,2026-08-24T18:30:51.001052
30,8,1,firsttouch,1,True,9,2.2663,175,2026-08-24T18:30:49.455432,2026-08-24T18:30:51.721724
30,8,7,firsttouch,1,True,16,1.3617,27840,2026-08-24T18:30:51.001145,2026-08-24T18:30:52.362826
30,8,2,firsttouch,1,True,7,3.0269,4,2026-08-24T18:30:49.331704,2026-08-24T18:30:52.362908
30,8,5,firsttouch,1,True,13,2.2498,45,2026-08-24T18:30:50.141880,2026-08-24T18:30:52.391657
30,8,6,firsttouch,1,True,16,1.5305,27840,2026-08-24T18:30:50.876215,2026-08-24T18:30:52.406786
30,8,1,firsttouch,1,True,10,1.1245,20,2026-08-24T18:30:51.721843,2026-08-24T18:30:52.846352
30,8,4,firsttouch,1,True,13,2.0539,45,2026-08-24T18:30:50.849063,2026-08-24T18:30:52.902984
30,8,7,firsttouch,1,True,17,0.6175,1,2026-08-24T18:30:52.377706,2026-08-24T18:30:52.995206
30,8,1,firsttouch,1,True,11,0.4212,0,2026-08-24T18:30:52.846440,2026-08-24T18:30:53.267634
30,8,2,firsttouch,1,True,8,1.2228,2,2026-08-24T18:30:52.380536,2026-08-24T18:30:53.603378
30,8,0,firsttouch,1,True,9,6.4918,175,2026-08-24T18:30:47.297312,2026-08-24T18:30:53.789131
30,8,4,firsttouch,1,True,14,1.0976,1,2026-08-24T18:30:52.903073,2026-08-24T18:30:54.000704
30,8,1,firsttouch,1,True,12,0.8591,2,2026-08-24T18:30:53.267726,2026-08-24T18:30:54.126879
30,8,5,firsttouch,1,True,14,1.8119,1,2026-08-24T18:30:52.396758,2026-08-24T18:30:54.209264
30,8,4,firsttouch,1,True,15,0.6229,1,2026-08-24T18:30:54.001024,2026-08-24T18:30:54.623922
30,8,7,firsttouch,1,True,18,1.8374,100,2026-08-24T18:30:52.995520,2026-08-24T18:30:54.832985
30,8,5,firsttouch,1,True,15,0.6769,1,2026-08-24T18:30:54.209372,2026-08-24T18:30:54.886313
30,8,7,firsttouch,1,True,19,0.3646,1,2026-08-24T18:30:54.833487,2026-08-24T18:30:55.198156
30,8,4,firsttouch,1,True,16,0.76,27840,2026-08-24T18:30:54.624006,2026-08-24T18:30:55.384031
30,8,1,firsttouch,1,True,13,1.5398,45,2026-08-24T18:30:54.126983,2026-08-24T18:30:55.666767
30,8,6,firsttouch,1,True,17,3.4895,1,2026-08-24T18:30:52.417681,2026-08-24T18:30:55.907268
30,8,3,firsttouch,1,True,7,6.0474,4,2026-08-24T18:30:50.038159,2026-08-24T18:30:56.085582
30,8,7,firsttouch,1,True,20,1.2227,5404,2026-08-24T18:30:55.201841,2026-08-24T18:30:56.424633
30,8,2,firsttouch,1,True,9,2.8571,175,2026-08-24T18:30:53.603662,2026-08-24T18:30:56.460820
30,8,0,firsttouch,1,True,10,2.7164,20,2026-08-24T18:30:53.789216,2026-08-24T18:30:56.505621
30,8,4,firsttouch,1,True,17,1.1321,1,2026-08-24T18:30:55.389713,2026-08-24T18:30:56.521878
30,8,1,firsttouch,1,True,14,1.032,1,2026-08-24T18:30:55.673690,2026-08-24T18:30:56.705706
30,8,5,firsttouch,1,True,16,1.9668,27840,2026-08-24T18:30:54.886417,2026-08-24T18:30:56.853204
30,8,0,firsttouch,1,True,11,0.36,0,2026-08-24T18:30:56.505720,2026-08-24T18:30:56.865748
30,8,1,firsttouch,1,True,15,0.8189,1,2026-08-24T18:30:56.705794,2026-08-24T18:30:57.524712
30,8,7,firsttouch,1,True,21,1.8394,100,2026-08-24T18:30:56.424737,2026-08-24T18:30:58.264142
30,8,5,firsttouch,1,True,17,1.4654,1,2026-08-24T18:30:56.853316,2026-08-24T18:30:58.318730
30,8,2,firsttouch,1,True,10,1.8893,20,2026-08-24T18:30:56.460935,2026-08-24T18:30:58.350222
30,8,0,firsttouch,1,True,12,1.5365,2,2026-08-24T18:30:56.865858,2026-08-24T18:30:58.402381
30,8,2,firsttouch,1,True,11,0.1955,0,2026-08-24T18:30:58.350504,2026-08-24T18:30:58.546049
30,8,1,firsttouch,1,True,16,1.0202,27840,2026-08-24T18:30:57.524816,2026-08-24T18:30:58.558831
30,8,2,firsttouch,1,True,12,0.842,2,2026-08-24T18:30:58.546154,2026-08-24T18:30:59.388187
30,8,1,firsttouch,1,True,17,0.93,1,2026-08-24T18:30:58.558951,2026-08-24T18:30:59.488953
30,8,7,firsttouch,1,True,22,1.2312,7,2026-08-24T18:30:58.264262,2026-08-24T18:30:59.495508
30,8,5,firsttouch,1,True,18,1.9906,100,2026-08-24T18:30:58.319035,2026-08-24T18:31:00.309689
30,8,7,firsttouch,1,True,1,0.9517,4,2026-08-24T18:30:59.495611,2026-08-24T18:31:00.447352
30,8,7,firsttouch,1,True,2,0.3349,100,2026-08-24T18:31:00.447466,2026-08-24T18:31:00.782369
30,8,4,firsttouch,1,True,18,4.3509,100,2026-08-24T18:30:56.521980,2026-08-24T18:31:00.872922
30,8,5,firsttouch,1,True,19,0.6357,1,2026-08-24T18:31:00.309793,2026-08-24T18:31:00.945491
30,8,2,firsttouch,1,True,13,1.7568,45,2026-08-24T18:30:59.388460,2026-08-24T18:31:01.145290
30,8,0,firsttouch,1,True,13,2.812,45,2026-08-24T18:30:58.402642,2026-08-24T18:31:01.214630
30,8,1,firsttouch,1,True,18,1.8208,100,2026-08-24T18:30:59.489274,2026-08-24T18:31:01.310119
30,8,4,firsttouch,1,True,19,0.5745,1,2026-08-24T18:31:00.873022,2026-08-24T18:31:01.447559
30,8,7,firsttouch,1,True,3,0.9651,10,2026-08-24T18:31:00.782466,2026-08-24T18:31:01.747556
30,8,2,firsttouch,1,True,14,0.7636,1,2026-08-24T18:31:01.145381,2026-08-24T18:31:01.908959
30,8,1,firsttouch,1,True,19,0.6094,1,2026-08-24T18:31:01.310204,2026-08-24T18:31:01.919642
30,8,5,firsttouch,1,True,20,1.066,5404,2026-08-24T18:31:00.945583,2026-08-24T18:31:02.011566
30,8,6,firsttouch,1,True,18,6.1802,100,2026-08-24T18:30:55.907578,2026-08-24T18:31:02.087804
30,8,2,firsttouch,1,True,15,0.3637,1,2026-08-24T18:31:01.909057,2026-08-24T18:31:02.272759
30,8,7,firsttouch,1,True,4,0.57,5,2026-08-24T18:31:01.747666,2026-08-24T18:31:02.317712
30,8,3,firsttouch,1,True,8,6.3385,2,2026-08-24T18:30:56.085754,2026-08-24T18:31:02.424246
30,8,0,firsttouch,1,True,14,1.3836,1,2026-08-24T18:31:01.214876,2026-08-24T18:31:02.598459
30,8,1,firsttouch,1,True,20,0.7194,5404,2026-08-24T18:31:01.919727,2026-08-24T18:31:02.640298
30,8,0,firsttouch,1,True,15,0.5744,1,2026-08-24T18:31:02.601767,2026-08-24T18:31:03.176158
30,8,2,firsttouch,1,True,16,0.9602,27840,2026-08-24T18:31:02.273034,2026-08-24T18:31:03.233218
30,8,6,firsttouch,1,True,19,1.3751,1,2026-08-24T18:31:02.087897,2026-08-24T18:31:03.463032
30,8,4,firsttouch,1,True,20,2.2329,5404,2026-08-24T18:31:01.447665,2026-08-24T18:31:03.680639
30,8,7,firsttouch,1,True,5,1.3825,5,2026-08-24T18:31:02.321782,2026-08-24T18:31:03.704297
30,8,7,firsttouch,1,True,6,0.1434,1,2026-08-24T18:31:03.704391,2026-08-24T18:31:03.847855
30,8,2,firsttouch,1,True,17,0.8393,1,2026-08-24T18:31:03.233317,2026-08-24T18:31:04.072649
30,8,5,firsttouch,1,True,21,2.2654,100,2026-08-24T18:31:02.017791,2026-08-24T18:31:04.283276
30,8,1,firsttouch,1,True,21,1.7046,100,2026-08-24T18:31:02.640384,2026-08-24T18:31:04.344973
30,8,0,firsttouch,1,True,16,1.8253,27840,2026-08-24T18:31:03.176278,2026-08-24T18:31:05.001584
30,8,7,firsttouch,1,True,7,1.1677,4,2026-08-24T18:31:03.848137,2026-08-24T18:31:05.015858
30,8,1,firsttouch,1,True,22,0.7886,7,2026-08-24T18:31:04.345288,2026-08-24T18:31:05.133960
30,8,2,firsttouch,1,True,18,1.1528,100,2026-08-24T18:31:04.072940,2026-08-24T18:31:05.225741
30,8,5,firsttouch,1,True,22,1.1053,7,2026-08-24T18:31:04.283367,2026-08-24T18:31:05.388740
30,8,1,firsttouch,1,True,1,0.3209,4,2026-08-24T18:31:05.134055,2026-08-24T18:31:05.454960
30,8,0,firsttouch,1,True,17,0.6378,1,2026-08-24T18:31:05.001759,2026-08-24T18:31:05.639599
30,8,2,firsttouch,1,True,19,0.6287,1,2026-08-24T18:31:05.226024,2026-08-24T18:31:05.854727
30,8,5,firsttouch,1,True,1,0.6184,4,2026-08-24T18:31:05.388819,2026-08-24T18:31:06.007220
30,8,5,firsttouch,1,True,2,0.2424,100,2026-08-24T18:31:06.007314,2026-08-24T18:31:06.249708
30,8,2,firsttouch,1,True,20,0.8591,5404,2026-08-24T18:31:05.855012,2026-08-24T18:31:06.714147
30,8,4,firsttouch,1,True,21,3.2236,100,2026-08-24T18:31:03.680735,2026-08-24T18:31:06.904381
30,8,0,firsttouch,1,True,18,1.4374,100,2026-08-24T18:31:05.639702,2026-08-24T18:31:07.077110
30,8,5,firsttouch,1,True,3,0.9567,10,2026-08-24T18:31:06.250001,2026-08-24T18:31:07.206728
30,8,6,firsttouch,1,True,20,3.75,5404,2026-08-24T18:31:03.463129,2026-08-24T18:31:07.213120
30,8,0,firsttouch,1,True,19,0.3555,1,2026-08-24T18:31:07.077196,2026-08-24T18:31:07.432715
30,8,5,firsttouch,1,True,4,0.9431,5,2026-08-24T18:31:07.210720,2026-08-24T18:31:08.154306
30,8,2,firsttouch,1,True,21,1.4608,100,2026-08-24T18:31:06.714255,2026-08-24T18:31:08.175044
30,8,4,firsttouch,1,True,22,1.3571,7,2026-08-24T18:31:06.904476,2026-08-24T18:31:08.261585
30,8,0,firsttouch,1,True,20,0.9628,5404,2026-08-24T18:31:07.432822,2026-08-24T18:31:08.395642
30,8,4,firsttouch,1,True,1,0.6456,4,2026-08-24T18:31:08.261722,2026-08-24T18:31:08.907387
30,8,3,firsttouch,1,True,9,6.555,175,2026-08-24T18:31:02.424523,2026-08-24T18:31:08.979600
30,8,5,firsttouch,1,True,5,1.1878,5,2026-08-24T18:31:08.154588,2026-08-24T18:31:09.342426
30,8,2,firsttouch,1,True,22,1.2055,7,2026-08-24T18:31:08.175145,2026-08-24T18:31:09.380703
30,8,4,firsttouch,1,True,2,0.6297,100,2026-08-24T18:31:08.907665,2026-08-24T18:31:09.537393
30,8,2,firsttouch,1,True,1,0.3585,4,2026-08-24T18:31:09.385676,2026-08-24T18:31:09.744172
30,8,0,firsttouch,1,True,21,1.4488,100,2026-08-24T18:31:08.395754,2026-08-24T18:31:09.844569
30,8,6,firsttouch,1,True,21,2.8143,100,2026-08-24T18:31:07.213318,2026-08-24T18:31:10.027605
30,8,2,firsttouch,1,True,2,0.3093,100,2026-08-24T18:31:09.744441,2026-08-24T18:31:10.053761
30,8,4,firsttouch,1,True,3,0.6572,10,2026-08-24T18:31:09.537473,2026-08-24T18:31:10.194647
30,8,3,firsttouch,1,True,10,1.4948,20,2026-08-24T18:31:08.979711,2026-08-24T18:31:10.474536
30,8,0,firsttouch,1,True,22,0.6322,7,2026-08-24T18:31:09.844845,2026-08-24T18:31:10.477041
30,8,3,firsttouch,1,True,11,0.2094,0,2026-08-24T18:31:10.474629,2026-08-24T18:31:10.684075
30,8,4,firsttouch,1,True,4,0.5152,5,2026-08-24T18:31:10.194729,2026-08-24T18:31:10.709924
30,8,6,firsttouch,1,True,22,0.7739,7,2026-08-24T18:31:10.027746,2026-08-24T18:31:10.801689
30,8,6,firsttouch,1,True,1,0.2248,4,2026-08-24T18:31:10.801764,2026-08-24T18:31:11.026588
30,8,3,firsttouch,1,True,12,0.3741,2,2026-08-24T18:31:10.684160,2026-08-24T18:31:11.058291
30,8,6,firsttouch,1,True,2,0.3904,100,2026-08-24T18:31:11.026706,2026-08-24T18:31:11.417121
30,8,3,firsttouch,1,True,13,0.5669,45,2026-08-24T18:31:11.058366,2026-08-24T18:31:11.625245
30,8,6,firsttouch,1,True,3,0.3832,10,2026-08-24T18:31:11.417442,2026-08-24T18:31:11.800646
30,8,3,firsttouch,1,True,14,0.2995,1,2026-08-24T18:31:11.625327,2026-08-24T18:31:11.924811
30,8,3,firsttouch,1,True,15,0.2443,1,2026-08-24T18:31:11.924907,2026-08-24T18:31:12.169254
30,8,6,firsttouch,1,True,4,0.375,5,2026-08-24T18:31:11.800726,2026-08-24T18:31:12.175713
30,8,6,firsttouch,1,True,5,0.3639,5,2026-08-24T18:31:12.175790,2026-08-24T18:31:12.539695
30,8,6,firsttouch,1,True,6,0.0664,1,2026-08-24T18:31:12.539805,2026-08-24T18:31:12.606269
30,8,3,firsttouch,1,True,16,0.4806,27840,2026-08-24T18:31:12.169328,2026-08-24T18:31:12.649972
30,8,3,firsttouch,1,True,17,0.2002,1,2026-08-24T18:31:12.650036,2026-08-24T18:31:12.850227
30,8,3,firsttouch,1,True,18,0.5763,100,2026-08-24T18:31:12.850303,2026-08-24T18:31:13.426658
30,8,3,firsttouch,1,True,19,0.1666,1,2026-08-24T18:31:13.426719,2026-08-24T18:31:13.593363
30,8,3,firsttouch,1,True,20,0.236,5404,2026-08-24T18:31:13.593430,2026-08-24T18:31:13.829419
30,8,3,firsttouch,1,True,21,0.5179,100,2026-08-24T18:31:13.829485,2026-08-24T18:31:14.347374
30,8,3,firsttouch,1,True,22,0.2327,7,2026-08-24T18:31:14.347440,2026-08-24T18:31:14.580189
30,8,3,firsttouch,1,True,1,0.1999,4,2026-08-24T18:31:14.580257,2026-08-24T18:31:14.780198
30,8,3,firsttouch,1,True,2,0.0925,100,2026-08-24T18:31:14.780265,2026-08-24T18:31:14.872759
30,8,3,firsttouch,1,True,3,0.2983,10,2026-08-24T18:31:14.872823,2026-08-24T18:31:15.171116
30,8,0,firsttouch,2,False,1,0.2163,4,2026-08-24T18:31:15.202458,2026-08-24T18:31:15.418760
30,8,5,firsttouch,2,False,6,0.2562,1,2026-08-24T18:31:15.237706,2026-08-24T18:31:15.493957
30,8,1,firsttouch,2,False,2,0.534,100,2026-08-24T18:31:15.205169,2026-08-24T18:31:15.739147
30,8,0,firsttouch,2,False,2,0.3535,100,2026-08-24T18:31:15.418840,2026-08-24T18:31:15.772314
30,8,2,firsttouch,2,False,3,1.065,10,2026-08-24T18:31:15.213851,2026-08-24T18:31:16.278895
30,8,3,firsttouch,2,False,4,1.06,5,2026-08-24T18:31:15.221857,2026-08-24T18:31:16.281876
30,8,5,firsttouch,2,False,7,1.1703,4,2026-08-24T18:31:15.494049,2026-08-24T18:31:16.664332
30,8,7,firsttouch,2,False,8,1.4245,2,2026-08-24T18:31:15.255622,2026-08-24T18:31:16.680193
30,8,0,firsttouch,2,False,3,1.1541,10,2026-08-24T18:31:15.772414,2026-08-24T18:31:16.926532
30,8,1,firsttouch,2,False,3,1.1908,10,2026-08-24T18:31:15.739233,2026-08-24T18:31:16.930103
30,8,2,firsttouch,2,False,4,0.6967,5,2026-08-24T18:31:16.278992,2026-08-24T18:31:16.975739
30,8,4,firsttouch,2,False,5,2.061,5,2026-08-24T18:31:15.229847,2026-08-24T18:31:17.290859
30,8,3,firsttouch,2,False,5,1.2327,5,2026-08-24T18:31:16.281941,2026-08-24T18:31:17.514681
30,8,0,firsttouch,2,False,4,0.9075,5,2026-08-24T18:31:16.926620,2026-08-24T18:31:17.834192
30,8,3,firsttouch,2,False,6,0.3486,1,2026-08-24T18:31:17.514776,2026-08-24T18:31:17.863375
30,8,1,firsttouch,2,False,4,0.9578,5,2026-08-24T18:31:16.930191,2026-08-24T18:31:17.888003
30,8,2,firsttouch,2,False,5,1.1477,5,2026-08-24T18:31:16.975834,2026-08-24T18:31:18.123575
30,8,5,firsttouch,2,False,8,1.6036,2,2026-08-24T18:31:16.664430,2026-08-24T18:31:18.268089
30,8,2,firsttouch,2,False,6,0.1616,1,2026-08-24T18:31:18.123672,2026-08-24T18:31:18.285312
30,8,4,firsttouch,2,False,6,1.1196,1,2026-08-24T18:31:17.290941,2026-08-24T18:31:18.410551
30,8,6,firsttouch,2,False,7,3.2195,4,2026-08-24T18:31:15.245656,2026-08-24T18:31:18.465179
30,8,1,firsttouch,2,False,5,0.8654,5,2026-08-24T18:31:17.888101,2026-08-24T18:31:18.753558
30,8,0,firsttouch,2,False,5,0.9395,5,2026-08-24T18:31:17.834467,2026-08-24T18:31:18.774013
30,8,1,firsttouch,2,False,6,0.1469,1,2026-08-24T18:31:18.769676,2026-08-24T18:31:18.916661
30,8,0,firsttouch,2,False,6,0.2318,1,2026-08-24T18:31:18.774129,2026-08-24T18:31:19.005981
30,8,3,firsttouch,2,False,7,1.2122,4,2026-08-24T18:31:17.863469,2026-08-24T18:31:19.075698
30,8,2,firsttouch,2,False,7,1.201,4,2026-08-24T18:31:18.285409,2026-08-24T18:31:19.486416
30,8,0,firsttouch,2,False,7,0.9813,4,2026-08-24T18:31:19.006065,2026-08-24T18:31:19.987398
30,8,1,firsttouch,2,False,7,1.0764,4,2026-08-24T18:31:18.916939,2026-08-24T18:31:19.993320
30,8,3,firsttouch,2,False,8,0.9767,2,2026-08-24T18:31:19.075797,2026-08-24T18:31:20.052553
30,8,2,firsttouch,2,False,8,0.7784,2,2026-08-24T18:31:19.486506,2026-08-24T18:31:20.264957
30,8,6,firsttouch,2,False,8,1.9603,2,2026-08-24T18:31:18.465474,2026-08-24T18:31:20.425820
30,8,4,firsttouch,2,False,7,2.2569,4,2026-08-24T18:31:18.410644,2026-08-24T18:31:20.667590
30,8,1,firsttouch,2,False,8,0.7294,2,2026-08-24T18:31:19.994096,2026-08-24T18:31:20.723512
30,8,0,firsttouch,2,False,8,0.7527,2,2026-08-24T18:31:19.987498,2026-08-24T18:31:20.740270
30,8,5,firsttouch,2,False,9,3.272,175,2026-08-24T18:31:18.268384,2026-08-24T18:31:21.540411
30,8,2,firsttouch,2,False,9,2.033,175,2026-08-24T18:31:20.265257,2026-08-24T18:31:22.298285
30,8,4,firsttouch,2,False,8,1.9667,2,2026-08-24T18:31:20.667680,2026-08-24T18:31:22.634422
30,8,3,firsttouch,2,False,9,2.7565,175,2026-08-24T18:31:20.052659,2026-08-24T18:31:22.809194
30,8,1,firsttouch,2,False,9,2.622,175,2026-08-24T18:31:20.723608,2026-08-24T18:31:23.345651
30,8,0,firsttouch,2,False,9,3.0601,175,2026-08-24T18:31:20.740379,2026-08-24T18:31:23.800544
30,8,5,firsttouch,2,False,10,2.5829,20,2026-08-24T18:31:21.540512,2026-08-24T18:31:24.123450
30,8,2,firsttouch,2,False,10,1.91,20,2026-08-24T18:31:22.298373,2026-08-24T18:31:24.208377
30,8,2,firsttouch,2,False,11,0.2859,0,2026-08-24T18:31:24.208665,2026-08-24T18:31:24.494557
30,8,1,firsttouch,2,False,10,1.2582,20,2026-08-24T18:31:23.345742,2026-08-24T18:31:24.603975
30,8,3,firsttouch,2,False,10,2.0347,20,2026-08-24T18:31:22.809302,2026-08-24T18:31:24.844066
30,8,1,firsttouch,2,False,11,0.3112,0,2026-08-24T18:31:24.604074,2026-08-24T18:31:24.915303
30,8,5,firsttouch,2,False,11,1.0485,0,2026-08-24T18:31:24.123553,2026-08-24T18:31:25.172109
30,8,2,firsttouch,2,False,12,0.7064,2,2026-08-24T18:31:24.494845,2026-08-24T18:31:25.201320
30,8,3,firsttouch,2,False,11,0.3815,0,2026-08-24T18:31:24.844167,2026-08-24T18:31:25.225728
30,8,0,firsttouch,2,False,10,1.4331,20,2026-08-24T18:31:23.800633,2026-08-24T18:31:25.233754
30,8,1,firsttouch,2,False,12,0.7467,2,2026-08-24T18:31:24.921690,2026-08-24T18:31:25.668439
30,8,0,firsttouch,2,False,11,0.7254,0,2026-08-24T18:31:25.240945,2026-08-24T18:31:25.966353
30,8,5,firsttouch,2,False,12,1.0293,2,2026-08-24T18:31:25.172409,2026-08-24T18:31:26.201699
30,8,3,firsttouch,2,False,12,1.0682,2,2026-08-24T18:31:25.225823,2026-08-24T18:31:26.294002
30,8,2,firsttouch,2,False,13,1.4531,45,2026-08-24T18:31:25.201420,2026-08-24T18:31:26.654588
30,8,0,firsttouch,2,False,12,0.9466,2,2026-08-24T18:31:25.966636,2026-08-24T18:31:26.913263
30,8,1,firsttouch,2,False,13,1.4377,45,2026-08-24T18:31:25.668731,2026-08-24T18:31:27.106435
30,8,2,firsttouch,2,False,14,1.1757,1,2026-08-24T18:31:26.654689,2026-08-24T18:31:27.830425
30,8,3,firsttouch,2,False,13,1.6318,45,2026-08-24T18:31:26.297677,2026-08-24T18:31:27.929500
30,8,1,firsttouch,2,False,14,1.0874,1,2026-08-24T18:31:27.106532,2026-08-24T18:31:28.193912
30,8,2,firsttouch,2,False,15,0.3896,1,2026-08-24T18:31:27.830572,2026-08-24T18:31:28.220154
30,8,3,firsttouch,2,False,14,1.2299,1,2026-08-24T18:31:27.935711,2026-08-24T18:31:29.165685
30,8,0,firsttouch,2,False,13,2.2586,45,2026-08-24T18:31:26.913379,2026-08-24T18:31:29.172045
30,8,1,firsttouch,2,False,15,1.0065,1,2026-08-24T18:31:28.203848,2026-08-24T18:31:29.210375
30,8,4,firsttouch,2,False,9,6.589,175,2026-08-24T18:31:22.634516,2026-08-24T18:31:29.223573
30,8,3,firsttouch,2,False,15,0.3287,1,2026-08-24T18:31:29.165787,2026-08-24T18:31:29.494489
30,8,5,firsttouch,2,False,13,3.3467,45,2026-08-24T18:31:26.201962,2026-08-24T18:31:29.550521
30,8,2,firsttouch,2,False,16,1.4085,27840,2026-08-24T18:31:28.220261,2026-08-24T18:31:29.628795
30,8,7,firsttouch,2,False,9,12.9645,175,2026-08-24T18:31:16.680470,2026-08-24T18:31:29.645007
30,8,0,firsttouch,2,False,14,0.8424,1,2026-08-24T18:31:29.172330,2026-08-24T18:31:30.014744
30,8,6,firsttouch,2,False,9,9.7093,175,2026-08-24T18:31:20.426117,2026-08-24T18:31:30.135492
30,8,1,firsttouch,2,False,16,1.0698,27840,2026-08-24T18:31:29.210477,2026-08-24T18:31:30.280332
30,8,0,firsttouch,2,False,15,0.2864,1,2026-08-24T18:31:30.014852,2026-08-24T18:31:30.301339
30,8,2,firsttouch,2,False,17,0.7225,1,2026-08-24T18:31:29.637668,2026-08-24T18:31:30.360225
30,8,3,firsttouch,2,False,16,1.1414,27840,2026-08-24T18:31:29.494603,2026-08-24T18:31:30.636015
30,8,1,firsttouch,2,False,17,0.753,1,2026-08-24T18:31:30.285634,2026-08-24T18:31:31.038657
30,8,3,firsttouch,2,False,17,0.8199,1,2026-08-24T18:31:30.641690,2026-08-24T18:31:31.461641
30,8,0,firsttouch,2,False,16,1.2969,27840,2026-08-24T18:31:30.301457,2026-08-24T18:31:31.598341
30,8,5,firsttouch,2,False,14,2.113,1,2026-08-24T18:31:29.550640,2026-08-24T18:31:31.663675
30,8,2,firsttouch,2,False,18,1.7835,100,2026-08-24T18:31:30.360544,2026-08-24T18:31:32.144053
30,8,0,firsttouch,2,False,17,0.9186,1,2026-08-24T18:31:31.598480,2026-08-24T18:31:32.517089
30,8,1,firsttouch,2,False,18,1.5807,100,2026-08-24T18:31:31.038758,2026-08-24T18:31:32.619487
30,8,2,firsttouch,2,False,19,0.5098,1,2026-08-24T18:31:32.144159,2026-08-24T18:31:32.653981
30,8,5,firsttouch,2,False,15,1.2149,1,2026-08-24T18:31:31.663781,2026-08-24T18:31:32.878728
30,8,1,firsttouch,2,False,19,0.4523,1,2026-08-24T18:31:32.619771,2026-08-24T18:31:33.072132
30,8,3,firsttouch,2,False,18,1.7307,100,2026-08-24T18:31:31.461742,2026-08-24T18:31:33.192461
30,8,2,firsttouch,2,False,20,1.2865,5404,2026-08-24T18:31:32.654069,2026-08-24T18:31:33.940580
30,8,3,firsttouch,2,False,19,0.7956,1,2026-08-24T18:31:33.192571,2026-08-24T18:31:33.988205
30,8,1,firsttouch,2,False,20,0.95,5404,2026-08-24T18:31:33.072239,2026-08-24T18:31:34.022250
30,8,4,firsttouch,2,False,10,4.8347,20,2026-08-24T18:31:29.223863,2026-08-24T18:31:34.058590
30,8,0,firsttouch,2,False,18,1.8007,100,2026-08-24T18:31:32.517197,2026-08-24T18:31:34.317967
30,8,4,firsttouch,2,False,11,0.4746,0,2026-08-24T18:31:34.058843,2026-08-24T18:31:34.533497
30,8,5,firsttouch,2,False,16,1.7604,27840,2026-08-24T18:31:32.879008,2026-08-24T18:31:34.639401
30,8,3,firsttouch,2,False,20,1.018,5404,2026-08-24T18:31:33.988468,2026-08-24T18:31:35.006543
30,8,0,firsttouch,2,False,19,1.3095,1,2026-08-24T18:31:34.318235,2026-08-24T18:31:35.627772
30,8,2,firsttouch,2,False,21,1.7115,100,2026-08-24T18:31:33.940870,2026-08-24T18:31:35.652437
30,8,6,firsttouch,2,False,10,5.5325,20,2026-08-24T18:31:30.135586,2026-08-24T18:31:35.668106
30,8,5,firsttouch,2,False,17,1.1856,1,2026-08-24T18:31:34.639507,2026-08-24T18:31:35.825137
30,8,1,firsttouch,2,False,21,1.8535,100,2026-08-24T18:31:34.022504,2026-08-24T18:31:35.876068
30,8,6,firsttouch,2,False,11,0.244,0,2026-08-24T18:31:35.668378,2026-08-24T18:31:35.912369
30,8,3,firsttouch,2,False,21,1.5234,100,2026-08-24T18:31:35.006642,2026-08-24T18:31:36.530117
30,8,0,firsttouch,2,False,20,0.9476,5404,2026-08-24T18:31:35.627862,2026-08-24T18:31:36.575509
30,8,4,firsttouch,2,False,12,2.1015,2,2026-08-24T18:31:34.533794,2026-08-24T18:31:36.635342
30,8,6,firsttouch,2,False,12,0.7938,2,2026-08-24T18:31:35.912470,2026-08-24T18:31:36.706301
30,8,1,firsttouch,2,False,22,1.011,7,2026-08-24T18:31:35.876166,2026-08-24T18:31:36.887207
30,8,1,firsttouch,2,False,1,0.6391,4,2026-08-24T18:31:36.887293,2026-08-24T18:31:37.526464
30,8,3,firsttouch,2,False,22,1.0766,7,2026-08-24T18:31:36.530217,2026-08-24T18:31:37.606894
30,8,6,firsttouch,2,False,13,1.5396,45,2026-08-24T18:31:36.706390,2026-08-24T18:31:38.246028
30,8,3,firsttouch,2,False,1,0.7413,4,2026-08-24T18:31:37.607015,2026-08-24T18:31:38.348365
30,8,5,firsttouch,2,False,18,2.7411,100,2026-08-24T18:31:35.825449,2026-08-24T18:31:38.566569
30,8,3,firsttouch,2,False,2,0.2523,100,2026-08-24T18:31:38.348684,2026-08-24T18:31:38.600993
30,8,2,firsttouch,2,False,22,3.1291,7,2026-08-24T18:31:35.657651,2026-08-24T18:31:38.786803
30,8,6,firsttouch,2,False,14,0.5967,1,2026-08-24T18:31:38.246285,2026-08-24T18:31:38.842989
30,8,0,firsttouch,2,False,21,2.3166,100,2026-08-24T18:31:36.575606,2026-08-24T18:31:38.892263
30,8,5,firsttouch,2,False,19,0.4935,1,2026-08-24T18:31:38.566888,2026-08-24T18:31:39.060454
30,8,6,firsttouch,2,False,15,0.3398,1,2026-08-24T18:31:38.843091,2026-08-24T18:31:39.182947
30,8,2,firsttouch,2,False,1,0.7163,4,2026-08-24T18:31:38.787087,2026-08-24T18:31:39.503426
30,8,3,firsttouch,2,False,3,1.0212,10,2026-08-24T18:31:38.601281,2026-08-24T18:31:39.622500
30,8,7,firsttouch,2,False,10,10.107,20,2026-08-24T18:31:29.645105,2026-08-24T18:31:39.752118
30,8,5,firsttouch,2,False,20,0.716,5404,2026-08-24T18:31:39.060752,2026-08-24T18:31:39.776800
30,8,0,firsttouch,2,False,22,0.9396,7,2026-08-24T18:31:38.892365,2026-08-24T18:31:39.832021
30,8,4,firsttouch,2,False,13,3.2501,45,2026-08-24T18:31:36.635638,2026-08-24T18:31:39.885731
30,8,7,firsttouch,2,False,11,0.1515,0,2026-08-24T18:31:39.752217,2026-08-24T18:31:39.903787
30,8,6,firsttouch,2,False,16,0.7845,27840,2026-08-24T18:31:39.183276,2026-08-24T18:31:39.967794
30,8,2,firsttouch,2,False,2,0.4642,100,2026-08-24T18:31:39.503716,2026-08-24T18:31:39.967943
30,8,6,firsttouch,2,False,17,0.3808,1,2026-08-24T18:31:39.968040,2026-08-24T18:31:40.348911
30,8,7,firsttouch,2,False,12,0.491,2,2026-08-24T18:31:39.904071,2026-08-24T18:31:40.395110
30,8,4,firsttouch,2,False,14,0.9617,1,2026-08-24T18:31:39.885847,2026-08-24T18:31:40.847610
30,8,5,firsttouch,2,False,21,1.6508,100,2026-08-24T18:31:39.776946,2026-08-24T18:31:41.427746
30,8,4,firsttouch,2,False,15,0.61,1,2026-08-24T18:31:40.847709,2026-08-24T18:31:41.457759
30,8,6,firsttouch,2,False,18,1.1992,100,2026-08-24T18:31:40.349013,2026-08-24T18:31:41.548281
30,8,7,firsttouch,2,False,13,1.3158,45,2026-08-24T18:31:40.395390,2026-08-24T18:31:41.711226
30,8,6,firsttouch,2,False,19,0.2665,1,2026-08-24T18:31:41.548403,2026-08-24T18:31:41.814941
30,8,5,firsttouch,2,False,22,0.458,7,2026-08-24T18:31:41.427885,2026-08-24T18:31:41.885954
30,8,4,firsttouch,2,False,16,0.5955,27840,2026-08-24T18:31:41.457857,2026-08-24T18:31:42.053381
30,8,5,firsttouch,2,False,1,0.2416,4,2026-08-24T18:31:41.886201,2026-08-24T18:31:42.127875
30,8,7,firsttouch,2,False,14,0.5788,1,2026-08-24T18:31:41.711478,2026-08-24T18:31:42.290280
30,8,6,firsttouch,2,False,20,0.6916,5404,2026-08-24T18:31:41.815047,2026-08-24T18:31:42.506663
30,8,5,firsttouch,2,False,2,0.384,100,2026-08-24T18:31:42.127996,2026-08-24T18:31:42.512027
30,8,7,firsttouch,2,False,15,0.2241,1,2026-08-24T18:31:42.290565,2026-08-24T18:31:42.514654
30,8,4,firsttouch,2,False,17,0.7408,1,2026-08-24T18:31:42.053678,2026-08-24T18:31:42.794536
30,8,7,firsttouch,2,False,16,0.7821,27840,2026-08-24T18:31:42.514709,2026-08-24T18:31:43.296857
30,8,7,firsttouch,2,False,17,0.5471,1,2026-08-24T18:31:43.296976,2026-08-24T18:31:43.844069
30,8,6,firsttouch,2,False,21,1.3653,100,2026-08-24T18:31:42.506750,2026-08-24T18:31:43.872038
30,8,5,firsttouch,2,False,3,1.4932,10,2026-08-24T18:31:42.512072,2026-08-24T18:31:44.005311
30,8,4,firsttouch,2,False,18,1.4654,100,2026-08-24T18:31:42.794813,2026-08-24T18:31:44.260220
30,8,4,firsttouch,2,False,19,0.4424,1,2026-08-24T18:31:44.260333,2026-08-24T18:31:44.702762
30,8,5,firsttouch,2,False,4,0.7004,5,2026-08-24T18:31:44.005441,2026-08-24T18:31:44.705826
30,8,6,firsttouch,2,False,22,0.8538,7,2026-08-24T18:31:43.872136,2026-08-24T18:31:44.726010
30,8,7,firsttouch,2,False,18,0.8884,100,2026-08-24T18:31:43.844165,2026-08-24T18:31:44.732611
30,8,6,firsttouch,2,False,1,0.216,4,2026-08-24T18:31:44.726325,2026-08-24T18:31:44.942386
30,8,7,firsttouch,2,False,19,0.4155,1,2026-08-24T18:31:44.732720,2026-08-24T18:31:45.148206
30,8,6,firsttouch,2,False,2,0.287,100,2026-08-24T18:31:44.942671,2026-08-24T18:31:45.229705
30,8,4,firsttouch,2,False,20,0.8006,5404,2026-08-24T18:31:44.702843,2026-08-24T18:31:45.503463
30,8,5,firsttouch,2,False,5,0.8212,5,2026-08-24T18:31:44.705890,2026-08-24T18:31:45.527081
30,8,7,firsttouch,2,False,20,0.6606,5404,2026-08-24T18:31:45.148497,2026-08-24T18:31:45.809085
30,8,6,firsttouch,2,False,3,1.0355,10,2026-08-24T18:31:45.229787,2026-08-24T18:31:46.265302
30,8,4,firsttouch,2,False,21,1.0044,100,2026-08-24T18:31:45.503743,2026-08-24T18:31:46.508206
30,8,6,firsttouch,2,False,4,0.4765,5,2026-08-24T18:31:46.265576,2026-08-24T18:31:46.742078
30,8,7,firsttouch,2,False,21,1.0186,100,2026-08-24T18:31:45.809370,2026-08-24T18:31:46.827978
30,8,4,firsttouch,2,False,22,0.4187,7,2026-08-24T18:31:46.508404,2026-08-24T18:31:46.927103
30,8,6,firsttouch,2,False,5,0.4006,5,2026-08-24T18:31:46.742348,2026-08-24T18:31:47.142956
30,8,6,firsttouch,2,False,6,0.1455,1,2026-08-24T18:31:47.143036,2026-08-24T18:31:47.288553
30,8,4,firsttouch,2,False,1,0.462,4,2026-08-24T18:31:46.927383,2026-08-24T18:31:47.389433
30,8,7,firsttouch,2,False,22,0.5666,7,2026-08-24T18:31:46.828071,2026-08-24T18:31:47.394714
30,8,7,firsttouch,2,False,1,0.2042,4,2026-08-24T18:31:47.394758,2026-08-24T18:31:47.598952
30,8,4,firsttouch,2,False,2,0.2374,100,2026-08-24T18:31:47.389632,2026-08-24T18:31:47.627081
30,8,7,firsttouch,2,False,2,0.08,100,2026-08-24T18:31:47.599041,2026-08-24T18:31:47.679025
30,8,4,firsttouch,2,False,3,0.3316,10,2026-08-24T18:31:47.627150,2026-08-24T18:31:47.958743
30,8,7,firsttouch,2,False,3,0.5734,10,2026-08-24T18:31:47.679092,2026-08-24T18:31:48.252562
30,8,4,firsttouch,2,False,4,0.3728,5,2026-08-24T18:31:47.958818,2026-08-24T18:31:48.331679
30,8,7,firsttouch,2,False,4,0.2409,5,2026-08-24T18:31:48.252649,2026-08-24T18:31:48.493532
30,8,7,firsttouch,2,False,5,0.3192,5,2026-08-24T18:31:48.493623,2026-08-24T18:31:48.812851
30,8,7,firsttouch,2,False,6,0.06,1,2026-08-24T18:31:48.812917,2026-08-24T18:31:48.872970
30,8,7,firsttouch,2,False,7,0.2287,4,2026-08-24T18:31:48.873034,2026-08-24T18:31:49.101748
30,8,0,firsttouch,3,False,1,0.2239,4,2026-08-24T18:31:49.111160,2026-08-24T18:31:49.335064
30,8,5,firsttouch,3,False,6,0.2701,1,2026-08-24T18:31:49.137036,2026-08-24T18:31:49.407145
30,8,1,firsttouch,3,False,2,0.4886,100,2026-08-24T18:31:49.114442,2026-08-24T18:31:49.603114
30,8,0,firsttouch,3,False,2,0.3755,100,2026-08-24T18:31:49.335170,2026-08-24T18:31:49.710742
30,8,3,firsttouch,3,False,4,0.8021,5,2026-08-24T18:31:49.125365,2026-08-24T18:31:49.927482
30,8,2,firsttouch,3,False,3,1.2908,10,2026-08-24T18:31:49.121814,2026-08-24T18:31:50.412623
30,8,1,firsttouch,3,False,3,0.8869,10,2026-08-24T18:31:49.603211,2026-08-24T18:31:50.490116
30,8,7,firsttouch,3,False,8,1.4298,2,2026-08-24T18:31:49.169659,2026-08-24T18:31:50.599500
30,8,0,firsttouch,3,False,3,1.0157,10,2026-08-24T18:31:49.710868,2026-08-24T18:31:50.726641
30,8,4,firsttouch,3,False,5,1.7516,5,2026-08-24T18:31:49.130447,2026-08-24T18:31:50.882062
30,8,2,firsttouch,3,False,4,0.7793,5,2026-08-24T18:31:50.412897,2026-08-24T18:31:51.192218
30,8,3,firsttouch,3,False,5,1.3018,5,2026-08-24T18:31:49.927582,2026-08-24T18:31:51.229421
30,8,4,firsttouch,3,False,6,0.6373,1,2026-08-24T18:31:50.882336,2026-08-24T18:31:51.519663
30,8,1,firsttouch,3,False,4,1.1225,5,2026-08-24T18:31:50.490229,2026-08-24T18:31:51.612753
30,8,0,firsttouch,3,False,4,0.8932,5,2026-08-24T18:31:50.726741,2026-08-24T18:31:51.619967
30,8,3,firsttouch,3,False,6,0.4203,1,2026-08-24T18:31:51.229746,2026-08-24T18:31:51.650047
30,8,6,firsttouch,3,False,7,2.5324,4,2026-08-24T18:31:49.149716,2026-08-24T18:31:51.682138
30,8,5,firsttouch,3,False,7,2.3531,4,2026-08-24T18:31:49.407239,2026-08-24T18:31:51.760382
30,8,2,firsttouch,3,False,5,0.8616,5,2026-08-24T18:31:51.192514,2026-08-24T18:31:52.054171
30,8,2,firsttouch,3,False,6,0.4337,1,2026-08-24T18:31:52.054270,2026-08-24T18:31:52.487978
30,8,1,firsttouch,3,False,5,1.0262,5,2026-08-24T18:31:51.613037,2026-08-24T18:31:52.639261
30,8,0,firsttouch,3,False,5,1.0256,5,2026-08-24T18:31:51.620051,2026-08-24T18:31:52.645674
30,8,0,firsttouch,3,False,6,0.2889,1,2026-08-24T18:31:52.645946,2026-08-24T18:31:52.934916
30,8,1,firsttouch,3,False,6,0.3074,1,2026-08-24T18:31:52.639369,2026-08-24T18:31:52.946833
30,8,3,firsttouch,3,False,7,1.3965,4,2026-08-24T18:31:51.650145,2026-08-24T18:31:53.046695
30,8,2,firsttouch,3,False,7,0.9574,4,2026-08-24T18:31:52.488072,2026-08-24T18:31:53.445453
30,8,4,firsttouch,3,False,7,1.979,4,2026-08-24T18:31:51.519946,2026-08-24T18:31:53.499013
30,8,1,firsttouch,3,False,7,0.7507,4,2026-08-24T18:31:52.946928,2026-08-24T18:31:53.697672
30,8,0,firsttouch,3,False,7,0.7758,4,2026-08-24T18:31:52.935014,2026-08-24T18:31:53.710818
30,8,5,firsttouch,3,False,8,2.0128,2,2026-08-24T18:31:51.760503,2026-08-24T18:31:53.773284
30,8,3,firsttouch,3,False,8,0.7363,2,2026-08-24T18:31:53.046981,2026-08-24T18:31:53.783307
30,8,6,firsttouch,3,False,8,2.6686,2,2026-08-24T18:31:51.682241,2026-08-24T18:31:54.350874
30,8,2,firsttouch,3,False,8,0.9159,2,2026-08-24T18:31:53.445803,2026-08-24T18:31:54.361726
30,8,0,firsttouch,3,False,8,0.7016,2,2026-08-24T18:31:53.710905,2026-08-24T18:31:54.412486
30,8,1,firsttouch,3,False,8,0.7679,2,2026-08-24T18:31:53.697774,2026-08-24T18:31:54.465695
30,8,4,firsttouch,3,False,8,1.1277,2,2026-08-24T18:31:53.499107,2026-08-24T18:31:54.626860
30,8,0,firsttouch,3,False,9,2.4568,175,2026-08-24T18:31:54.412749,2026-08-24T18:31:56.869631
30,8,6,firsttouch,3,False,9,2.5245,175,2026-08-24T18:31:54.350971,2026-08-24T18:31:56.875477
30,8,5,firsttouch,3,False,9,3.6069,175,2026-08-24T18:31:53.773393,2026-08-24T18:31:57.380355
30,8,1,firsttouch,3,False,9,3.0462,175,2026-08-24T18:31:54.465791,2026-08-24T18:31:57.512020
30,8,4,firsttouch,3,False,9,3.3006,175,2026-08-24T18:31:54.626998,2026-08-24T18:31:57.927630
30,8,3,firsttouch,3,False,9,4.6382,175,2026-08-24T18:31:53.783406,2026-08-24T18:31:58.421640
30,8,0,firsttouch,3,False,10,2.0139,20,2026-08-24T18:31:56.869930,2026-08-24T18:31:58.883903
30,8,6,firsttouch,3,False,10,2.0172,20,2026-08-24T18:31:56.875585,2026-08-24T18:31:58.892776
30,8,0,firsttouch,3,False,11,0.1998,0,2026-08-24T18:31:58.884197,2026-08-24T18:31:59.083993
30,8,1,firsttouch,3,False,10,1.5918,20,2026-08-24T18:31:57.512119,2026-08-24T18:31:59.103960
30,8,6,firsttouch,3,False,11,0.4958,0,2026-08-24T18:31:58.892895,2026-08-24T18:31:59.388721
30,8,1,firsttouch,3,False,11,0.3448,0,2026-08-24T18:31:59.109690,2026-08-24T18:31:59.454493
30,8,5,firsttouch,3,False,10,2.2076,20,2026-08-24T18:31:57.380466,2026-08-24T18:31:59.588047
30,8,0,firsttouch,3,False,12,0.7125,2,2026-08-24T18:31:59.084109,2026-08-24T18:31:59.796611
30,8,5,firsttouch,3,False,11,0.2292,0,2026-08-24T18:31:59.588358,2026-08-24T18:31:59.817583
30,8,1,firsttouch,3,False,12,0.7476,2,2026-08-24T18:31:59.454619,2026-08-24T18:32:00.202204
30,8,6,firsttouch,3,False,12,0.8266,2,2026-08-24T18:31:59.389670,2026-08-24T18:32:00.216321
30,8,4,firsttouch,3,False,10,3.2527,20,2026-08-24T18:31:57.927945,2026-08-24T18:32:01.180680
30,8,5,firsttouch,3,False,12,1.3938,2,2026-08-24T18:31:59.817706,2026-08-24T18:32:01.211549
30,8,4,firsttouch,3,False,11,0.694,0,2026-08-24T18:32:01.180767,2026-08-24T18:32:01.874761
30,8,6,firsttouch,3,False,13,1.6651,45,2026-08-24T18:32:00.216617,2026-08-24T18:32:01.881714
30,8,1,firsttouch,3,False,13,1.7216,45,2026-08-24T18:32:00.202329,2026-08-24T18:32:01.923938
30,8,0,firsttouch,3,False,13,2.1386,45,2026-08-24T18:31:59.796916,2026-08-24T18:32:01.935546
30,8,3,firsttouch,3,False,10,3.9378,20,2026-08-24T18:31:58.421945,2026-08-24T18:32:02.359758
30,8,0,firsttouch,3,False,14,0.9275,1,2026-08-24T18:32:01.935641,2026-08-24T18:32:02.863156
30,8,4,firsttouch,3,False,12,1.0262,2,2026-08-24T18:32:01.874848,2026-08-24T18:32:02.901029
30,8,1,firsttouch,3,False,14,0.9801,1,2026-08-24T18:32:01.924039,2026-08-24T18:32:02.904178
30,8,5,firsttouch,3,False,13,1.7092,45,2026-08-24T18:32:01.211655,2026-08-24T18:32:02.920863
30,8,7,firsttouch,3,False,9,12.4146,175,2026-08-24T18:31:50.599794,2026-08-24T18:32:03.014419
30,8,1,firsttouch,3,False,15,0.3619,1,2026-08-24T18:32:02.904462,2026-08-24T18:32:03.266405
30,8,0,firsttouch,3,False,15,0.4146,1,2026-08-24T18:32:02.863444,2026-08-24T18:32:03.278084
30,8,6,firsttouch,3,False,14,1.6861,1,2026-08-24T18:32:01.881807,2026-08-24T18:32:03.567896
30,8,3,firsttouch,3,False,11,1.3974,0,2026-08-24T18:32:02.359932,2026-08-24T18:32:03.757403
30,8,5,firsttouch,3,False,14,0.8508,1,2026-08-24T18:32:02.921156,2026-08-24T18:32:03.771944
30,8,1,firsttouch,3,False,16,0.7552,27840,2026-08-24T18:32:03.266678,2026-08-24T18:32:04.021898
30,8,6,firsttouch,3,False,15,0.4796,1,2026-08-24T18:32:03.568024,2026-08-24T18:32:04.047665
30,8,4,firsttouch,3,False,13,1.5848,45,2026-08-24T18:32:02.901117,2026-08-24T18:32:04.487983
30,8,0,firsttouch,3,False,16,1.2857,27840,2026-08-24T18:32:03.278175,2026-08-24T18:32:04.563867
30,8,3,firsttouch,3,False,12,0.872,2,2026-08-24T18:32:03.757496,2026-08-24T18:32:04.629526
30,8,5,firsttouch,3,False,15,0.912,1,2026-08-24T18:32:03.772051,2026-08-24T18:32:04.684121
30,8,1,firsttouch,3,False,17,0.7951,1,2026-08-24T18:32:04.022031,2026-08-24T18:32:04.817181
30,8,2,firsttouch,3,False,9,10.7948,175,2026-08-24T18:31:54.361809,2026-08-24T18:32:05.156612
30,8,0,firsttouch,3,False,17,1.0006,1,2026-08-24T18:32:04.563980,2026-08-24T18:32:05.564619
30,8,4,firsttouch,3,False,14,1.5191,1,2026-08-24T18:32:04.488111,2026-08-24T18:32:06.007218
30,8,4,firsttouch,3,False,15,0.4777,1,2026-08-24T18:32:06.007337,2026-08-24T18:32:06.485040
30,8,1,firsttouch,3,False,18,1.6959,100,2026-08-24T18:32:04.817283,2026-08-24T18:32:06.514091
30,8,3,firsttouch,3,False,13,1.9505,45,2026-08-24T18:32:04.631486,2026-08-24T18:32:06.584304
30,8,6,firsttouch,3,False,16,2.5565,27840,2026-08-24T18:32:04.047768,2026-08-24T18:32:06.604316
30,8,1,firsttouch,3,False,19,0.2876,1,2026-08-24T18:32:06.537720,2026-08-24T18:32:06.825849
30,8,5,firsttouch,3,False,16,2.323,27840,2026-08-24T18:32:04.684432,2026-08-24T18:32:07.007529
30,8,0,firsttouch,3,False,18,1.5881,100,2026-08-24T18:32:05.564900,2026-08-24T18:32:07.152986
30,8,3,firsttouch,3,False,14,0.5883,1,2026-08-24T18:32:06.587826,2026-08-24T18:32:07.176423
30,8,4,firsttouch,3,False,16,0.7398,27840,2026-08-24T18:32:06.489698,2026-08-24T18:32:07.229573
30,8,1,firsttouch,3,False,20,0.6733,5404,2026-08-24T18:32:06.825948,2026-08-24T18:32:07.499294
30,8,3,firsttouch,3,False,15,0.3808,1,2026-08-24T18:32:07.176518,2026-08-24T18:32:07.557341
30,8,0,firsttouch,3,False,19,0.4585,1,2026-08-24T18:32:07.153086,2026-08-24T18:32:07.611581
30,8,4,firsttouch,3,False,17,0.6061,1,2026-08-24T18:32:07.229712,2026-08-24T18:32:07.835844
30,8,6,firsttouch,3,False,17,1.4691,1,2026-08-24T18:32:06.604635,2026-08-24T18:32:08.073767
30,8,0,firsttouch,3,False,20,1.1601,5404,2026-08-24T18:32:07.611866,2026-08-24T18:32:08.771985
30,8,3,firsttouch,3,False,16,1.7715,27840,2026-08-24T18:32:07.557663,2026-08-24T18:32:09.329161
30,8,5,firsttouch,3,False,17,2.7368,1,2026-08-24T18:32:07.007634,2026-08-24T18:32:09.744506
30,8,1,firsttouch,3,False,21,2.344,100,2026-08-24T18:32:07.499385,2026-08-24T18:32:09.843436
30,8,4,firsttouch,3,False,18,2.0786,100,2026-08-24T18:32:07.836138,2026-08-24T18:32:09.914803
30,8,4,firsttouch,3,False,19,0.3339,1,2026-08-24T18:32:09.914912,2026-08-24T18:32:10.248814
30,8,2,firsttouch,3,False,10,5.1676,20,2026-08-24T18:32:05.156887,2026-08-24T18:32:10.324470
30,8,3,firsttouch,3,False,17,1.1277,1,2026-08-24T18:32:09.329287,2026-08-24T18:32:10.457037
30,8,0,firsttouch,3,False,21,1.7026,100,2026-08-24T18:32:08.772087,2026-08-24T18:32:10.474730
30,8,1,firsttouch,3,False,22,1.5318,7,2026-08-24T18:32:09.843532,2026-08-24T18:32:11.375363
30,8,4,firsttouch,3,False,20,1.1546,5404,2026-08-24T18:32:10.248911,2026-08-24T18:32:11.403584
30,8,6,firsttouch,3,False,18,3.3833,100,2026-08-24T18:32:08.073858,2026-08-24T18:32:11.457198
30,8,2,firsttouch,3,False,11,1.2795,0,2026-08-24T18:32:10.324565,2026-08-24T18:32:11.604108
30,8,1,firsttouch,3,False,1,0.4872,4,2026-08-24T18:32:11.375449,2026-08-24T18:32:11.862700
30,8,0,firsttouch,3,False,22,1.4879,7,2026-08-24T18:32:10.474829,2026-08-24T18:32:11.962784
30,8,3,firsttouch,3,False,18,1.7999,100,2026-08-24T18:32:10.457179,2026-08-24T18:32:12.257143
30,8,6,firsttouch,3,False,19,1.0599,1,2026-08-24T18:32:11.457573,2026-08-24T18:32:12.517541
30,8,3,firsttouch,3,False,19,0.3751,1,2026-08-24T18:32:12.257436,2026-08-24T18:32:12.632570
30,8,5,firsttouch,3,False,18,3.0419,100,2026-08-24T18:32:09.744764,2026-08-24T18:32:12.786733
30,8,2,firsttouch,3,False,12,1.2149,2,2026-08-24T18:32:11.604408,2026-08-24T18:32:12.819349
30,8,7,firsttouch,3,False,10,9.8421,20,2026-08-24T18:32:03.014709,2026-08-24T18:32:12.856844
30,8,4,firsttouch,3,False,21,1.497,100,2026-08-24T18:32:11.409362,2026-08-24T18:32:12.906360
30,8,6,firsttouch,3,False,20,0.6463,5404,2026-08-24T18:32:12.517658,2026-08-24T18:32:13.163992
30,8,3,firsttouch,3,False,20,0.6617,5404,2026-08-24T18:32:12.632811,2026-08-24T18:32:13.294569
30,8,5,firsttouch,3,False,19,0.6582,1,2026-08-24T18:32:12.786833,2026-08-24T18:32:13.445015
30,8,4,firsttouch,3,False,22,0.8164,7,2026-08-24T18:32:12.906445,2026-08-24T18:32:13.722829
30,8,7,firsttouch,3,False,11,1.0739,0,2026-08-24T18:32:12.856933,2026-08-24T18:32:13.930905
30,8,4,firsttouch,3,False,1,0.6561,4,2026-08-24T18:32:13.722962,2026-08-24T18:32:14.379135
30,8,4,firsttouch,3,False,2,0.3617,100,2026-08-24T18:32:14.379239,2026-08-24T18:32:14.740978
30,8,6,firsttouch,3,False,21,1.718,100,2026-08-24T18:32:13.164122,2026-08-24T18:32:14.882142
30,8,5,firsttouch,3,False,20,1.449,5404,2026-08-24T18:32:13.445107,2026-08-24T18:32:14.894095
30,8,3,firsttouch,3,False,21,1.612,100,2026-08-24T18:32:13.294691,2026-08-24T18:32:14.906721
30,8,2,firsttouch,3,False,13,2.2083,45,2026-08-24T18:32:12.819435,2026-08-24T18:32:15.027750
30,8,7,firsttouch,3,False,12,1.2626,2,2026-08-24T18:32:13.931004,2026-08-24T18:32:15.193634
30,8,3,firsttouch,3,False,22,0.9819,7,2026-08-24T18:32:14.906823,2026-08-24T18:32:15.888720
30,8,6,firsttouch,3,False,22,1.0832,7,2026-08-24T18:32:14.886895,2026-08-24T18:32:15.971069
30,8,2,firsttouch,3,False,14,0.9482,1,2026-08-24T18:32:15.028001,2026-08-24T18:32:15.976241
30,8,4,firsttouch,3,False,3,1.2413,10,2026-08-24T18:32:14.741072,2026-08-24T18:32:15.982395
30,8,3,firsttouch,3,False,1,0.3114,4,2026-08-24T18:32:15.888822,2026-08-24T18:32:16.200277
30,8,6,firsttouch,3,False,1,0.5628,4,2026-08-24T18:32:15.971159,2026-08-24T18:32:16.533998
30,8,2,firsttouch,3,False,15,0.5845,1,2026-08-24T18:32:15.976518,2026-08-24T18:32:16.561017
30,8,3,firsttouch,3,False,2,0.3815,100,2026-08-24T18:32:16.200577,2026-08-24T18:32:16.582080
30,8,5,firsttouch,3,False,21,1.8497,100,2026-08-24T18:32:14.894251,2026-08-24T18:32:16.743926
30,8,6,firsttouch,3,False,2,0.2688,100,2026-08-24T18:32:16.534276,2026-08-24T18:32:16.803115
30,8,4,firsttouch,3,False,4,0.9523,5,2026-08-24T18:32:15.982505,2026-08-24T18:32:16.934799
30,8,7,firsttouch,3,False,13,1.7611,45,2026-08-24T18:32:15.193788,2026-08-24T18:32:16.954890
30,8,3,firsttouch,3,False,3,0.6419,10,2026-08-24T18:32:16.582188,2026-08-24T18:32:17.224116
30,8,2,firsttouch,3,False,16,0.6728,27840,2026-08-24T18:32:16.561115,2026-08-24T18:32:17.233923
30,8,5,firsttouch,3,False,22,0.5581,7,2026-08-24T18:32:16.744022,2026-08-24T18:32:17.302097
30,8,7,firsttouch,3,False,14,0.4556,1,2026-08-24T18:32:16.954997,2026-08-24T18:32:17.410587
30,8,6,firsttouch,3,False,3,1.0113,10,2026-08-24T18:32:16.803383,2026-08-24T18:32:17.814671
30,8,5,firsttouch,3,False,1,0.5248,4,2026-08-24T18:32:17.302368,2026-08-24T18:32:17.827230
30,8,2,firsttouch,3,False,17,0.6497,1,2026-08-24T18:32:17.234153,2026-08-24T18:32:17.883839
30,8,7,firsttouch,3,False,15,0.8598,1,2026-08-24T18:32:17.413660,2026-08-24T18:32:18.273540
30,8,5,firsttouch,3,False,2,0.4696,100,2026-08-24T18:32:17.827308,2026-08-24T18:32:18.296983
30,8,6,firsttouch,3,False,4,0.7349,5,2026-08-24T18:32:17.814752,2026-08-24T18:32:18.549664
30,8,2,firsttouch,3,False,18,0.929,100,2026-08-24T18:32:17.884114,2026-08-24T18:32:18.813118
30,8,5,firsttouch,3,False,3,0.6031,10,2026-08-24T18:32:18.297084,2026-08-24T18:32:18.900252
30,8,2,firsttouch,3,False,19,0.3698,1,2026-08-24T18:32:18.813411,2026-08-24T18:32:19.183285
30,8,6,firsttouch,3,False,5,0.7224,5,2026-08-24T18:32:18.549753,2026-08-24T18:32:19.272161
30,8,7,firsttouch,3,False,16,1.0519,27840,2026-08-24T18:32:18.273681,2026-08-24T18:32:19.327516
30,8,6,firsttouch,3,False,6,0.2015,1,2026-08-24T18:32:19.272445,2026-08-24T18:32:19.473988
30,8,5,firsttouch,3,False,4,0.6,5,2026-08-24T18:32:18.900479,2026-08-24T18:32:19.500538
30,8,7,firsttouch,3,False,17,0.4945,1,2026-08-24T18:32:19.333660,2026-08-24T18:32:19.828164
30,8,2,firsttouch,3,False,20,0.6629,5404,2026-08-24T18:32:19.183384,2026-08-24T18:32:19.846357
30,8,5,firsttouch,3,False,5,0.5356,5,2026-08-24T18:32:19.500822,2026-08-24T18:32:20.036478
30,8,7,firsttouch,3,False,18,1.0035,100,2026-08-24T18:32:19.828454,2026-08-24T18:32:20.831947
30,8,2,firsttouch,3,False,21,1.1156,100,2026-08-24T18:32:19.846636,2026-08-24T18:32:20.962272
30,8,7,firsttouch,3,False,19,0.2248,1,2026-08-24T18:32:20.832218,2026-08-24T18:32:21.057010
30,8,7,firsttouch,3,False,20,0.2876,5404,2026-08-24T18:32:21.057245,2026-08-24T18:32:21.344827
30,8,2,firsttouch,3,False,22,0.3869,7,2026-08-24T18:32:20.962545,2026-08-24T18:32:21.349494
30,8,2,firsttouch,3,False,1,0.2563,4,2026-08-24T18:32:21.349555,2026-08-24T18:32:21.605877
30,8,2,firsttouch,3,False,2,0.2881,100,2026-08-24T18:32:21.605992,2026-08-24T18:32:21.894085
30,8,7,firsttouch,3,False,21,0.7125,100,2026-08-24T18:32:21.344901,2026-08-24T18:32:22.057393
30,8,7,firsttouch,3,False,22,0.199,7,2026-08-24T18:32:22.057466,2026-08-24T18:32:22.256488
30,8,7,firsttouch,3,False,1,0.2045,4,2026-08-24T18:32:22.256564,2026-08-24T18:32:22.461086
30,8,7,firsttouch,3,False,2,0.0989,100,2026-08-24T18:32:22.461158,2026-08-24T18:32:22.560088
30,8,7,firsttouch,3,False,3,0.3176,10,2026-08-24T18:32:22.560160,2026-08-24T18:32:22.877732
30,8,7,firsttouch,3,False,4,0.2299,5,2026-08-24T18:32:22.877802,2026-08-24T18:32:23.107757
30,8,7,firsttouch,3,False,5,0.2999,5,2026-08-24T18:32:23.107831,2026-08-24T18:32:23.407776
30,8,7,firsttouch,3,False,6,0.0594,1,2026-08-24T18:32:23.407852,2026-08-24T18:32:23.467242
30,8,7,firsttouch,3,False,7,0.2231,4,2026-08-24T18:32:23.467312,2026-08-24T18:32:23.690425
30,8,0,firsttouch,4,False,1,0.2133,4,2026-08-24T18:32:23.694255,2026-08-24T18:32:23.907597
30,8,5,firsttouch,4,False,6,0.2819,1,2026-08-24T18:32:23.721856,2026-08-24T18:32:24.003759
30,8,1,firsttouch,4,False,2,0.3938,100,2026-08-24T18:32:23.697193,2026-08-24T18:32:24.091044
30,8,0,firsttouch,4,False,2,0.3989,100,2026-08-24T18:32:23.907685,2026-08-24T18:32:24.306587
30,8,3,firsttouch,4,False,4,0.8701,5,2026-08-24T18:32:23.709728,2026-08-24T18:32:24.579849
30,8,2,firsttouch,4,False,3,1.2776,10,2026-08-24T18:32:23.705835,2026-08-24T18:32:24.983503
30,8,1,firsttouch,4,False,3,0.9668,10,2026-08-24T18:32:24.091134,2026-08-24T18:32:25.058003
30,8,4,firsttouch,4,False,5,1.5988,5,2026-08-24T18:32:23.717703,2026-08-24T18:32:25.316503
30,8,0,firsttouch,4,False,3,1.1677,10,2026-08-24T18:32:24.306686,2026-08-24T18:32:25.474414
30,8,7,firsttouch,4,False,8,1.9072,2,2026-08-24T18:32:23.743784,2026-08-24T18:32:25.651017
30,8,5,firsttouch,4,False,7,1.7227,4,2026-08-24T18:32:24.003854,2026-08-24T18:32:25.726614
30,8,1,firsttouch,4,False,4,0.7269,5,2026-08-24T18:32:25.058286,2026-08-24T18:32:25.785214
30,8,4,firsttouch,4,False,6,0.6596,1,2026-08-24T18:32:25.316786,2026-08-24T18:32:25.976464
30,8,3,firsttouch,4,False,5,1.4679,5,2026-08-24T18:32:24.580136,2026-08-24T18:32:26.048046
30,8,2,firsttouch,4,False,4,1.082,5,2026-08-24T18:32:24.983797,2026-08-24T18:32:26.065857
30,8,3,firsttouch,4,False,6,0.2801,1,2026-08-24T18:32:26.053841,2026-08-24T18:32:26.333973
30,8,0,firsttouch,4,False,4,0.9061,5,2026-08-24T18:32:25.474688,2026-08-24T18:32:26.380795
30,8,1,firsttouch,4,False,5,0.9061,5,2026-08-24T18:32:25.785495,2026-08-24T18:32:26.691587
30,8,1,firsttouch,4,False,6,0.2941,1,2026-08-24T18:32:26.691878,2026-08-24T18:32:26.986004
30,8,2,firsttouch,4,False,5,0.974,5,2026-08-24T18:32:26.066121,2026-08-24T18:32:27.040110
30,8,2,firsttouch,4,False,6,0.1942,1,2026-08-24T18:32:27.040210,2026-08-24T18:32:27.234472
30,8,0,firsttouch,4,False,5,1.0418,5,2026-08-24T18:32:26.385682,2026-08-24T18:32:27.427502
30,8,5,firsttouch,4,False,8,1.7578,2,2026-08-24T18:32:25.726706,2026-08-24T18:32:27.484550
30,8,0,firsttouch,4,False,6,0.1723,1,2026-08-24T18:32:27.433686,2026-08-24T18:32:27.606049
30,8,3,firsttouch,4,False,7,1.2898,4,2026-08-24T18:32:26.334065,2026-08-24T18:32:27.623919
30,8,6,firsttouch,4,False,7,4.0769,4,2026-08-24T18:32:23.729707,2026-08-24T18:32:27.806689
30,8,1,firsttouch,4,False,7,0.8952,4,2026-08-24T18:32:26.986278,2026-08-24T18:32:27.881542
30,8,2,firsttouch,4,False,7,0.7281,4,2026-08-24T18:32:27.234564,2026-08-24T18:32:27.962701
30,8,4,firsttouch,4,False,7,2.3381,4,2026-08-24T18:32:25.976752,2026-08-24T18:32:28.314889
30,8,0,firsttouch,4,False,7,0.8321,4,2026-08-24T18:32:27.606166,2026-08-24T18:32:28.438291
30,8,1,firsttouch,4,False,8,0.7365,2,2026-08-24T18:32:27.881869,2026-08-24T18:32:28.618426
30,8,3,firsttouch,4,False,8,1.0056,2,2026-08-24T18:32:27.629266,2026-08-24T18:32:28.634865
30,8,2,firsttouch,4,False,8,0.829,2,2026-08-24T18:32:27.962796,2026-08-24T18:32:28.791868
30,8,0,firsttouch,4,False,8,0.5871,2,2026-08-24T18:32:28.438401,2026-08-24T18:32:29.025567
30,8,6,firsttouch,4,False,8,1.5893,2,2026-08-24T18:32:27.806972,2026-08-24T18:32:29.396260
30,8,4,firsttouch,4,False,8,1.5601,2,2026-08-24T18:32:28.314994,2026-08-24T18:32:29.875106
30,8,5,firsttouch,4,False,9,3.109,175,2026-08-24T18:32:27.484841,2026-08-24T18:32:30.593916
30,8,1,firsttouch,4,False,9,2.3717,175,2026-08-24T18:32:28.618729,2026-08-24T18:32:30.990448
30,8,3,firsttouch,4,False,9,2.8243,175,2026-08-24T18:32:28.634967,2026-08-24T18:32:31.459291
30,8,0,firsttouch,4,False,9,2.7737,175,2026-08-24T18:32:29.033684,2026-08-24T18:32:31.807466
30,8,2,firsttouch,4,False,9,3.6511,175,2026-08-24T18:32:28.791966,2026-08-24T18:32:32.443103
30,8,1,firsttouch,4,False,10,1.7417,20,2026-08-24T18:32:30.990566,2026-08-24T18:32:32.732285
30,8,5,firsttouch,4,False,10,2.1865,20,2026-08-24T18:32:30.594020,2026-08-24T18:32:32.780523
30,8,3,firsttouch,4,False,10,1.6314,20,2026-08-24T18:32:31.459586,2026-08-24T18:32:33.091029
30,8,1,firsttouch,4,False,11,0.3722,0,2026-08-24T18:32:32.732385,2026-08-24T18:32:33.104662
30,8,0,firsttouch,4,False,10,1.4694,20,2026-08-24T18:32:31.813837,2026-08-24T18:32:33.283322
30,8,5,firsttouch,4,False,11,0.5494,0,2026-08-24T18:32:32.780810,2026-08-24T18:32:33.330222
30,8,3,firsttouch,4,False,11,0.3262,0,2026-08-24T18:32:33.091126,2026-08-24T18:32:33.417316
30,8,0,firsttouch,4,False,11,0.3225,0,2026-08-24T18:32:33.283415,2026-08-24T18:32:33.605965
30,8,1,firsttouch,4,False,12,0.6869,2,2026-08-24T18:32:33.104945,2026-08-24T18:32:33.791886
30,8,2,firsttouch,4,False,10,1.4158,20,2026-08-24T18:32:32.443234,2026-08-24T18:32:33.859039
30,8,2,firsttouch,4,False,11,0.2752,0,2026-08-24T18:32:33.859323,2026-08-24T18:32:34.134551
30,8,3,firsttouch,4,False,12,1.1068,2,2026-08-24T18:32:33.417655,2026-08-24T18:32:34.524435
30,8,0,firsttouch,4,False,12,0.9241,2,2026-08-24T18:32:33.606098,2026-08-24T18:32:34.530192
30,8,2,firsttouch,4,False,12,0.9737,2,2026-08-24T18:32:34.134641,2026-08-24T18:32:35.108361
30,8,1,firsttouch,4,False,13,1.9613,45,2026-08-24T18:32:33.793140,2026-08-24T18:32:35.754472
30,8,5,firsttouch,4,False,12,2.4363,2,2026-08-24T18:32:33.330336,2026-08-24T18:32:35.766700
30,8,3,firsttouch,4,False,13,1.463,45,2026-08-24T18:32:34.524742,2026-08-24T18:32:35.987748
30,8,1,firsttouch,4,False,14,0.6055,1,2026-08-24T18:32:35.754601,2026-08-24T18:32:36.360172
30,8,2,firsttouch,4,False,13,1.5311,45,2026-08-24T18:32:35.108461,2026-08-24T18:32:36.639633
30,8,3,firsttouch,4,False,14,0.6612,1,2026-08-24T18:32:35.987836,2026-08-24T18:32:36.649093
30,8,1,firsttouch,4,False,15,0.2971,1,2026-08-24T18:32:36.360289,2026-08-24T18:32:36.657464
30,8,0,firsttouch,4,False,13,2.1502,45,2026-08-24T18:32:34.530315,2026-08-24T18:32:36.680556
30,8,3,firsttouch,4,False,15,0.3371,1,2026-08-24T18:32:36.649435,2026-08-24T18:32:36.986546
30,8,2,firsttouch,4,False,14,0.6506,1,2026-08-24T18:32:36.639725,2026-08-24T18:32:37.290352
30,8,5,firsttouch,4,False,13,1.7912,45,2026-08-24T18:32:35.766817,2026-08-24T18:32:37.558081
30,8,2,firsttouch,4,False,15,0.3749,1,2026-08-24T18:32:37.290463,2026-08-24T18:32:37.665343
30,8,7,firsttouch,4,False,9,12.0564,175,2026-08-24T18:32:25.651300,2026-08-24T18:32:37.707738
30,8,1,firsttouch,4,False,16,1.1166,27840,2026-08-24T18:32:36.657655,2026-08-24T18:32:37.774371
30,8,0,firsttouch,4,False,14,1.2069,1,2026-08-24T18:32:36.680665,2026-08-24T18:32:37.887609
30,8,3,firsttouch,4,False,16,1.1263,27840,2026-08-24T18:32:36.989859,2026-08-24T18:32:38.116209
30,8,1,firsttouch,4,False,17,0.7426,1,2026-08-24T18:32:37.774504,2026-08-24T18:32:38.517180
30,8,0,firsttouch,4,False,15,0.7204,1,2026-08-24T18:32:37.887711,2026-08-24T18:32:38.608094
30,8,4,firsttouch,4,False,9,8.7595,175,2026-08-24T18:32:29.875200,2026-08-24T18:32:38.634762
30,8,3,firsttouch,4,False,17,0.7616,1,2026-08-24T18:32:38.117684,2026-08-24T18:32:38.879363
30,8,2,firsttouch,4,False,16,1.3058,27840,2026-08-24T18:32:37.665456,2026-08-24T18:32:38.971302
30,8,6,firsttouch,4,False,9,10.2283,175,2026-08-24T18:32:29.396623,2026-08-24T18:32:39.624971
30,8,2,firsttouch,4,False,17,0.9087,1,2026-08-24T18:32:38.973666,2026-08-24T18:32:39.882380
30,8,5,firsttouch,4,False,14,2.4919,1,2026-08-24T18:32:37.558186,2026-08-24T18:32:40.050090
30,8,1,firsttouch,4,False,18,1.8025,100,2026-08-24T18:32:38.529681,2026-08-24T18:32:40.332242
30,8,0,firsttouch,4,False,16,2.0311,27840,2026-08-24T18:32:38.608200,2026-08-24T18:32:40.639327
30,8,3,firsttouch,4,False,18,1.9822,100,2026-08-24T18:32:38.879661,2026-08-24T18:32:40.861855
30,8,5,firsttouch,4,False,15,0.8411,1,2026-08-24T18:32:40.050210,2026-08-24T18:32:40.891340
30,8,1,firsttouch,4,False,19,0.6409,1,2026-08-24T18:32:40.332346,2026-08-24T18:32:40.973267
30,8,2,firsttouch,4,False,18,1.2372,100,2026-08-24T18:32:39.882496,2026-08-24T18:32:41.119731
30,8,3,firsttouch,4,False,19,0.3742,1,2026-08-24T18:32:40.862136,2026-08-24T18:32:41.236359
30,8,0,firsttouch,4,False,17,0.7785,1,2026-08-24T18:32:40.639476,2026-08-24T18:32:41.418013
30,8,2,firsttouch,4,False,19,0.5393,1,2026-08-24T18:32:41.119818,2026-08-24T18:32:41.659123
30,8,1,firsttouch,4,False,20,0.8588,5404,2026-08-24T18:32:40.973369,2026-08-24T18:32:41.832179
30,8,3,firsttouch,4,False,20,0.7873,5404,2026-08-24T18:32:41.236457,2026-08-24T18:32:42.023752
30,8,2,firsttouch,4,False,20,1.0073,5404,2026-08-24T18:32:41.659211,2026-08-24T18:32:42.666526
30,8,5,firsttouch,4,False,16,1.8935,27840,2026-08-24T18:32:40.891627,2026-08-24T18:32:42.785152
30,8,4,firsttouch,4,False,10,4.8922,20,2026-08-24T18:32:38.635062,2026-08-24T18:32:43.527328
30,8,1,firsttouch,4,False,21,1.7897,100,2026-08-24T18:32:41.832426,2026-08-24T18:32:43.622155
30,8,0,firsttouch,4,False,18,2.2874,100,2026-08-24T18:32:41.418250,2026-08-24T18:32:43.705705
30,8,3,firsttouch,4,False,21,1.9362,100,2026-08-24T18:32:42.029724,2026-08-24T18:32:43.965972
30,8,5,firsttouch,4,False,17,1.3545,1,2026-08-24T18:32:42.785266,2026-08-24T18:32:44.139831
30,8,0,firsttouch,4,False,19,0.4618,1,2026-08-24T18:32:43.705804,2026-08-24T18:32:44.167628
30,8,1,firsttouch,4,False,22,0.723,7,2026-08-24T18:32:43.622438,2026-08-24T18:32:44.345502
30,8,2,firsttouch,4,False,21,1.7471,100,2026-08-24T18:32:42.666652,2026-08-24T18:32:44.413815
30,8,4,firsttouch,4,False,11,1.0448,0,2026-08-24T18:32:43.527423,2026-08-24T18:32:44.572216
30,8,1,firsttouch,4,False,1,0.4787,4,2026-08-24T18:32:44.345811,2026-08-24T18:32:44.824565
30,8,0,firsttouch,4,False,20,0.9694,5404,2026-08-24T18:32:44.167726,2026-08-24T18:32:45.137126
30,8,3,firsttouch,4,False,22,1.2444,7,2026-08-24T18:32:43.966243,2026-08-24T18:32:45.210671
30,8,3,firsttouch,4,False,1,0.4447,4,2026-08-24T18:32:45.210775,2026-08-24T18:32:45.655455
30,8,2,firsttouch,4,False,22,1.2676,7,2026-08-24T18:32:44.414088,2026-08-24T18:32:45.681762
30,8,3,firsttouch,4,False,2,0.6713,100,2026-08-24T18:32:45.655746,2026-08-24T18:32:46.327034
30,8,2,firsttouch,4,False,1,0.668,4,2026-08-24T18:32:45.682038,2026-08-24T18:32:46.350063
30,8,5,firsttouch,4,False,18,2.3149,100,2026-08-24T18:32:44.139931,2026-08-24T18:32:46.454841
30,8,6,firsttouch,4,False,10,6.8975,20,2026-08-24T18:32:39.625070,2026-08-24T18:32:46.522608
30,8,4,firsttouch,4,False,12,1.9607,2,2026-08-24T18:32:44.572321,2026-08-24T18:32:46.533000
30,8,7,firsttouch,4,False,10,8.8222,20,2026-08-24T18:32:37.713701,2026-08-24T18:32:46.535889
30,8,0,firsttouch,4,False,21,1.7818,100,2026-08-24T18:32:45.137461,2026-08-24T18:32:46.919327
30,8,2,firsttouch,4,False,2,0.6248,100,2026-08-24T18:32:46.350161,2026-08-24T18:32:46.974946
30,8,5,firsttouch,4,False,19,0.6475,1,2026-08-24T18:32:46.454968,2026-08-24T18:32:47.102458
30,8,6,firsttouch,4,False,11,0.6259,0,2026-08-24T18:32:46.522710,2026-08-24T18:32:47.148662
30,8,3,firsttouch,4,False,3,1.0706,10,2026-08-24T18:32:46.327131,2026-08-24T18:32:47.397805
30,8,7,firsttouch,4,False,11,0.9966,0,2026-08-24T18:32:46.535936,2026-08-24T18:32:47.532549
30,8,6,firsttouch,4,False,12,0.6017,2,2026-08-24T18:32:47.148775,2026-08-24T18:32:47.750508
30,8,5,firsttouch,4,False,20,0.7111,5404,2026-08-24T18:32:47.102561,2026-08-24T18:32:47.813731
30,8,0,firsttouch,4,False,22,0.9259,7,2026-08-24T18:32:46.919422,2026-08-24T18:32:47.845308
30,8,7,firsttouch,4,False,12,0.765,2,2026-08-24T18:32:47.532902,2026-08-24T18:32:48.297933
30,8,4,firsttouch,4,False,13,1.8046,45,2026-08-24T18:32:46.533080,2026-08-24T18:32:48.337711
30,8,4,firsttouch,4,False,14,0.6631,1,2026-08-24T18:32:48.337993,2026-08-24T18:32:49.001089
30,8,6,firsttouch,4,False,13,1.3396,45,2026-08-24T18:32:47.750787,2026-08-24T18:32:49.090408
30,8,4,firsttouch,4,False,15,0.2195,1,2026-08-24T18:32:49.001379,2026-08-24T18:32:49.220945
30,8,5,firsttouch,4,False,21,1.4585,100,2026-08-24T18:32:47.817686,2026-08-24T18:32:49.276262
30,8,7,firsttouch,4,False,13,1.0058,45,2026-08-24T18:32:48.298248,2026-08-24T18:32:49.304107
30,8,6,firsttouch,4,False,14,0.3192,1,2026-08-24T18:32:49.090684,2026-08-24T18:32:49.409909
30,8,6,firsttouch,4,False,15,0.2152,1,2026-08-24T18:32:49.410004,2026-08-24T18:32:49.625207
30,8,4,firsttouch,4,False,16,0.5162,27840,2026-08-24T18:32:49.221046,2026-08-24T18:32:49.737317
30,8,7,firsttouch,4,False,14,0.4352,1,2026-08-24T18:32:49.304368,2026-08-24T18:32:49.739583
30,8,5,firsttouch,4,False,22,0.5208,7,2026-08-24T18:32:49.276361,2026-08-24T18:32:49.797194
30,8,7,firsttouch,4,False,15,0.2705,1,2026-08-24T18:32:49.739658,2026-08-24T18:32:50.010159
30,8,5,firsttouch,4,False,1,0.3656,4,2026-08-24T18:32:49.797289,2026-08-24T18:32:50.162909
30,8,4,firsttouch,4,False,17,0.5509,1,2026-08-24T18:32:49.737402,2026-08-24T18:32:50.288328
30,8,6,firsttouch,4,False,16,0.7767,27840,2026-08-24T18:32:49.625297,2026-08-24T18:32:50.402011
30,8,5,firsttouch,4,False,2,0.5212,100,2026-08-24T18:32:50.162995,2026-08-24T18:32:50.684231
30,8,7,firsttouch,4,False,16,1.0098,27840,2026-08-24T18:32:50.010258,2026-08-24T18:32:51.020035
30,8,6,firsttouch,4,False,17,0.679,1,2026-08-24T18:32:50.402097,2026-08-24T18:32:51.081095
30,8,4,firsttouch,4,False,18,0.9151,100,2026-08-24T18:32:50.288448,2026-08-24T18:32:51.203536
30,8,7,firsttouch,4,False,17,0.6504,1,2026-08-24T18:32:51.020139,2026-08-24T18:32:51.670579
30,8,4,firsttouch,4,False,19,0.5674,1,2026-08-24T18:32:51.203630,2026-08-24T18:32:51.771082
30,8,5,firsttouch,4,False,3,1.5753,10,2026-08-24T18:32:50.684630,2026-08-24T18:32:52.259957
30,8,4,firsttouch,4,False,20,0.8174,5404,2026-08-24T18:32:51.771379,2026-08-24T18:32:52.588820
30,8,6,firsttouch,4,False,18,1.5163,100,2026-08-24T18:32:51.081183,2026-08-24T18:32:52.597509
30,8,7,firsttouch,4,False,18,1.1666,100,2026-08-24T18:32:51.670873,2026-08-24T18:32:52.837492
30,8,5,firsttouch,4,False,4,0.6265,5,2026-08-24T18:32:52.260374,2026-08-24T18:32:52.886923
30,8,6,firsttouch,4,False,19,0.44,1,2026-08-24T18:32:52.605618,2026-08-24T18:32:53.045708
30,8,7,firsttouch,4,False,19,0.4784,1,2026-08-24T18:32:52.837800,2026-08-24T18:32:53.316224
30,8,5,firsttouch,4,False,5,0.8719,5,2026-08-24T18:32:52.887028,2026-08-24T18:32:53.758978
30,8,4,firsttouch,4,False,21,1.2452,100,2026-08-24T18:32:52.588910,2026-08-24T18:32:53.834144
30,8,7,firsttouch,4,False,20,0.6783,5404,2026-08-24T18:32:53.316343,2026-08-24T18:32:53.994673
30,8,6,firsttouch,4,False,20,0.9792,5404,2026-08-24T18:32:53.045796,2026-08-24T18:32:54.025017
30,8,4,firsttouch,4,False,22,0.448,7,2026-08-24T18:32:53.834431,2026-08-24T18:32:54.282508
30,8,4,firsttouch,4,False,1,0.5765,4,2026-08-24T18:32:54.282617,2026-08-24T18:32:54.859156
30,8,7,firsttouch,4,False,21,0.9885,100,2026-08-24T18:32:53.994950,2026-08-24T18:32:54.983466
30,8,6,firsttouch,4,False,21,1.0258,100,2026-08-24T18:32:54.025135,2026-08-24T18:32:55.050995
30,8,4,firsttouch,4,False,2,0.1964,100,2026-08-24T18:32:54.859250,2026-08-24T18:32:55.055688
30,8,7,firsttouch,4,False,22,0.2599,7,2026-08-24T18:32:54.983543,2026-08-24T18:32:55.243503
30,8,7,firsttouch,4,False,1,0.2193,4,2026-08-24T18:32:55.243603,2026-08-24T18:32:55.462974
30,8,6,firsttouch,4,False,22,0.4372,7,2026-08-24T18:32:55.051064,2026-08-24T18:32:55.488244
30,8,6,firsttouch,4,False,1,0.2118,4,2026-08-24T18:32:55.488432,2026-08-24T18:32:55.700261
30,8,7,firsttouch,4,False,2,0.2851,100,2026-08-24T18:32:55.463054,2026-08-24T18:32:55.748132
30,8,4,firsttouch,4,False,3,0.7884,10,2026-08-24T18:32:55.055755,2026-08-24T18:32:55.844131
30,8,6,firsttouch,4,False,2,0.2421,100,2026-08-24T18:32:55.700371,2026-08-24T18:32:55.942470
30,8,4,firsttouch,4,False,4,0.2607,5,2026-08-24T18:32:55.844208,2026-08-24T18:32:56.104910
30,8,7,firsttouch,4,False,3,0.5643,10,2026-08-24T18:32:55.748429,2026-08-24T18:32:56.312725
30,8,6,firsttouch,4,False,3,0.6424,10,2026-08-24T18:32:55.942591,2026-08-24T18:32:56.585030
30,8,7,firsttouch,4,False,4,0.3537,5,2026-08-24T18:32:56.312803,2026-08-24T18:32:56.666521
30,8,6,firsttouch,4,False,4,0.2801,5,2026-08-24T18:32:56.585143,2026-08-24T18:32:56.865220
30,8,7,firsttouch,4,False,5,0.4136,5,2026-08-24T18:32:56.666595,2026-08-24T18:32:57.080184
30,8,7,firsttouch,4,False,6,0.0622,1,2026-08-24T18:32:57.080280,2026-08-24T18:32:57.142481
30,8,6,firsttouch,4,False,5,0.5284,5,2026-08-24T18:32:56.865291,2026-08-24T18:32:57.393726
30,8,6,firsttouch,4,False,6,0.0917,1,2026-08-24T18:32:57.393843,2026-08-24T18:32:57.485583
30,8,7,firsttouch,4,False,7,0.4553,4,2026-08-24T18:32:57.142565,2026-08-24T18:32:57.597921
30,8,0,firsttouch,5,False,1,0.2194,4,2026-08-24T18:32:57.626740,2026-08-24T18:32:57.846197
30,8,5,firsttouch,5,False,6,0.2629,1,2026-08-24T18:32:57.658993,2026-08-24T18:32:57.921966
30,8,1,firsttouch,5,False,2,0.4805,100,2026-08-24T18:32:57.629878,2026-08-24T18:32:58.110368
30,8,0,firsttouch,5,False,2,0.418,100,2026-08-24T18:32:57.846275,2026-08-24T18:32:58.264307
30,8,3,firsttouch,5,False,4,0.646,5,2026-08-24T18:32:57.641699,2026-08-24T18:32:58.287706
30,8,2,firsttouch,5,False,3,1.1567,10,2026-08-24T18:32:57.637843,2026-08-24T18:32:58.794553
30,8,0,firsttouch,5,False,3,0.9003,10,2026-08-24T18:32:58.264391,2026-08-24T18:32:59.164696
30,8,1,firsttouch,5,False,3,1.0663,10,2026-08-24T18:32:58.110645,2026-08-24T18:32:59.176933
30,8,7,firsttouch,5,False,8,1.5701,2,2026-08-24T18:32:57.665968,2026-08-24T18:32:59.236071
30,8,3,firsttouch,5,False,5,1.1121,5,2026-08-24T18:32:58.287795,2026-08-24T18:32:59.399929
30,8,5,firsttouch,5,False,7,1.5607,4,2026-08-24T18:32:57.922052,2026-08-24T18:32:59.482750
30,8,3,firsttouch,5,False,6,0.5014,1,2026-08-24T18:32:59.400013,2026-08-24T18:32:59.901476
30,8,0,firsttouch,5,False,4,0.74,5,2026-08-24T18:32:59.169671,2026-08-24T18:32:59.909698
30,8,2,firsttouch,5,False,4,1.2233,5,2026-08-24T18:32:58.794674,2026-08-24T18:33:00.018007
30,8,1,firsttouch,5,False,4,0.8489,5,2026-08-24T18:32:59.177035,2026-08-24T18:33:00.025956
30,8,4,firsttouch,5,False,5,2.569,5,2026-08-24T18:32:57.649657,2026-08-24T18:33:00.218736
30,8,4,firsttouch,5,False,6,0.1792,1,2026-08-24T18:33:00.219018,2026-08-24T18:33:00.398287
30,8,0,firsttouch,5,False,5,0.8177,5,2026-08-24T18:32:59.909799,2026-08-24T18:33:00.727477
30,8,5,firsttouch,5,False,8,1.2601,2,2026-08-24T18:32:59.482844,2026-08-24T18:33:00.743008
30,8,0,firsttouch,5,False,6,0.2473,1,2026-08-24T18:33:00.727578,2026-08-24T18:33:00.974894
30,8,1,firsttouch,5,False,5,1.219,5,2026-08-24T18:33:00.026224,2026-08-24T18:33:01.245220
30,8,2,firsttouch,5,False,5,1.2585,5,2026-08-24T18:33:00.018299,2026-08-24T18:33:01.276858
30,8,3,firsttouch,5,False,7,1.5003,4,2026-08-24T18:32:59.901554,2026-08-24T18:33:01.401901
30,8,1,firsttouch,5,False,6,0.2334,1,2026-08-24T18:33:01.245316,2026-08-24T18:33:01.478761
30,8,2,firsttouch,5,False,6,0.2212,1,2026-08-24T18:33:01.276962,2026-08-24T18:33:01.498148
30,8,4,firsttouch,5,False,7,1.6153,4,2026-08-24T18:33:00.398557,2026-08-24T18:33:02.013906
30,8,0,firsttouch,5,False,7,1.1322,4,2026-08-24T18:33:00.974980,2026-08-24T18:33:02.107199
30,8,3,firsttouch,5,False,8,0.7594,2,2026-08-24T18:33:01.401989,2026-08-24T18:33:02.161384
30,8,2,firsttouch,5,False,7,0.9753,4,2026-08-24T18:33:01.498230,2026-08-24T18:33:02.473525
30,8,1,firsttouch,5,False,7,1.0444,4,2026-08-24T18:33:01.478849,2026-08-24T18:33:02.523303
30,8,6,firsttouch,5,False,7,5.4579,4,2026-08-24T18:32:57.665713,2026-08-24T18:33:03.123650
30,8,1,firsttouch,5,False,8,0.9212,2,2026-08-24T18:33:02.523397,2026-08-24T18:33:03.444602
30,8,0,firsttouch,5,False,8,1.4438,2,2026-08-24T18:33:02.107283,2026-08-24T18:33:03.551076
30,8,5,firsttouch,5,False,9,2.8629,175,2026-08-24T18:33:00.743110,2026-08-24T18:33:03.606084
30,8,2,firsttouch,5,False,8,1.2441,2,2026-08-24T18:33:02.473844,2026-08-24T18:33:03.718013
30,8,4,firsttouch,5,False,8,1.7597,2,2026-08-24T18:33:02.013997,2026-08-24T18:33:03.773726
30,8,3,firsttouch,5,False,9,2.8258,175,2026-08-24T18:33:02.161481,2026-08-24T18:33:04.987320
30,8,6,firsttouch,5,False,8,2.2699,2,2026-08-24T18:33:03.123747,2026-08-24T18:33:05.393697
30,8,7,firsttouch,5,False,9,6.1616,175,2026-08-24T18:32:59.236153,2026-08-24T18:33:05.397801
30,8,1,firsttouch,5,False,9,2.998,175,2026-08-24T18:33:03.444905,2026-08-24T18:33:06.442937
30,8,0,firsttouch,5,False,9,3.0528,175,2026-08-24T18:33:03.551179,2026-08-24T18:33:06.603993
30,8,5,firsttouch,5,False,10,3.3425,20,2026-08-24T18:33:03.606179,2026-08-24T18:33:06.948676
30,8,3,firsttouch,5,False,10,1.9664,20,2026-08-24T18:33:04.987422,2026-08-24T18:33:06.953882
30,8,2,firsttouch,5,False,9,3.4373,175,2026-08-24T18:33:03.718105,2026-08-24T18:33:07.155485
30,8,3,firsttouch,5,False,11,0.1984,0,2026-08-24T18:33:06.969748,2026-08-24T18:33:07.168189
30,8,5,firsttouch,5,False,11,0.2143,0,2026-08-24T18:33:06.965474,2026-08-24T18:33:07.179786
30,8,1,firsttouch,5,False,10,1.3959,20,2026-08-24T18:33:06.443239,2026-08-24T18:33:07.839167
30,8,0,firsttouch,5,False,10,1.2511,20,2026-08-24T18:33:06.604102,2026-08-24T18:33:07.855216
30,8,0,firsttouch,5,False,11,0.3226,0,2026-08-24T18:33:07.855493,2026-08-24T18:33:08.178155
30,8,1,firsttouch,5,False,11,0.408,0,2026-08-24T18:33:07.839280,2026-08-24T18:33:08.247327
30,8,3,firsttouch,5,False,12,1.2106,2,2026-08-24T18:33:07.168287,2026-08-24T18:33:08.378885
30,8,2,firsttouch,5,False,10,1.3153,20,2026-08-24T18:33:07.157702,2026-08-24T18:33:08.473013
30,8,2,firsttouch,5,False,11,0.2048,0,2026-08-24T18:33:08.473295,2026-08-24T18:33:08.678080
30,8,5,firsttouch,5,False,12,1.5088,2,2026-08-24T18:33:07.179896,2026-08-24T18:33:08.688754
30,8,1,firsttouch,5,False,12,0.7759,2,2026-08-24T18:33:08.247412,2026-08-24T18:33:09.023384
30,8,0,firsttouch,5,False,12,0.8886,2,2026-08-24T18:33:08.178437,2026-08-24T18:33:09.067087
30,8,2,firsttouch,5,False,12,0.9377,2,2026-08-24T18:33:08.678359,2026-08-24T18:33:09.616125
30,8,1,firsttouch,5,False,13,1.4285,45,2026-08-24T18:33:09.023468,2026-08-24T18:33:10.452030
30,8,3,firsttouch,5,False,13,2.2472,45,2026-08-24T18:33:08.378969,2026-08-24T18:33:10.626246
30,8,0,firsttouch,5,False,13,1.8759,45,2026-08-24T18:33:09.067181,2026-08-24T18:33:10.943135
30,8,1,firsttouch,5,False,14,0.7454,1,2026-08-24T18:33:10.452140,2026-08-24T18:33:11.197521
30,8,2,firsttouch,5,False,13,1.6416,45,2026-08-24T18:33:09.616224,2026-08-24T18:33:11.257881
30,8,1,firsttouch,5,False,15,0.235,1,2026-08-24T18:33:11.197931,2026-08-24T18:33:11.432998
30,8,4,firsttouch,5,False,9,7.7699,175,2026-08-24T18:33:03.776260,2026-08-24T18:33:11.546243
30,8,0,firsttouch,5,False,14,0.7158,1,2026-08-24T18:33:10.943430,2026-08-24T18:33:11.659216
30,8,3,firsttouch,5,False,14,1.1543,1,2026-08-24T18:33:10.626341,2026-08-24T18:33:11.780680
30,8,2,firsttouch,5,False,14,0.7919,1,2026-08-24T18:33:11.257974,2026-08-24T18:33:12.049880
30,8,0,firsttouch,5,False,15,0.4071,1,2026-08-24T18:33:11.665679,2026-08-24T18:33:12.072808
30,8,1,firsttouch,5,False,16,0.7904,27840,2026-08-24T18:33:11.437828,2026-08-24T18:33:12.228392
30,8,2,firsttouch,5,False,15,0.202,1,2026-08-24T18:33:12.061675,2026-08-24T18:33:12.263729
30,8,5,firsttouch,5,False,13,3.5849,45,2026-08-24T18:33:08.688843,2026-08-24T18:33:12.273820
30,8,3,firsttouch,5,False,15,0.5003,1,2026-08-24T18:33:11.785827,2026-08-24T18:33:12.286215
30,8,7,firsttouch,5,False,10,6.8885,20,2026-08-24T18:33:05.397969,2026-08-24T18:33:12.286491
30,8,7,firsttouch,5,False,11,0.2936,0,2026-08-24T18:33:12.286584,2026-08-24T18:33:12.580261
30,8,1,firsttouch,5,False,17,0.4933,1,2026-08-24T18:33:12.228701,2026-08-24T18:33:12.721982
30,8,0,firsttouch,5,False,16,0.9103,27840,2026-08-24T18:33:12.072899,2026-08-24T18:33:12.983251
30,8,5,firsttouch,5,False,14,1.188,1,2026-08-24T18:33:12.281673,2026-08-24T18:33:13.472602
30,8,2,firsttouch,5,False,16,1.264,27840,2026-08-24T18:33:12.263856,2026-08-24T18:33:13.527906
30,8,7,firsttouch,5,False,12,0.959,2,2026-08-24T18:33:12.580547,2026-08-24T18:33:13.539584
30,8,0,firsttouch,5,False,17,0.7789,1,2026-08-24T18:33:12.983354,2026-08-24T18:33:13.762318
30,8,1,firsttouch,5,False,18,1.4071,100,2026-08-24T18:33:12.722071,2026-08-24T18:33:14.129226
30,8,5,firsttouch,5,False,15,0.7712,1,2026-08-24T18:33:13.472917,2026-08-24T18:33:14.244101
30,8,2,firsttouch,5,False,17,1.0721,1,2026-08-24T18:33:13.533681,2026-08-24T18:33:14.605865
30,8,1,firsttouch,5,False,19,0.752,1,2026-08-24T18:33:14.129516,2026-08-24T18:33:14.881566
30,8,4,firsttouch,5,False,10,3.839,20,2026-08-24T18:33:11.546342,2026-08-24T18:33:15.385421
30,8,0,firsttouch,5,False,18,1.6482,100,2026-08-24T18:33:13.762409,2026-08-24T18:33:15.410643
30,8,5,firsttouch,5,False,16,1.4633,27840,2026-08-24T18:33:14.244192,2026-08-24T18:33:15.707484
30,8,1,firsttouch,5,False,20,0.9373,5404,2026-08-24T18:33:14.881716,2026-08-24T18:33:15.819061
30,8,0,firsttouch,5,False,19,0.4279,1,2026-08-24T18:33:15.410799,2026-08-24T18:33:15.838703
30,8,4,firsttouch,5,False,11,0.6498,0,2026-08-24T18:33:15.385576,2026-08-24T18:33:16.035409
30,8,5,firsttouch,5,False,17,0.5191,1,2026-08-24T18:33:15.713649,2026-08-24T18:33:16.232766
30,8,2,firsttouch,5,False,18,1.6471,100,2026-08-24T18:33:14.606182,2026-08-24T18:33:16.253317
30,8,0,firsttouch,5,False,20,0.5881,5404,2026-08-24T18:33:15.838788,2026-08-24T18:33:16.429713
30,8,2,firsttouch,5,False,19,0.8138,1,2026-08-24T18:33:16.253416,2026-08-24T18:33:17.067270
30,8,7,firsttouch,5,False,13,4.0184,45,2026-08-24T18:33:13.539685,2026-08-24T18:33:17.558069
30,8,1,firsttouch,5,False,21,2.0076,100,2026-08-24T18:33:15.820953,2026-08-24T18:33:17.828635
30,8,2,firsttouch,5,False,20,0.7936,5404,2026-08-24T18:33:17.067377,2026-08-24T18:33:17.860977
30,8,5,firsttouch,5,False,18,1.8297,100,2026-08-24T18:33:16.232902,2026-08-24T18:33:18.062590
30,8,0,firsttouch,5,False,21,1.7544,100,2026-08-24T18:33:16.429801,2026-08-24T18:33:18.184242
30,8,4,firsttouch,5,False,12,2.4756,2,2026-08-24T18:33:16.035526,2026-08-24T18:33:18.511160
30,8,6,firsttouch,5,False,9,13.2496,175,2026-08-24T18:33:05.409707,2026-08-24T18:33:18.659379
30,8,5,firsttouch,5,False,19,0.7514,1,2026-08-24T18:33:18.062681,2026-08-24T18:33:18.814130
30,8,3,firsttouch,5,False,16,6.5936,27840,2026-08-24T18:33:12.286324,2026-08-24T18:33:18.879948
30,8,7,firsttouch,5,False,14,1.432,1,2026-08-24T18:33:17.558355,2026-08-24T18:33:18.990385
30,8,1,firsttouch,5,False,22,1.2692,7,2026-08-24T18:33:17.828718,2026-08-24T18:33:19.097955
30,8,0,firsttouch,5,False,22,1.0865,7,2026-08-24T18:33:18.184543,2026-08-24T18:33:19.271066
30,8,2,firsttouch,5,False,21,1.4221,100,2026-08-24T18:33:17.861102,2026-08-24T18:33:19.283259
30,8,1,firsttouch,5,False,1,0.3597,4,2026-08-24T18:33:19.098239,2026-08-24T18:33:19.458015
30,8,7,firsttouch,5,False,15,0.5973,1,2026-08-24T18:33:18.990664,2026-08-24T18:33:19.587986
30,8,5,firsttouch,5,False,20,0.9141,5404,2026-08-24T18:33:18.825761,2026-08-24T18:33:19.740348
30,8,2,firsttouch,5,False,22,0.8715,7,2026-08-24T18:33:19.283340,2026-08-24T18:33:20.154887
30,8,3,firsttouch,5,False,17,1.637,1,2026-08-24T18:33:18.880058,2026-08-24T18:33:20.517077
30,8,7,firsttouch,5,False,16,1.1161,27840,2026-08-24T18:33:19.588282,2026-08-24T18:33:20.704392
30,8,2,firsttouch,5,False,1,0.5558,4,2026-08-24T18:33:20.154996,2026-08-24T18:33:20.710835
30,8,2,firsttouch,5,False,2,0.3753,100,2026-08-24T18:33:20.710911,2026-08-24T18:33:21.086192
30,8,5,firsttouch,5,False,21,1.4377,100,2026-08-24T18:33:19.745710,2026-08-24T18:33:21.183457
30,8,7,firsttouch,5,False,17,0.5955,1,2026-08-24T18:33:20.704480,2026-08-24T18:33:21.300055
30,8,4,firsttouch,5,False,13,2.8074,45,2026-08-24T18:33:18.511260,2026-08-24T18:33:21.318656
30,8,5,firsttouch,5,False,22,0.8426,7,2026-08-24T18:33:21.183545,2026-08-24T18:33:22.026150
30,8,4,firsttouch,5,False,14,1.0467,1,2026-08-24T18:33:21.318757,2026-08-24T18:33:22.365510
30,8,3,firsttouch,5,False,18,1.9223,100,2026-08-24T18:33:20.517379,2026-08-24T18:33:22.439663
30,8,5,firsttouch,5,False,1,0.4848,4,2026-08-24T18:33:22.026242,2026-08-24T18:33:22.511041
30,8,6,firsttouch,5,False,10,3.9777,20,2026-08-24T18:33:18.659662,2026-08-24T18:33:22.637416
30,8,7,firsttouch,5,False,18,1.3849,100,2026-08-24T18:33:21.300188,2026-08-24T18:33:22.685081
30,8,4,firsttouch,5,False,15,0.3318,1,2026-08-24T18:33:22.365828,2026-08-24T18:33:22.697652
30,8,3,firsttouch,5,False,19,0.3699,1,2026-08-24T18:33:22.439947,2026-08-24T18:33:22.809894
30,8,5,firsttouch,5,False,2,0.3235,100,2026-08-24T18:33:22.511137,2026-08-24T18:33:22.834626
30,8,6,firsttouch,5,False,11,0.2044,0,2026-08-24T18:33:22.637732,2026-08-24T18:33:22.842144
30,8,7,firsttouch,5,False,19,0.2977,1,2026-08-24T18:33:22.685355,2026-08-24T18:33:22.983047
30,8,4,firsttouch,5,False,16,0.785,27840,2026-08-24T18:33:22.697733,2026-08-24T18:33:23.489644
30,8,3,firsttouch,5,False,20,0.7385,5404,2026-08-24T18:33:22.810169,2026-08-24T18:33:23.548667
30,8,6,firsttouch,5,False,12,0.7684,2,2026-08-24T18:33:22.845432,2026-08-24T18:33:23.613903
30,8,7,firsttouch,5,False,20,0.6989,5404,2026-08-24T18:33:22.983131,2026-08-24T18:33:23.682046
30,8,5,firsttouch,5,False,3,1.1154,10,2026-08-24T18:33:22.837658,2026-08-24T18:33:23.953116
30,8,4,firsttouch,5,False,17,0.6524,1,2026-08-24T18:33:23.489743,2026-08-24T18:33:24.142184
30,8,5,firsttouch,5,False,4,0.9342,5,2026-08-24T18:33:23.953212,2026-08-24T18:33:24.887487
30,8,7,firsttouch,5,False,21,1.8541,100,2026-08-24T18:33:23.682314,2026-08-24T18:33:25.536423
30,8,4,firsttouch,5,False,18,1.4501,100,2026-08-24T18:33:24.142271,2026-08-24T18:33:25.592423
30,8,5,firsttouch,5,False,5,0.7933,5,2026-08-24T18:33:24.887593,2026-08-24T18:33:25.680906
30,8,3,firsttouch,5,False,21,2.3838,100,2026-08-24T18:33:23.548754,2026-08-24T18:33:25.932603
30,8,4,firsttouch,5,False,19,0.3432,1,2026-08-24T18:33:25.592519,2026-08-24T18:33:25.935769
30,8,6,firsttouch,5,False,13,2.4387,45,2026-08-24T18:33:23.613988,2026-08-24T18:33:26.052751
30,8,7,firsttouch,5,False,22,0.5692,7,2026-08-24T18:33:25.536525,2026-08-24T18:33:26.105786
30,8,4,firsttouch,5,False,20,0.5358,5404,2026-08-24T18:33:25.935907,2026-08-24T18:33:26.471731
30,8,6,firsttouch,5,False,14,0.4713,1,2026-08-24T18:33:26.053001,2026-08-24T18:33:26.524285
30,8,7,firsttouch,5,False,1,0.4554,4,2026-08-24T18:33:26.106043,2026-08-24T18:33:26.561462
30,8,3,firsttouch,5,False,22,0.6792,7,2026-08-24T18:33:25.932717,2026-08-24T18:33:26.611894
30,8,6,firsttouch,5,False,15,0.3915,1,2026-08-24T18:33:26.524388,2026-08-24T18:33:26.915870
30,8,3,firsttouch,5,False,1,0.3264,4,2026-08-24T18:33:26.611989,2026-08-24T18:33:26.938449
30,8,7,firsttouch,5,False,2,0.4168,100,2026-08-24T18:33:26.561569,2026-08-24T18:33:26.978414
30,8,3,firsttouch,5,False,2,0.2489,100,2026-08-24T18:33:26.938754,2026-08-24T18:33:27.187652
30,8,6,firsttouch,5,False,16,0.5486,27840,2026-08-24T18:33:26.915955,2026-08-24T18:33:27.464605
30,8,4,firsttouch,5,False,21,1.0018,100,2026-08-24T18:33:26.471824,2026-08-24T18:33:27.473690
30,8,7,firsttouch,5,False,3,0.7308,10,2026-08-24T18:33:26.978503,2026-08-24T18:33:27.709333
30,8,3,firsttouch,5,False,3,0.7003,10,2026-08-24T18:33:27.187721,2026-08-24T18:33:27.888038
30,8,6,firsttouch,5,False,17,0.4944,1,2026-08-24T18:33:27.464878,2026-08-24T18:33:27.959284
30,8,7,firsttouch,5,False,4,0.6635,5,2026-08-24T18:33:27.709421,2026-08-24T18:33:28.372992
30,8,4,firsttouch,5,False,22,0.9914,7,2026-08-24T18:33:27.473790,2026-08-24T18:33:28.465263
30,8,4,firsttouch,5,False,1,0.3717,4,2026-08-24T18:33:28.465366,2026-08-24T18:33:28.837075
30,8,7,firsttouch,5,False,5,0.6855,5,2026-08-24T18:33:28.373090,2026-08-24T18:33:29.058571
30,8,4,firsttouch,5,False,2,0.2506,100,2026-08-24T18:33:28.837168,2026-08-24T18:33:29.087795
30,8,7,firsttouch,5,False,6,0.0768,1,2026-08-24T18:33:29.058657,2026-08-24T18:33:29.135434
30,8,6,firsttouch,5,False,18,1.1803,100,2026-08-24T18:33:27.959379,2026-08-24T18:33:29.139687
30,8,6,firsttouch,5,False,19,0.2979,1,2026-08-24T18:33:29.139849,2026-08-24T18:33:29.437806
30,8,7,firsttouch,5,False,7,0.463,4,2026-08-24T18:33:29.135528,2026-08-24T18:33:29.598551
30,8,4,firsttouch,5,False,3,0.6788,10,2026-08-24T18:33:29.088085,2026-08-24T18:33:29.766904
30,8,6,firsttouch,5,False,20,0.4112,5404,2026-08-24T18:33:29.437897,2026-08-24T18:33:29.849153
30,8,4,firsttouch,5,False,4,0.3388,5,2026-08-24T18:33:29.766996,2026-08-24T18:33:30.105774
30,8,6,firsttouch,5,False,21,0.6187,100,2026-08-24T18:33:29.849231,2026-08-24T18:33:30.468000
30,8,6,firsttouch,5,False,22,0.2097,7,2026-08-24T18:33:30.468073,2026-08-24T18:33:30.677752
30,8,6,firsttouch,5,False,1,0.2044,4,2026-08-24T18:33:30.677826,2026-08-24T18:33:30.882264
30,8,6,firsttouch,5,False,2,0.0729,100,2026-08-24T18:33:30.882336,2026-08-24T18:33:30.955234
30,8,6,firsttouch,5,False,3,0.3125,10,2026-08-24T18:33:30.955305,2026-08-24T18:33:31.267868
30,8,6,firsttouch,5,False,4,0.2226,5,2026-08-24T18:33:31.267943,2026-08-24T18:33:31.490597
30,8,6,firsttouch,5,False,5,0.3088,5,2026-08-24T18:33:31.490669,2026-08-24T18:33:31.799476
30,8,6,firsttouch,5,False,6,0.0598,1,2026-08-24T18:33:31.799553,2026-08-24T18:33:31.859334
