sf,tag,pass,warmup,query,elapsed_s,rows
10,repl,1,True,1,1.6219,4
10,repl,1,True,2,0.2573,100
10,repl,1,True,3,0.8236,10
10,repl,1,True,4,0.7491,5
10,repl,1,True,5,0.2077,5
10,repl,1,True,6,0.0361,1
10,repl,1,True,7,0.1163,4
10,repl,1,True,8,0.1573,2
10,repl,1,True,9,0.3947,175
10,repl,1,True,10,0.3912,20
10,repl,1,True,11,0.0299,0
10,repl,1,True,12,0.1012,2
10,repl,1,True,13,0.5742,45
10,repl,1,True,14,0.0883,1
10,repl,1,True,15,0.0582,1
10,repl,1,True,16,0.1216,27840
10,repl,1,True,17,0.0954,1
10,repl,1,True,18,0.2114,100
10,repl,1,True,19,0.0777,1
10,repl,1,True,20,0.1025,1804
10,repl,1,True,21,0.1874,100
10,repl,1,True,22,0.0772,7
10,repl,2,False,1,0.0778,4
10,repl,2,False,2,0.0403,100
10,repl,2,False,3,0.0945,10
10,repl,2,False,4,0.1104,5
10,repl,2,False,5,0.1003,5
10,repl,2,False,6,0.0215,1
10,repl,2,False,7,0.0839,4
10,repl,2,False,8,0.103,2
10,repl,2,False,9,0.2921,175
10,repl,2,False,10,0.2064,20
10,repl,2,False,11,0.0289,0
10,repl,2,False,12,0.0826,2
10,repl,2,False,13,0.2296,45
10,repl,2,False,14,0.0595,1
10,repl,2,False,15,0.0407,1
10,repl,2,False,16,0.112,27840
10,repl,2,False,17,0.0602,1
10,repl,2,False,18,0.1969,100
10,repl,2,False,19,0.0672,1
10,repl,2,False,20,0.0785,1804
10,repl,2,False,21,0.1603,100
10,repl,2,False,22,0.0765,7
10,repl,3,False,1,0.0685,4
10,repl,3,False,2,0.0345,100
10,repl,3,False,3,0.0909,10
10,repl,3,False,4,0.0966,5
10,repl,3,False,5,0.0955,5
10,repl,3,False,6,0.0176,1
10,repl,3,False,7,0.0876,4
10,repl,3,False,8,0.0994,2
10,repl,3,False,9,0.2754,175
10,repl,3,False,10,0.2009,20
10,repl,3,False,11,0.0228,0
10,repl,3,False,12,0.0742,2
10,repl,3,False,13,0.207,45
10,repl,3,False,14,0.058,1
10,repl,3,False,15,0.0424,1
10,repl,3,False,16,0.1129,27840
10,repl,3,False,17,0.0598,1
10,repl,3,False,18,0.1897,100
10,repl,3,False,19,0.0617,1
10,repl,3,False,20,0.0791,1804
10,repl,3,False,21,0.1527,100
10,repl,3,False,22,0.0816,7
10,repl,4,False,1,0.0606,4
10,repl,4,False,2,0.0393,100
10,repl,4,False,3,0.0904,10
10,repl,4,False,4,0.0972,5
10,repl,4,False,5,0.088,5
10,repl,4,False,6,0.0176,1
10,repl,4,False,7,0.0844,4
10,repl,4,False,8,0.098,2
10,repl,4,False,9,0.2875,175
10,repl,4,False,10,0.2077,20
10,repl,4,False,11,0.0222,0
10,repl,4,False,12,0.0645,2
10,repl,4,False,13,0.1961,45
10,repl,4,False,14,0.0542,1
10,repl,4,False,15,0.0387,1
10,repl,4,False,16,0.11,27840
10,repl,4,False,17,0.0581,1
10,repl,4,False,18,0.1926,100
10,repl,4,False,19,0.0618,1
10,repl,4,False,20,0.0739,1804
10,repl,4,False,21,0.1556,100
10,repl,4,False,22,0.0805,7
10,repl,5,False,1,0.0619,4
10,repl,5,False,2,0.0352,100
10,repl,5,False,3,0.0814,10
10,repl,5,False,4,0.1013,5
10,repl,5,False,5,0.0953,5
10,repl,5,False,6,0.0178,1
10,repl,5,False,7,0.0799,4
10,repl,5,False,8,0.0972,2
10,repl,5,False,9,0.285,175
10,repl,5,False,10,0.229,20
10,repl,5,False,11,0.0215,0
10,repl,5,False,12,0.0702,2
10,repl,5,False,13,0.2071,45
10,repl,5,False,14,0.0574,1
10,repl,5,False,15,0.038,1
10,repl,5,False,16,0.102,27840
10,repl,5,False,17,0.0596,1
10,repl,5,False,18,0.1902,100
10,repl,5,False,19,0.0609,1
10,repl,5,False,20,0.0711,1804
10,repl,5,False,21,0.1529,100
10,repl,5,False,22,0.0775,7
10,repl,6,False,1,0.0599,4
10,repl,6,False,2,0.0351,100
10,repl,6,False,3,0.0884,10
10,repl,6,False,4,0.0921,5
10,repl,6,False,5,0.0979,5
10,repl,6,False,6,0.0195,1
10,repl,6,False,7,0.0872,4
10,repl,6,False,8,0.1011,2
10,repl,6,False,9,0.2704,175
10,repl,6,False,10,0.2152,20
10,repl,6,False,11,0.023,0
10,repl,6,False,12,0.0676,2
10,repl,6,False,13,0.2015,45
10,repl,6,False,14,0.0585,1
10,repl,6,False,15,0.0348,1
10,repl,6,False,16,0.1163,27840
10,repl,6,False,17,0.0592,1
10,repl,6,False,18,0.1963,100
10,repl,6,False,19,0.0608,1
10,repl,6,False,20,0.0756,1804
10,repl,6,False,21,0.1565,100
10,repl,6,False,22,0.0748,7
10,repl,7,False,1,0.0622,4
10,repl,7,False,2,0.0395,100
10,repl,7,False,3,0.0813,10
10,repl,7,False,4,0.0961,5
10,repl,7,False,5,0.1052,5
10,repl,7,False,6,0.0183,1
10,repl,7,False,7,0.0852,4
10,repl,7,False,8,0.0968,2
10,repl,7,False,9,0.2788,175
10,repl,7,False,10,0.2005,20
10,repl,7,False,11,0.0233,0
10,repl,7,False,12,0.0674,2
10,repl,7,False,13,0.2023,45
10,repl,7,False,14,0.0597,1
10,repl,7,False,15,0.0372,1
10,repl,7,False,16,0.1099,27840
10,repl,7,False,17,0.0587,1
10,repl,7,False,18,0.1941,100
10,repl,7,False,19,0.0609,1
10,repl,7,False,20,0.0756,1804
10,repl,7,False,21,0.1574,100
10,repl,7,False,22,0.0862,7
10,repl,8,False,1,0.0575,4
10,repl,8,False,2,0.0378,100
10,repl,8,False,3,0.0855,10
10,repl,8,False,4,0.0933,5
10,repl,8,False,5,0.0989,5
10,repl,8,False,6,0.0182,1
10,repl,8,False,7,0.0812,4
10,repl,8,False,8,0.1009,2
10,repl,8,False,9,0.2891,175
10,repl,8,False,10,0.1987,20
10,repl,8,False,11,0.0263,0
10,repl,8,False,12,0.0672,2
10,repl,8,False,13,0.196,45
10,repl,8,False,14,0.0594,1
10,repl,8,False,15,0.0369,1
10,repl,8,False,16,0.1172,27840
10,repl,8,False,17,0.0585,1
10,repl,8,False,18,0.1931,100
10,repl,8,False,19,0.0614,1
10,repl,8,False,20,0.0725,1804
10,repl,8,False,21,0.1566,100
10,repl,8,False,22,0.0676,7
10,repl,9,False,1,0.0575,4
10,repl,9,False,2,0.0423,100
10,repl,9,False,3,0.0912,10
10,repl,9,False,4,0.1014,5
10,repl,9,False,5,0.0991,5
10,repl,9,False,6,0.0184,1
10,repl,9,False,7,0.08,4
10,repl,9,False,8,0.1037,2
10,repl,9,False,9,0.2881,175
10,repl,9,False,10,0.2057,20
10,repl,9,False,11,0.0218,0
10,repl,9,False,12,0.0651,2
10,repl,9,False,13,0.1889,45
10,repl,9,False,14,0.0609,1
10,repl,9,False,15,0.0387,1
10,repl,9,False,16,0.108,27840
10,repl,9,False,17,0.0594,1
10,repl,9,False,18,0.1927,100
10,repl,9,False,19,0.061,1
10,repl,9,False,20,0.0752,1804
10,repl,9,False,21,0.1593,100
10,repl,9,False,22,0.0718,7
10,repl,10,False,1,0.0582,4
10,repl,10,False,2,0.0425,100
10,repl,10,False,3,0.0903,10
10,repl,10,False,4,0.092,5
10,repl,10,False,5,0.0955,5
10,repl,10,False,6,0.0179,1
10,repl,10,False,7,0.0836,4
10,repl,10,False,8,0.0984,2
10,repl,10,False,9,0.2914,175
10,repl,10,False,10,0.1967,20
10,repl,10,False,11,0.026,0
10,repl,10,False,12,0.071,2
10,repl,10,False,13,0.1935,45
10,repl,10,False,14,0.061,1
10,repl,10,False,15,0.0389,1
10,repl,10,False,16,0.1099,27840
10,repl,10,False,17,0.0605,1
10,repl,10,False,18,0.1928,100
10,repl,10,False,19,0.0609,1
10,repl,10,False,20,0.0759,1804
10,repl,10,False,21,0.15,100
10,repl,10,False,22,0.0797,7
10,repl,11,False,1,0.0579,4
10,repl,11,False,2,0.0357,100
10,repl,11,False,3,0.0862,10
10,repl,11,False,4,0.0928,5
10,repl,11,False,5,0.1001,5
10,repl,11,False,6,0.0181,1
10,repl,11,False,7,0.0825,4
10,repl,11,False,8,0.1073,2
10,repl,11,False,9,0.2886,175
10,repl,11,False,10,0.2014,20
10,repl,11,False,11,0.0266,0
10,repl,11,False,12,0.0698,2
10,repl,11,False,13,0.1936,45
10,repl,11,False,14,0.0597,1
10,repl,11,False,15,0.0345,1
10,repl,11,False,16,0.114,27840
10,repl,11,False,17,0.0613,1
10,repl,11,False,18,0.1912,100
10,repl,11,False,19,0.0598,1
10,repl,11,False,20,0.0777,1804
10,repl,11,False,21,0.1495,100
10,repl,11,False,22,0.074,7
10,repl,12,False,1,0.0563,4
10,repl,12,False,2,0.0377,100
10,repl,12,False,3,0.0861,10
10,repl,12,False,4,0.0897,5
10,repl,12,False,5,0.0958,5
10,repl,12,False,6,0.018,1
10,repl,12,False,7,0.0803,4
10,repl,12,False,8,0.0977,2
10,repl,12,False,9,0.2888,175
10,repl,12,False,10,0.2052,20
10,repl,12,False,11,0.0232,0
10,repl,12,False,12,0.0648,2
10,repl,12,False,13,0.1876,45
10,repl,12,False,14,0.0604,1
10,repl,12,False,15,0.0371,1
10,repl,12,False,16,0.1066,27840
10,repl,12,False,17,0.0624,1
10,repl,12,False,18,0.1909,100
10,repl,12,False,19,0.0629,1
10,repl,12,False,20,0.0778,1804
10,repl,12,False,21,0.1604,100
10,repl,12,False,22,0.0807,7
10,repl,13,False,1,0.0579,4
10,repl,13,False,2,0.0345,100
10,repl,13,False,3,0.085,10
10,repl,13,False,4,0.0915,5
10,repl,13,False,5,0.0973,5
10,repl,13,False,6,0.0179,1
10,repl,13,False,7,0.0797,4
10,repl,13,False,8,0.1033,2
10,repl,13,False,9,0.2819,175
10,repl,13,False,10,0.2104,20
10,repl,13,False,11,0.0232,0
10,repl,13,False,12,0.0652,2
10,repl,13,False,13,0.1854,45
10,repl,13,False,14,0.0595,1
10,repl,13,False,15,0.0374,1
10,repl,13,False,16,0.1142,27840
10,repl,13,False,17,0.0658,1
10,repl,13,False,18,0.1928,100
10,repl,13,False,19,0.0603,1
10,repl,13,False,20,0.0768,1804
10,repl,13,False,21,0.1611,100
10,repl,13,False,22,0.0887,7
10,repl,14,False,1,0.0619,4
10,repl,14,False,2,0.0396,100
10,repl,14,False,3,0.0932,10
10,repl,14,False,4,0.0933,5
10,repl,14,False,5,0.103,5
10,repl,14,False,6,0.018,1
10,repl,14,False,7,0.0829,4
10,repl,14,False,8,0.1094,2
10,repl,14,False,9,0.2866,175
10,repl,14,False,10,0.2091,20
10,repl,14,False,11,0.0222,0
10,repl,14,False,12,0.0649,2
10,repl,14,False,13,0.1881,45
10,repl,14,False,14,0.0559,1
10,repl,14,False,15,0.0381,1
10,repl,14,False,16,0.1167,27840
10,repl,14,False,17,0.0595,1
10,repl,14,False,18,0.1956,100
10,repl,14,False,19,0.0625,1
10,repl,14,False,20,0.0737,1804
10,repl,14,False,21,0.1576,100
10,repl,14,False,22,0.0799,7
10,repl,15,False,1,0.0581,4
10,repl,15,False,2,0.0354,100
10,repl,15,False,3,0.0888,10
10,repl,15,False,4,0.1022,5
10,repl,15,False,5,0.1088,5
10,repl,15,False,6,0.0177,1
10,repl,15,False,7,0.0829,4
10,repl,15,False,8,0.0991,2
10,repl,15,False,9,0.2858,175
10,repl,15,False,10,0.2056,20
10,repl,15,False,11,0.024,0
10,repl,15,False,12,0.0698,2
10,repl,15,False,13,0.1918,45
10,repl,15,False,14,0.0574,1
10,repl,15,False,15,0.0379,1
10,repl,15,False,16,0.1127,27840
10,repl,15,False,17,0.0607,1
10,repl,15,False,18,0.1973,100
10,repl,15,False,19,0.0617,1
10,repl,15,False,20,0.0771,1804
10,repl,15,False,21,0.1519,100
10,repl,15,False,22,0.0821,7
10,repl,16,False,1,0.058,4
10,repl,16,False,2,0.0391,100
10,repl,16,False,3,0.0859,10
10,repl,16,False,4,0.093,5
10,repl,16,False,5,0.1022,5
10,repl,16,False,6,0.0179,1
10,repl,16,False,7,0.0858,4
10,repl,16,False,8,0.1029,2
10,repl,16,False,9,0.276,175
10,repl,16,False,10,0.2007,20
10,repl,16,False,11,0.0231,0
10,repl,16,False,12,0.0658,2
10,repl,16,False,13,0.1951,45
10,repl,16,False,14,0.0586,1
10,repl,16,False,15,0.0371,1
10,repl,16,False,16,0.1122,27840
10,repl,16,False,17,0.0597,1
10,repl,16,False,18,0.1961,100
10,repl,16,False,19,0.0627,1
10,repl,16,False,20,0.0785,1804
10,repl,16,False,21,0.1561,100
10,repl,16,False,22,0.0722,7
10,repl,17,False,1,0.0581,4
10,repl,17,False,2,0.0351,100
10,repl,17,False,3,0.0887,10
10,repl,17,False,4,0.0966,5
10,repl,17,False,5,0.1001,5
10,repl,17,False,6,0.0178,1
10,repl,17,False,7,0.0924,4
10,repl,17,False,8,0.0971,2
10,repl,17,False,9,0.2842,175
10,repl,17,False,10,0.2047,20
10,repl,17,False,11,0.0226,0
10,repl,17,False,12,0.0637,2
10,repl,17,False,13,0.1875,45
10,repl,17,False,14,0.0554,1
10,repl,17,False,15,0.0373,1
10,repl,17,False,16,0.1148,27840
10,repl,17,False,17,0.061,1
10,repl,17,False,18,0.1912,100
10,repl,17,False,19,0.0614,1
10,repl,17,False,20,0.0713,1804
10,repl,17,False,21,0.1542,100
10,repl,17,False,22,0.0788,7
10,repl,18,False,1,0.0577,4
10,repl,18,False,2,0.0361,100
10,repl,18,False,3,0.0888,10
10,repl,18,False,4,0.1036,5
10,repl,18,False,5,0.0951,5
10,repl,18,False,6,0.0175,1
10,repl,18,False,7,0.0829,4
10,repl,18,False,8,0.1001,2
10,repl,18,False,9,0.2827,175
10,repl,18,False,10,0.2053,20
10,repl,18,False,11,0.0248,0
10,repl,18,False,12,0.067,2
10,repl,18,False,13,0.1905,45
10,repl,18,False,14,0.0574,1
10,repl,18,False,15,0.0387,1
10,repl,18,False,16,0.1118,27840
10,repl,18,False,17,0.0578,1
10,repl,18,False,18,0.1912,100
10,repl,18,False,19,0.055,1
10,repl,18,False,20,0.0767,1804
10,repl,18,False,21,0.1582,100
10,repl,18,False,22,0.079,7
10,repl,19,False,1,0.0573,4
10,repl,19,False,2,0.0358,100
10,repl,19,False,3,0.0868,10
10,repl,19,False,4,0.0993,5
10,repl,19,False,5,0.0959,5
10,repl,19,False,6,0.0183,1
10,repl,19,False,7,0.083,4
10,repl,19,False,8,0.1033,2
10,repl,19,False,9,0.2824,175
10,repl,19,False,10,0.2028,20
10,repl,19,False,11,0.0233,0
10,repl,19,False,12,0.0691,2
10,repl,19,False,13,0.1901,45
10,repl,19,False,14,0.0594,1
10,repl,19,False,15,0.0367,1
10,repl,19,False,16,0.107,27840
10,repl,19,False,17,0.0594,1
10,repl,19,False,18,0.1928,100
10,repl,19,False,19,0.0597,1
10,repl,19,False,20,0.0756,1804
10,repl,19,False,21,0.153,100
10,repl,19,False,22,0.0806,7
10,repl,20,False,1,0.0571,4
10,repl,20,False,2,0.0379,100
10,repl,20,False,3,0.0836,10
10,repl,20,False,4,0.1005,5
10,repl,20,False,5,0.0952,5
10,repl,20,False,6,0.0176,1
10,repl,20,False,7,0.085,4
10,repl,20,False,8,0.1068,2
10,repl,20,False,9,0.2904,175
10,repl,20,False,10,0.2056,20
10,repl,20,False,11,0.0226,0
10,repl,20,False,12,0.0658,2
10,repl,20,False,13,0.1887,45
10,repl,20,False,14,0.0601,1
10,repl,20,False,15,0.0363,1
10,repl,20,False,16,0.1114,27840
10,repl,20,False,17,0.0599,1
10,repl,20,False,18,0.1967,100
10,repl,20,False,19,0.0616,1
10,repl,20,False,20,0.077,1804
10,repl,20,False,21,0.1526,100
10,repl,20,False,22,0.0864,7
