secs_elapsed,interval_qps
1,8407550
2,8821480
3,8809810
4,8852100
5,8895860
6,8948370
7,8978100
8,9018400
9,9045580
10,9078010
11,9071590
12,9138910
13,9179220
14,9209990
15,9220190
16,9261170
17,9297890
18,9344820
19,9375760
20,9397800
21,9406960
22,9468570
23,9496680
24,9511930
25,9542120
26,9584190
27,9615470
28,9641930
29,9667960
30,9697060
31,9689420
32,9743660
33,9769210
34,9794040
35,9808070
36,9828910
37,9852330
38,9864790
39,9884730
40,9895250
41,9881880
42,9975100
43,9935550
44,9946510
45,9956700
46,9964930
47,9971180
48,9978490
49,9980720
50,9985920
51,9971280
52,9962230
53,9980750
54,9976580
55,9983020
56,9981170
57,9976250
58,9978520
59,9968900
60,9956250
61,9941560
62,9941050
63,9928910
64,9920820
65,9919020
66,9918490
67,9908380
68,9897980
69,9889920
70,9868010
71,9855380
72,9830590
73,9840150
74,9834920
75,9823320
76,9808970
77,9799530
78,9788210
79,9776620
80,9758110
81,9743550
82,9690210
83,9713760
84,9710730
85,9695400
86,9681570
87,9669750
88,9660170
89,9641610
90,9615890
91,9601700
92,9593970
93,9624690
94,9575680
95,9560330
96,9548040
97,9540490
98,9525680
99,9512350
100,9490500
101,9476110
102,9452610
103,9463590
104,9447160
105,9436560
106,9426700
107,9408640
108,9363710
109,9381260
110,9379700
111,9356680
112,9359810
113,9342920
114,9331060
115,9318040
116,9311350
117,9305570
118,9295390
119,9279970
120,9261870
121,9243730
122,9250260
123,9205850
124,9235540
125,9229650
126,9192470
127,9207550
128,9207730
129,9189290
130,9179650
131,9165810
132,9155710
133,9133090
134,9142430
135,9136570
136,9126050
137,9121820
138,9114070
139,9101900
140,9098990
141,9086530
142,9081910
143,9049030
144,9069320
145,9067630
146,9054060
147,9044510
148,9044200
149,9033740
150,9027900
151,9015620
152,9013150
153,9030660
154,8992850
155,9000690
156,8989680
157,8984110
158,8981590
159,8973190
160,8965400
161,8957020
162,8956450
163,8952130
164,8947610
165,8943340
166,8933230
167,8911380
168,8915350
169,8915400
170,8913390
171,8895000
172,8900850
173,8895160
174,8904760
175,8884450
176,8884100
177,8878960
178,8871670
179,8867360
180,8866820
181,8856170
182,8862430
183,8852350
184,8831280
185,8843360
186,8844520
187,8836840
188,8815850
189,8794170
190,8826490
191,8813510
192,8818860
193,8818250
194,8807720
195,8809930
196,8803390
197,8799060
198,8794880
199,8798860
200,8794160
201,8800600
202,8787170
203,8786150
204,8778370
205,8779570
206,8769980
207,8774260
208,8770690
209,8764620
210,8608340
