secs_elapsed,interval_qps
1,50800
2,1159780
3,15912120
4,15880420
5,15424320
6,15389970
7,15381420
8,15398630
9,15396270
10,15357320
11,15372690
12,15385880
13,15363210
14,15389370
15,15367380
16,15387040
17,15345160
18,15373320
19,15363180
20,15378130
21,15326960
22,15363460
23,15362070
24,15394860
25,15394530
26,15446830
27,15504420
28,15465160
29,15427170
30,15453870
31,15384900
32,15434050
33,15415230
34,15408720
35,15371200
36,15362450
37,15334440
38,15381920
39,15364300
40,15420700
41,15401810
42,15418240
43,15402210
44,15422290
45,15394720
46,15409250
47,15386540
48,15426450
49,15411020
50,15442760
51,15420450
52,15462810
53,15434900
54,15405630
55,15397180
56,15424930
57,15408730
58,15411610
59,15389030
60,15411640
61,15376800
62,15400230
63,15388260
64,15403910
65,15395750
66,15423420
67,15386310
68,15423680
69,15359680
70,15379440
71,15348620
72,15402510
73,15394010
74,15416680
75,15386880
76,15407020
77,15378390
78,15405410
79,15380560
80,15428920
81,15413620
82,15448740
83,15415270
84,15420470
85,15395890
86,15416220
87,15391480
88,15412560
89,15383480
90,15406160
91,15385580
92,15381540
93,15400040
94,15391640
95,15375310
96,15395790
97,15373760
98,15390800
99,15370980
100,15400850
101,15370850
102,15365500
103,15376030
104,15397710
105,15382900
106,15349270
107,15355740
108,15380840
109,15357970
110,15370850
111,15351570
112,15342390
113,15347970
114,15356920
115,15334700
116,15348950
117,15324160
118,15344540
119,15335980
