streams,stream,tag,pass,warmup,query,elapsed_s,rows,start_time,end_time
1,0,firsttouch,1,True,1,0.0552,1,2026-08-27T15:30:25.449423,2026-08-27T15:30:25.504666
1,0,firsttouch,1,True,2,0.4001,1,2026-08-27T15:30:25.504756,2026-08-27T15:30:25.904849
1,0,firsttouch,1,True,3,0.6244,1,2026-08-27T15:30:25.904933,2026-08-27T15:30:26.529347
1,0,firsttouch,1,True,4,1.3554,1,2026-08-27T15:30:26.529428,2026-08-27T15:30:27.884801
1,0,firsttouch,1,True,5,0.2934,1,2026-08-27T15:30:27.884874,2026-08-27T15:30:28.178259
1,0,firsttouch,1,True,6,2.2709,1,2026-08-27T15:30:28.178349,2026-08-27T15:30:30.449315
1,0,firsttouch,1,True,7,0.0241,1,2026-08-27T15:30:30.449417,2026-08-27T15:30:30.473500
1,0,firsttouch,1,True,8,0.0233,18,2026-08-27T15:30:30.473570,2026-08-27T15:30:30.496908
1,0,firsttouch,1,True,9,0.8352,10,2026-08-27T15:30:30.496960,2026-08-27T15:30:31.332229
1,0,firsttouch,1,True,10,0.262,10,2026-08-27T15:30:31.332332,2026-08-27T15:30:31.594312
1,0,firsttouch,1,True,11,0.485,10,2026-08-27T15:30:31.594403,2026-08-27T15:30:32.079403
1,0,firsttouch,1,True,12,0.3026,10,2026-08-27T15:30:32.079493,2026-08-27T15:30:32.382168
1,0,firsttouch,1,True,13,0.1595,10,2026-08-27T15:30:32.382258,2026-08-27T15:30:32.541747
1,0,firsttouch,1,True,14,0.3073,10,2026-08-27T15:30:32.541844,2026-08-27T15:30:32.849146
1,0,firsttouch,1,True,15,0.4924,10,2026-08-27T15:30:32.849242,2026-08-27T15:30:33.341647
1,0,firsttouch,1,True,16,0.1481,10,2026-08-27T15:30:33.341739,2026-08-27T15:30:33.489858
1,0,firsttouch,1,True,17,0.3354,10,2026-08-27T15:30:33.489959,2026-08-27T15:30:33.825384
1,0,firsttouch,1,True,18,0.3102,10,2026-08-27T15:30:33.825474,2026-08-27T15:30:34.135671
1,0,firsttouch,1,True,19,2.7077,10,2026-08-27T15:30:34.135764,2026-08-27T15:30:36.843523
1,0,firsttouch,1,True,20,0.0091,4,2026-08-27T15:30:36.843614,2026-08-27T15:30:36.852705
1,0,firsttouch,1,True,21,12.6018,1,2026-08-27T15:30:36.852784,2026-08-27T15:30:49.454601
1,0,firsttouch,1,True,22,0.1991,10,2026-08-27T15:30:49.454686,2026-08-27T15:30:49.653852
1,0,firsttouch,1,True,23,6.4009,10,2026-08-27T15:30:49.653939,2026-08-27T15:30:56.054861
1,0,firsttouch,1,True,24,0.4653,10,2026-08-27T15:30:56.054943,2026-08-27T15:30:56.520254
1,0,firsttouch,1,True,25,0.0188,10,2026-08-27T15:30:56.520336,2026-08-27T15:30:56.539193
1,0,firsttouch,1,True,26,0.1039,10,2026-08-27T15:30:56.539270,2026-08-27T15:30:56.643205
1,0,firsttouch,1,True,27,0.0213,10,2026-08-27T15:30:56.643289,2026-08-27T15:30:56.664585
1,0,firsttouch,1,True,28,0.1503,25,2026-08-27T15:30:56.664672,2026-08-27T15:30:56.814964
1,0,firsttouch,1,True,29,7.4443,25,2026-08-27T15:30:56.815056,2026-08-27T15:31:04.259416
1,0,firsttouch,1,True,30,0.0479,1,2026-08-27T15:31:04.259507,2026-08-27T15:31:04.307436
1,0,firsttouch,1,True,31,0.5402,10,2026-08-27T15:31:04.307513,2026-08-27T15:31:04.847713
1,0,firsttouch,1,True,32,2.3382,10,2026-08-27T15:31:04.847805,2026-08-27T15:31:07.186069
1,0,firsttouch,1,True,33,0.8111,10,2026-08-27T15:31:07.186161,2026-08-27T15:31:07.997323
1,0,firsttouch,1,True,34,0.5362,10,2026-08-27T15:31:07.997413,2026-08-27T15:31:08.533654
1,0,firsttouch,1,True,35,0.54,10,2026-08-27T15:31:08.533743,2026-08-27T15:31:09.073792
1,0,firsttouch,1,True,36,0.1411,10,2026-08-27T15:31:09.073875,2026-08-27T15:31:09.215033
1,0,firsttouch,1,True,37,0.0466,10,2026-08-27T15:31:09.215136,2026-08-27T15:31:09.261716
1,0,firsttouch,1,True,38,0.0176,10,2026-08-27T15:31:09.261807,2026-08-27T15:31:09.279432
1,0,firsttouch,1,True,39,0.0294,10,2026-08-27T15:31:09.279512,2026-08-27T15:31:09.308894
1,0,firsttouch,1,True,40,0.0972,10,2026-08-27T15:31:09.308969,2026-08-27T15:31:09.406196
1,0,firsttouch,1,True,41,0.0568,10,2026-08-27T15:31:09.406288,2026-08-27T15:31:09.463087
1,0,firsttouch,1,True,42,0.0219,10,2026-08-27T15:31:09.463164,2026-08-27T15:31:09.485080
1,0,firsttouch,1,True,43,0.0155,10,2026-08-27T15:31:09.485135,2026-08-27T15:31:09.500603
1,0,firsttouch,2,False,1,0.0024,1,2026-08-27T15:31:09.506724,2026-08-27T15:31:09.509161
1,0,firsttouch,2,False,2,0.0293,1,2026-08-27T15:31:09.509220,2026-08-27T15:31:09.538573
1,0,firsttouch,2,False,3,0.0112,1,2026-08-27T15:31:09.538616,2026-08-27T15:31:09.549846
1,0,firsttouch,2,False,4,0.0108,1,2026-08-27T15:31:09.549909,2026-08-27T15:31:09.560730
1,0,firsttouch,2,False,5,0.1237,1,2026-08-27T15:31:09.560776,2026-08-27T15:31:09.684469
1,0,firsttouch,2,False,6,0.1587,1,2026-08-27T15:31:09.684551,2026-08-27T15:31:09.843265
1,0,firsttouch,2,False,7,0.0409,1,2026-08-27T15:31:09.843343,2026-08-27T15:31:09.884263
1,0,firsttouch,2,False,8,0.0124,18,2026-08-27T15:31:09.884337,2026-08-27T15:31:09.896780
1,0,firsttouch,2,False,9,0.1692,10,2026-08-27T15:31:09.896824,2026-08-27T15:31:10.066028
1,0,firsttouch,2,False,10,0.2435,10,2026-08-27T15:31:10.066106,2026-08-27T15:31:10.309667
1,0,firsttouch,2,False,11,0.0605,10,2026-08-27T15:31:10.309745,2026-08-27T15:31:10.370314
1,0,firsttouch,2,False,12,0.0578,10,2026-08-27T15:31:10.370396,2026-08-27T15:31:10.428203
1,0,firsttouch,2,False,13,0.1304,10,2026-08-27T15:31:10.428286,2026-08-27T15:31:10.558672
1,0,firsttouch,2,False,14,0.2772,10,2026-08-27T15:31:10.558753,2026-08-27T15:31:10.836012
1,0,firsttouch,2,False,15,0.1407,10,2026-08-27T15:31:10.836092,2026-08-27T15:31:10.976783
1,0,firsttouch,2,False,16,0.1474,10,2026-08-27T15:31:10.976866,2026-08-27T15:31:11.124236
1,0,firsttouch,2,False,17,0.2844,10,2026-08-27T15:31:11.124312,2026-08-27T15:31:11.408762
1,0,firsttouch,2,False,18,0.2993,10,2026-08-27T15:31:11.408847,2026-08-27T15:31:11.708200
1,0,firsttouch,2,False,19,0.5412,10,2026-08-27T15:31:11.708281,2026-08-27T15:31:12.249546
1,0,firsttouch,2,False,20,0.0083,4,2026-08-27T15:31:12.249626,2026-08-27T15:31:12.257991
1,0,firsttouch,2,False,21,0.1957,1,2026-08-27T15:31:12.258054,2026-08-27T15:31:12.453781
1,0,firsttouch,2,False,22,0.1709,10,2026-08-27T15:31:12.453863,2026-08-27T15:31:12.624749
1,0,firsttouch,2,False,23,0.188,10,2026-08-27T15:31:12.624828,2026-08-27T15:31:12.812856
1,0,firsttouch,2,False,24,0.0778,10,2026-08-27T15:31:12.812934,2026-08-27T15:31:12.890789
1,0,firsttouch,2,False,25,0.0166,10,2026-08-27T15:31:12.890867,2026-08-27T15:31:12.907463
1,0,firsttouch,2,False,26,0.0916,10,2026-08-27T15:31:12.907536,2026-08-27T15:31:12.999119
1,0,firsttouch,2,False,27,0.021,10,2026-08-27T15:31:12.999196,2026-08-27T15:31:13.020198
1,0,firsttouch,2,False,28,0.1576,25,2026-08-27T15:31:13.020270,2026-08-27T15:31:13.177862
1,0,firsttouch,2,False,29,2.2322,25,2026-08-27T15:31:13.177940,2026-08-27T15:31:15.410149
1,0,firsttouch,2,False,30,0.049,1,2026-08-27T15:31:15.410229,2026-08-27T15:31:15.459265
1,0,firsttouch,2,False,31,0.1399,10,2026-08-27T15:31:15.459335,2026-08-27T15:31:15.599284
1,0,firsttouch,2,False,32,0.2288,10,2026-08-27T15:31:15.599369,2026-08-27T15:31:15.828218
1,0,firsttouch,2,False,33,0.8268,10,2026-08-27T15:31:15.828302,2026-08-27T15:31:16.655092
1,0,firsttouch,2,False,34,0.5258,10,2026-08-27T15:31:16.655172,2026-08-27T15:31:17.180955
1,0,firsttouch,2,False,35,0.6038,10,2026-08-27T15:31:17.181039,2026-08-27T15:31:17.784898
1,0,firsttouch,2,False,36,0.1359,10,2026-08-27T15:31:17.784963,2026-08-27T15:31:17.920917
1,0,firsttouch,2,False,37,0.0364,10,2026-08-27T15:31:17.921001,2026-08-27T15:31:17.957383
1,0,firsttouch,2,False,38,0.0169,10,2026-08-27T15:31:17.957460,2026-08-27T15:31:17.974360
1,0,firsttouch,2,False,39,0.0246,10,2026-08-27T15:31:17.974421,2026-08-27T15:31:17.999081
1,0,firsttouch,2,False,40,0.0703,10,2026-08-27T15:31:17.999143,2026-08-27T15:31:18.069510
1,0,firsttouch,2,False,41,0.0129,10,2026-08-27T15:31:18.069590,2026-08-27T15:31:18.082486
1,0,firsttouch,2,False,42,0.0165,10,2026-08-27T15:31:18.082549,2026-08-27T15:31:18.099070
1,0,firsttouch,2,False,43,0.0164,10,2026-08-27T15:31:18.099125,2026-08-27T15:31:18.115572
1,0,firsttouch,3,False,1,0.0024,1,2026-08-27T15:31:18.119606,2026-08-27T15:31:18.122003
1,0,firsttouch,3,False,2,0.0283,1,2026-08-27T15:31:18.122057,2026-08-27T15:31:18.150350
1,0,firsttouch,3,False,3,0.0115,1,2026-08-27T15:31:18.150391,2026-08-27T15:31:18.161894
1,0,firsttouch,3,False,4,0.0163,1,2026-08-27T15:31:18.161956,2026-08-27T15:31:18.178298
1,0,firsttouch,3,False,5,0.1353,1,2026-08-27T15:31:18.178361,2026-08-27T15:31:18.313717
1,0,firsttouch,3,False,6,0.1038,1,2026-08-27T15:31:18.313788,2026-08-27T15:31:18.417593
1,0,firsttouch,3,False,7,0.0464,1,2026-08-27T15:31:18.417659,2026-08-27T15:31:18.464104
1,0,firsttouch,3,False,8,0.013,18,2026-08-27T15:31:18.464169,2026-08-27T15:31:18.477216
1,0,firsttouch,3,False,9,0.1682,10,2026-08-27T15:31:18.477269,2026-08-27T15:31:18.645468
1,0,firsttouch,3,False,10,0.2421,10,2026-08-27T15:31:18.645548,2026-08-27T15:31:18.887631
1,0,firsttouch,3,False,11,0.066,10,2026-08-27T15:31:18.887714,2026-08-27T15:31:18.953781
1,0,firsttouch,3,False,12,0.0668,10,2026-08-27T15:31:18.953850,2026-08-27T15:31:19.020629
1,0,firsttouch,3,False,13,0.1261,10,2026-08-27T15:31:19.020700,2026-08-27T15:31:19.146837
1,0,firsttouch,3,False,14,0.2447,10,2026-08-27T15:31:19.146905,2026-08-27T15:31:19.391674
1,0,firsttouch,3,False,15,0.1372,10,2026-08-27T15:31:19.391751,2026-08-27T15:31:19.528997
1,0,firsttouch,3,False,16,0.1395,10,2026-08-27T15:31:19.529077,2026-08-27T15:31:19.668582
1,0,firsttouch,3,False,17,0.2886,10,2026-08-27T15:31:19.668665,2026-08-27T15:31:19.957299
1,0,firsttouch,3,False,18,0.3,10,2026-08-27T15:31:19.957380,2026-08-27T15:31:20.257389
1,0,firsttouch,3,False,19,0.5237,10,2026-08-27T15:31:20.257469,2026-08-27T15:31:20.781161
1,0,firsttouch,3,False,20,0.0093,4,2026-08-27T15:31:20.781242,2026-08-27T15:31:20.790535
1,0,firsttouch,3,False,21,0.214,1,2026-08-27T15:31:20.790589,2026-08-27T15:31:21.004635
1,0,firsttouch,3,False,22,0.2007,10,2026-08-27T15:31:21.004716,2026-08-27T15:31:21.205473
1,0,firsttouch,3,False,23,0.1945,10,2026-08-27T15:31:21.205565,2026-08-27T15:31:21.400110
1,0,firsttouch,3,False,24,0.0695,10,2026-08-27T15:31:21.400195,2026-08-27T15:31:21.469765
1,0,firsttouch,3,False,25,0.016,10,2026-08-27T15:31:21.469842,2026-08-27T15:31:21.485865
1,0,firsttouch,3,False,26,0.0925,10,2026-08-27T15:31:21.485934,2026-08-27T15:31:21.578416
1,0,firsttouch,3,False,27,0.0182,10,2026-08-27T15:31:21.578493,2026-08-27T15:31:21.596720
1,0,firsttouch,3,False,28,0.1393,25,2026-08-27T15:31:21.596794,2026-08-27T15:31:21.736077
1,0,firsttouch,3,False,29,2.1466,25,2026-08-27T15:31:21.736159,2026-08-27T15:31:23.882808
1,0,firsttouch,3,False,30,0.0508,1,2026-08-27T15:31:23.882940,2026-08-27T15:31:23.933778
1,0,firsttouch,3,False,31,0.1429,10,2026-08-27T15:31:23.933847,2026-08-27T15:31:24.076810
1,0,firsttouch,3,False,32,0.292,10,2026-08-27T15:31:24.076891,2026-08-27T15:31:24.368876
1,0,firsttouch,3,False,33,0.8076,10,2026-08-27T15:31:24.368952,2026-08-27T15:31:25.176547
1,0,firsttouch,3,False,34,0.5121,10,2026-08-27T15:31:25.176630,2026-08-27T15:31:25.688738
1,0,firsttouch,3,False,35,0.6348,10,2026-08-27T15:31:25.688821,2026-08-27T15:31:26.323661
1,0,firsttouch,3,False,36,0.1349,10,2026-08-27T15:31:26.323741,2026-08-27T15:31:26.458648
1,0,firsttouch,3,False,37,0.0463,10,2026-08-27T15:31:26.458733,2026-08-27T15:31:26.505075
1,0,firsttouch,3,False,38,0.0165,10,2026-08-27T15:31:26.505154,2026-08-27T15:31:26.521655
1,0,firsttouch,3,False,39,0.0243,10,2026-08-27T15:31:26.521723,2026-08-27T15:31:26.546010
1,0,firsttouch,3,False,40,0.0969,10,2026-08-27T15:31:26.546073,2026-08-27T15:31:26.643026
1,0,firsttouch,3,False,41,0.0113,10,2026-08-27T15:31:26.643107,2026-08-27T15:31:26.654420
1,0,firsttouch,3,False,42,0.0149,10,2026-08-27T15:31:26.654477,2026-08-27T15:31:26.669385
1,0,firsttouch,3,False,43,0.0237,10,2026-08-27T15:31:26.669435,2026-08-27T15:31:26.693171
1,0,firsttouch,4,False,1,0.0022,1,2026-08-27T15:31:26.695307,2026-08-27T15:31:26.697547
1,0,firsttouch,4,False,2,0.0282,1,2026-08-27T15:31:26.697600,2026-08-27T15:31:26.725820
1,0,firsttouch,4,False,3,0.0185,1,2026-08-27T15:31:26.725861,2026-08-27T15:31:26.744382
1,0,firsttouch,4,False,4,0.0108,1,2026-08-27T15:31:26.744421,2026-08-27T15:31:26.755257
1,0,firsttouch,4,False,5,0.1321,1,2026-08-27T15:31:26.755300,2026-08-27T15:31:26.887420
1,0,firsttouch,4,False,6,0.1704,1,2026-08-27T15:31:26.887501,2026-08-27T15:31:27.057946
1,0,firsttouch,4,False,7,0.0408,1,2026-08-27T15:31:27.058025,2026-08-27T15:31:27.098802
1,0,firsttouch,4,False,8,0.0181,18,2026-08-27T15:31:27.098877,2026-08-27T15:31:27.116977
1,0,firsttouch,4,False,9,0.165,10,2026-08-27T15:31:27.117024,2026-08-27T15:31:27.282085
1,0,firsttouch,4,False,10,0.253,10,2026-08-27T15:31:27.282165,2026-08-27T15:31:27.535225
1,0,firsttouch,4,False,11,0.0605,10,2026-08-27T15:31:27.535306,2026-08-27T15:31:27.595805
1,0,firsttouch,4,False,12,0.0709,10,2026-08-27T15:31:27.595888,2026-08-27T15:31:27.666811
1,0,firsttouch,4,False,13,0.1234,10,2026-08-27T15:31:27.666905,2026-08-27T15:31:27.790302
1,0,firsttouch,4,False,14,0.2385,10,2026-08-27T15:31:27.790379,2026-08-27T15:31:28.028939
1,0,firsttouch,4,False,15,0.1293,10,2026-08-27T15:31:28.029024,2026-08-27T15:31:28.158368
1,0,firsttouch,4,False,16,0.146,10,2026-08-27T15:31:28.158450,2026-08-27T15:31:28.304437
1,0,firsttouch,4,False,17,0.2748,10,2026-08-27T15:31:28.304517,2026-08-27T15:31:28.579331
1,0,firsttouch,4,False,18,0.2814,10,2026-08-27T15:31:28.579411,2026-08-27T15:31:28.860819
1,0,firsttouch,4,False,19,0.5215,10,2026-08-27T15:31:28.860897,2026-08-27T15:31:29.382413
1,0,firsttouch,4,False,20,0.0066,4,2026-08-27T15:31:29.382491,2026-08-27T15:31:29.389112
1,0,firsttouch,4,False,21,0.196,1,2026-08-27T15:31:29.389226,2026-08-27T15:31:29.585262
1,0,firsttouch,4,False,22,0.1803,10,2026-08-27T15:31:29.585343,2026-08-27T15:31:29.765686
1,0,firsttouch,4,False,23,0.2042,10,2026-08-27T15:31:29.765766,2026-08-27T15:31:29.969977
1,0,firsttouch,4,False,24,0.0766,10,2026-08-27T15:31:29.970055,2026-08-27T15:31:30.046668
1,0,firsttouch,4,False,25,0.0159,10,2026-08-27T15:31:30.046742,2026-08-27T15:31:30.062682
1,0,firsttouch,4,False,26,0.0915,10,2026-08-27T15:31:30.062752,2026-08-27T15:31:30.154248
1,0,firsttouch,4,False,27,0.0174,10,2026-08-27T15:31:30.154323,2026-08-27T15:31:30.171764
1,0,firsttouch,4,False,28,0.1443,25,2026-08-27T15:31:30.171836,2026-08-27T15:31:30.316206
1,0,firsttouch,4,False,29,2.16,25,2026-08-27T15:31:30.316289,2026-08-27T15:31:32.476339
1,0,firsttouch,4,False,30,0.0501,1,2026-08-27T15:31:32.476415,2026-08-27T15:31:32.526538
1,0,firsttouch,4,False,31,0.1364,10,2026-08-27T15:31:32.526608,2026-08-27T15:31:32.663031
1,0,firsttouch,4,False,32,0.3054,10,2026-08-27T15:31:32.663113,2026-08-27T15:31:32.968493
1,0,firsttouch,4,False,33,0.768,10,2026-08-27T15:31:32.968577,2026-08-27T15:31:33.736644
1,0,firsttouch,4,False,34,0.5045,10,2026-08-27T15:31:33.736726,2026-08-27T15:31:34.241246
1,0,firsttouch,4,False,35,0.5535,10,2026-08-27T15:31:34.241328,2026-08-27T15:31:34.794817
1,0,firsttouch,4,False,36,0.133,10,2026-08-27T15:31:34.794894,2026-08-27T15:31:34.927874
1,0,firsttouch,4,False,37,0.0448,10,2026-08-27T15:31:34.927957,2026-08-27T15:31:34.972794
1,0,firsttouch,4,False,38,0.023,10,2026-08-27T15:31:34.972872,2026-08-27T15:31:34.995910
1,0,firsttouch,4,False,39,0.0252,10,2026-08-27T15:31:34.995979,2026-08-27T15:31:35.021210
1,0,firsttouch,4,False,40,0.1013,10,2026-08-27T15:31:35.021282,2026-08-27T15:31:35.122560
1,0,firsttouch,4,False,41,0.0179,10,2026-08-27T15:31:35.122641,2026-08-27T15:31:35.140603
1,0,firsttouch,4,False,42,0.0151,10,2026-08-27T15:31:35.140670,2026-08-27T15:31:35.155740
1,0,firsttouch,4,False,43,0.0179,10,2026-08-27T15:31:35.155798,2026-08-27T15:31:35.173694
1,0,firsttouch,5,False,1,0.0022,1,2026-08-27T15:31:35.177097,2026-08-27T15:31:35.179279
1,0,firsttouch,5,False,2,0.0325,1,2026-08-27T15:31:35.179436,2026-08-27T15:31:35.211952
1,0,firsttouch,5,False,3,0.012,1,2026-08-27T15:31:35.211997,2026-08-27T15:31:35.223979
1,0,firsttouch,5,False,4,0.0115,1,2026-08-27T15:31:35.224020,2026-08-27T15:31:35.235492
1,0,firsttouch,5,False,5,0.1437,1,2026-08-27T15:31:35.235550,2026-08-27T15:31:35.379299
1,0,firsttouch,5,False,6,0.1081,1,2026-08-27T15:31:35.379366,2026-08-27T15:31:35.487499
1,0,firsttouch,5,False,7,0.0445,1,2026-08-27T15:31:35.487571,2026-08-27T15:31:35.532088
1,0,firsttouch,5,False,8,0.0124,18,2026-08-27T15:31:35.532154,2026-08-27T15:31:35.544539
1,0,firsttouch,5,False,9,0.1797,10,2026-08-27T15:31:35.544580,2026-08-27T15:31:35.724338
1,0,firsttouch,5,False,10,0.2532,10,2026-08-27T15:31:35.724421,2026-08-27T15:31:35.977638
1,0,firsttouch,5,False,11,0.0711,10,2026-08-27T15:31:35.977717,2026-08-27T15:31:36.048887
1,0,firsttouch,5,False,12,0.0712,10,2026-08-27T15:31:36.048964,2026-08-27T15:31:36.120180
1,0,firsttouch,5,False,13,0.1369,10,2026-08-27T15:31:36.120258,2026-08-27T15:31:36.257218
1,0,firsttouch,5,False,14,0.2449,10,2026-08-27T15:31:36.257298,2026-08-27T15:31:36.502173
1,0,firsttouch,5,False,15,0.1327,10,2026-08-27T15:31:36.502252,2026-08-27T15:31:36.634978
1,0,firsttouch,5,False,16,0.1463,10,2026-08-27T15:31:36.635060,2026-08-27T15:31:36.781371
1,0,firsttouch,5,False,17,0.2783,10,2026-08-27T15:31:36.781449,2026-08-27T15:31:37.059766
1,0,firsttouch,5,False,18,0.2953,10,2026-08-27T15:31:37.059847,2026-08-27T15:31:37.355199
1,0,firsttouch,5,False,19,0.5168,10,2026-08-27T15:31:37.355277,2026-08-27T15:31:37.872065
1,0,firsttouch,5,False,20,0.0085,4,2026-08-27T15:31:37.872143,2026-08-27T15:31:37.880685
1,0,firsttouch,5,False,21,0.2084,1,2026-08-27T15:31:37.880759,2026-08-27T15:31:38.089170
1,0,firsttouch,5,False,22,0.1888,10,2026-08-27T15:31:38.089247,2026-08-27T15:31:38.278048
1,0,firsttouch,5,False,23,0.2022,10,2026-08-27T15:31:38.278126,2026-08-27T15:31:38.480391
1,0,firsttouch,5,False,24,0.0772,10,2026-08-27T15:31:38.480472,2026-08-27T15:31:38.557688
1,0,firsttouch,5,False,25,0.0181,10,2026-08-27T15:31:38.557763,2026-08-27T15:31:38.575836
1,0,firsttouch,5,False,26,0.0907,10,2026-08-27T15:31:38.575906,2026-08-27T15:31:38.666586
1,0,firsttouch,5,False,27,0.0178,10,2026-08-27T15:31:38.666661,2026-08-27T15:31:38.684507
1,0,firsttouch,5,False,28,0.1546,25,2026-08-27T15:31:38.684577,2026-08-27T15:31:38.839232
1,0,firsttouch,5,False,29,2.1351,25,2026-08-27T15:31:38.839296,2026-08-27T15:31:40.974369
1,0,firsttouch,5,False,30,0.048,1,2026-08-27T15:31:40.974481,2026-08-27T15:31:41.022456
1,0,firsttouch,5,False,31,0.1447,10,2026-08-27T15:31:41.022529,2026-08-27T15:31:41.167292
1,0,firsttouch,5,False,32,0.2994,10,2026-08-27T15:31:41.167374,2026-08-27T15:31:41.466846
1,0,firsttouch,5,False,33,0.7721,10,2026-08-27T15:31:41.466927,2026-08-27T15:31:42.239024
1,0,firsttouch,5,False,34,0.5014,10,2026-08-27T15:31:42.239107,2026-08-27T15:31:42.740509
1,0,firsttouch,5,False,35,0.6286,10,2026-08-27T15:31:42.740588,2026-08-27T15:31:43.369181
1,0,firsttouch,5,False,36,0.1507,10,2026-08-27T15:31:43.369259,2026-08-27T15:31:43.519970
1,0,firsttouch,5,False,37,0.0416,10,2026-08-27T15:31:43.520050,2026-08-27T15:31:43.561672
1,0,firsttouch,5,False,38,0.0153,10,2026-08-27T15:31:43.561752,2026-08-27T15:31:43.577058
1,0,firsttouch,5,False,39,0.0217,10,2026-08-27T15:31:43.577127,2026-08-27T15:31:43.598799
1,0,firsttouch,5,False,40,0.0989,10,2026-08-27T15:31:43.598881,2026-08-27T15:31:43.697759
1,0,firsttouch,5,False,41,0.013,10,2026-08-27T15:31:43.697840,2026-08-27T15:31:43.710822
1,0,firsttouch,5,False,42,0.0179,10,2026-08-27T15:31:43.710891,2026-08-27T15:31:43.728794
1,0,firsttouch,5,False,43,0.0182,10,2026-08-27T15:31:43.728842,2026-08-27T15:31:43.747033
1,0,firsttouch,6,False,1,0.0021,1,2026-08-27T15:31:43.751454,2026-08-27T15:31:43.753610
1,0,firsttouch,6,False,2,0.0364,1,2026-08-27T15:31:43.753664,2026-08-27T15:31:43.790113
1,0,firsttouch,6,False,3,0.0176,1,2026-08-27T15:31:43.790155,2026-08-27T15:31:43.807802
1,0,firsttouch,6,False,4,0.0104,1,2026-08-27T15:31:43.807841,2026-08-27T15:31:43.818277
1,0,firsttouch,6,False,5,0.1444,1,2026-08-27T15:31:43.818314,2026-08-27T15:31:43.962779
1,0,firsttouch,6,False,6,0.1188,1,2026-08-27T15:31:43.962850,2026-08-27T15:31:44.081665
1,0,firsttouch,6,False,7,0.0443,1,2026-08-27T15:31:44.081735,2026-08-27T15:31:44.126048
1,0,firsttouch,6,False,8,0.0149,18,2026-08-27T15:31:44.126114,2026-08-27T15:31:44.140982
1,0,firsttouch,6,False,9,0.1627,10,2026-08-27T15:31:44.141039,2026-08-27T15:31:44.303746
1,0,firsttouch,6,False,10,0.2477,10,2026-08-27T15:31:44.303825,2026-08-27T15:31:44.551562
1,0,firsttouch,6,False,11,0.0542,10,2026-08-27T15:31:44.551643,2026-08-27T15:31:44.605873
1,0,firsttouch,6,False,12,0.084,10,2026-08-27T15:31:44.605949,2026-08-27T15:31:44.689932
1,0,firsttouch,6,False,13,0.1406,10,2026-08-27T15:31:44.690010,2026-08-27T15:31:44.830597
1,0,firsttouch,6,False,14,0.2729,10,2026-08-27T15:31:44.830674,2026-08-27T15:31:45.103642
1,0,firsttouch,6,False,15,0.1377,10,2026-08-27T15:31:45.103724,2026-08-27T15:31:45.241403
1,0,firsttouch,6,False,16,0.1477,10,2026-08-27T15:31:45.241485,2026-08-27T15:31:45.389189
1,0,firsttouch,6,False,17,0.3022,10,2026-08-27T15:31:45.389282,2026-08-27T15:31:45.691469
1,0,firsttouch,6,False,18,0.2928,10,2026-08-27T15:31:45.691547,2026-08-27T15:31:45.984353
1,0,firsttouch,6,False,19,0.5207,10,2026-08-27T15:31:45.984545,2026-08-27T15:31:46.505294
1,0,firsttouch,6,False,20,0.0076,4,2026-08-27T15:31:46.505378,2026-08-27T15:31:46.512960
1,0,firsttouch,6,False,21,0.1991,1,2026-08-27T15:31:46.513024,2026-08-27T15:31:46.712149
1,0,firsttouch,6,False,22,0.1808,10,2026-08-27T15:31:46.712230,2026-08-27T15:31:46.893014
1,0,firsttouch,6,False,23,0.2219,10,2026-08-27T15:31:46.893088,2026-08-27T15:31:47.115036
1,0,firsttouch,6,False,24,0.0706,10,2026-08-27T15:31:47.115114,2026-08-27T15:31:47.185758
1,0,firsttouch,6,False,25,0.018,10,2026-08-27T15:31:47.185835,2026-08-27T15:31:47.203844
1,0,firsttouch,6,False,26,0.0909,10,2026-08-27T15:31:47.203913,2026-08-27T15:31:47.294857
1,0,firsttouch,6,False,27,0.0206,10,2026-08-27T15:31:47.294934,2026-08-27T15:31:47.315540
1,0,firsttouch,6,False,28,0.1468,25,2026-08-27T15:31:47.315612,2026-08-27T15:31:47.462409
1,0,firsttouch,6,False,29,2.1639,25,2026-08-27T15:31:47.462486,2026-08-27T15:31:49.626387
1,0,firsttouch,6,False,30,0.0503,1,2026-08-27T15:31:49.626468,2026-08-27T15:31:49.676808
1,0,firsttouch,6,False,31,0.1436,10,2026-08-27T15:31:49.676878,2026-08-27T15:31:49.820478
1,0,firsttouch,6,False,32,0.224,10,2026-08-27T15:31:49.820560,2026-08-27T15:31:50.044589
1,0,firsttouch,6,False,33,0.7635,10,2026-08-27T15:31:50.044670,2026-08-27T15:31:50.808237
1,0,firsttouch,6,False,34,0.4831,10,2026-08-27T15:31:50.808315,2026-08-27T15:31:51.291389
1,0,firsttouch,6,False,35,0.6611,10,2026-08-27T15:31:51.291466,2026-08-27T15:31:51.952624
1,0,firsttouch,6,False,36,0.1329,10,2026-08-27T15:31:51.952713,2026-08-27T15:31:52.085618
1,0,firsttouch,6,False,37,0.0345,10,2026-08-27T15:31:52.085699,2026-08-27T15:31:52.120194
1,0,firsttouch,6,False,38,0.016,10,2026-08-27T15:31:52.120276,2026-08-27T15:31:52.136260
1,0,firsttouch,6,False,39,0.0301,10,2026-08-27T15:31:52.136325,2026-08-27T15:31:52.166409
1,0,firsttouch,6,False,40,0.1002,10,2026-08-27T15:31:52.166484,2026-08-27T15:31:52.266679
1,0,firsttouch,6,False,41,0.0144,10,2026-08-27T15:31:52.266760,2026-08-27T15:31:52.281180
1,0,firsttouch,6,False,42,0.0149,10,2026-08-27T15:31:52.281247,2026-08-27T15:31:52.296135
1,0,firsttouch,6,False,43,0.0172,10,2026-08-27T15:31:52.296182,2026-08-27T15:31:52.313397
1,0,firsttouch,7,False,1,0.0021,1,2026-08-27T15:31:52.319683,2026-08-27T15:31:52.321812
1,0,firsttouch,7,False,2,0.0328,1,2026-08-27T15:31:52.321865,2026-08-27T15:31:52.354641
1,0,firsttouch,7,False,3,0.0119,1,2026-08-27T15:31:52.354683,2026-08-27T15:31:52.366566
1,0,firsttouch,7,False,4,0.0136,1,2026-08-27T15:31:52.366636,2026-08-27T15:31:52.380251
1,0,firsttouch,7,False,5,0.1319,1,2026-08-27T15:31:52.380306,2026-08-27T15:31:52.512178
1,0,firsttouch,7,False,6,0.1151,1,2026-08-27T15:31:52.512248,2026-08-27T15:31:52.627367
1,0,firsttouch,7,False,7,0.0465,1,2026-08-27T15:31:52.627434,2026-08-27T15:31:52.673902
1,0,firsttouch,7,False,8,0.0135,18,2026-08-27T15:31:52.673966,2026-08-27T15:31:52.687477
1,0,firsttouch,7,False,9,0.1701,10,2026-08-27T15:31:52.687524,2026-08-27T15:31:52.857633
1,0,firsttouch,7,False,10,0.2483,10,2026-08-27T15:31:52.857702,2026-08-27T15:31:53.106028
1,0,firsttouch,7,False,11,0.0597,10,2026-08-27T15:31:53.106097,2026-08-27T15:31:53.165830
1,0,firsttouch,7,False,12,0.0677,10,2026-08-27T15:31:53.165906,2026-08-27T15:31:53.233623
1,0,firsttouch,7,False,13,0.1342,10,2026-08-27T15:31:53.233692,2026-08-27T15:31:53.367919
1,0,firsttouch,7,False,14,0.252,10,2026-08-27T15:31:53.367998,2026-08-27T15:31:53.620032
1,0,firsttouch,7,False,15,0.1384,10,2026-08-27T15:31:53.620113,2026-08-27T15:31:53.758528
1,0,firsttouch,7,False,16,0.1464,10,2026-08-27T15:31:53.758611,2026-08-27T15:31:53.905057
1,0,firsttouch,7,False,17,0.2818,10,2026-08-27T15:31:53.905139,2026-08-27T15:31:54.186912
1,0,firsttouch,7,False,18,0.2844,10,2026-08-27T15:31:54.186990,2026-08-27T15:31:54.471455
1,0,firsttouch,7,False,19,0.5117,10,2026-08-27T15:31:54.471536,2026-08-27T15:31:54.983249
1,0,firsttouch,7,False,20,0.0083,4,2026-08-27T15:31:54.983331,2026-08-27T15:31:54.991649
1,0,firsttouch,7,False,21,0.2059,1,2026-08-27T15:31:54.991718,2026-08-27T15:31:55.197639
1,0,firsttouch,7,False,22,0.1836,10,2026-08-27T15:31:55.197718,2026-08-27T15:31:55.381382
1,0,firsttouch,7,False,23,0.1979,10,2026-08-27T15:31:55.381458,2026-08-27T15:31:55.579389
1,0,firsttouch,7,False,24,0.072,10,2026-08-27T15:31:55.579477,2026-08-27T15:31:55.651507
1,0,firsttouch,7,False,25,0.0195,10,2026-08-27T15:31:55.651583,2026-08-27T15:31:55.671146
1,0,firsttouch,7,False,26,0.0925,10,2026-08-27T15:31:55.671220,2026-08-27T15:31:55.763726
1,0,firsttouch,7,False,27,0.0201,10,2026-08-27T15:31:55.763805,2026-08-27T15:31:55.783939
1,0,firsttouch,7,False,28,0.1599,25,2026-08-27T15:31:55.784010,2026-08-27T15:31:55.943930
1,0,firsttouch,7,False,29,2.268,25,2026-08-27T15:31:55.944012,2026-08-27T15:31:58.212031
1,0,firsttouch,7,False,30,0.0474,1,2026-08-27T15:31:58.212111,2026-08-27T15:31:58.259556
1,0,firsttouch,7,False,31,0.1396,10,2026-08-27T15:31:58.259628,2026-08-27T15:31:58.399212
1,0,firsttouch,7,False,32,0.2136,10,2026-08-27T15:31:58.399297,2026-08-27T15:31:58.612919
1,0,firsttouch,7,False,33,0.7878,10,2026-08-27T15:31:58.613000,2026-08-27T15:31:59.400839
1,0,firsttouch,7,False,34,0.496,10,2026-08-27T15:31:59.400918,2026-08-27T15:31:59.896962
1,0,firsttouch,7,False,35,0.6013,10,2026-08-27T15:31:59.897043,2026-08-27T15:32:00.498401
1,0,firsttouch,7,False,36,0.1364,10,2026-08-27T15:32:00.498476,2026-08-27T15:32:00.634892
1,0,firsttouch,7,False,37,0.0442,10,2026-08-27T15:32:00.634983,2026-08-27T15:32:00.679221
1,0,firsttouch,7,False,38,0.0215,10,2026-08-27T15:32:00.679301,2026-08-27T15:32:00.700794
1,0,firsttouch,7,False,39,0.027,10,2026-08-27T15:32:00.700869,2026-08-27T15:32:00.727900
1,0,firsttouch,7,False,40,0.0704,10,2026-08-27T15:32:00.727975,2026-08-27T15:32:00.798446
1,0,firsttouch,7,False,41,0.0114,10,2026-08-27T15:32:00.798530,2026-08-27T15:32:00.809932
1,0,firsttouch,7,False,42,0.0181,10,2026-08-27T15:32:00.809996,2026-08-27T15:32:00.828154
1,0,firsttouch,7,False,43,0.0169,10,2026-08-27T15:32:00.828230,2026-08-27T15:32:00.845141
1,0,firsttouch,8,False,1,0.0021,1,2026-08-27T15:32:00.852732,2026-08-27T15:32:00.854908
1,0,firsttouch,8,False,2,0.0319,1,2026-08-27T15:32:00.854966,2026-08-27T15:32:00.886916
1,0,firsttouch,8,False,3,0.0153,1,2026-08-27T15:32:00.886959,2026-08-27T15:32:00.902277
1,0,firsttouch,8,False,4,0.0117,1,2026-08-27T15:32:00.902319,2026-08-27T15:32:00.914016
1,0,firsttouch,8,False,5,0.1249,1,2026-08-27T15:32:00.914057,2026-08-27T15:32:01.038983
1,0,firsttouch,8,False,6,0.1681,1,2026-08-27T15:32:01.039065,2026-08-27T15:32:01.207228
1,0,firsttouch,8,False,7,0.0447,1,2026-08-27T15:32:01.207304,2026-08-27T15:32:01.251981
1,0,firsttouch,8,False,8,0.0127,18,2026-08-27T15:32:01.252049,2026-08-27T15:32:01.264731
1,0,firsttouch,8,False,9,0.1725,10,2026-08-27T15:32:01.265142,2026-08-27T15:32:01.437699
1,0,firsttouch,8,False,10,0.2499,10,2026-08-27T15:32:01.437775,2026-08-27T15:32:01.687684
1,0,firsttouch,8,False,11,0.0612,10,2026-08-27T15:32:01.687752,2026-08-27T15:32:01.748974
1,0,firsttouch,8,False,12,0.0638,10,2026-08-27T15:32:01.749042,2026-08-27T15:32:01.812910
1,0,firsttouch,8,False,13,0.1348,10,2026-08-27T15:32:01.812978,2026-08-27T15:32:01.947783
1,0,firsttouch,8,False,14,0.2613,10,2026-08-27T15:32:01.947851,2026-08-27T15:32:02.209164
1,0,firsttouch,8,False,15,0.1351,10,2026-08-27T15:32:02.209236,2026-08-27T15:32:02.344306
1,0,firsttouch,8,False,16,0.1516,10,2026-08-27T15:32:02.344381,2026-08-27T15:32:02.496035
1,0,firsttouch,8,False,17,0.2926,10,2026-08-27T15:32:02.496104,2026-08-27T15:32:02.788763
1,0,firsttouch,8,False,18,0.2902,10,2026-08-27T15:32:02.788829,2026-08-27T15:32:03.079065
1,0,firsttouch,8,False,19,0.5243,10,2026-08-27T15:32:03.079134,2026-08-27T15:32:03.603425
1,0,firsttouch,8,False,20,0.0106,4,2026-08-27T15:32:03.603507,2026-08-27T15:32:03.614081
1,0,firsttouch,8,False,21,0.1906,1,2026-08-27T15:32:03.614146,2026-08-27T15:32:03.804775
1,0,firsttouch,8,False,22,0.1835,10,2026-08-27T15:32:03.804853,2026-08-27T15:32:03.988386
1,0,firsttouch,8,False,23,0.2035,10,2026-08-27T15:32:03.988464,2026-08-27T15:32:04.192029
1,0,firsttouch,8,False,24,0.0729,10,2026-08-27T15:32:04.192111,2026-08-27T15:32:04.265039
1,0,firsttouch,8,False,25,0.0169,10,2026-08-27T15:32:04.265115,2026-08-27T15:32:04.281989
1,0,firsttouch,8,False,26,0.0883,10,2026-08-27T15:32:04.282064,2026-08-27T15:32:04.370348
1,0,firsttouch,8,False,27,0.0185,10,2026-08-27T15:32:04.370425,2026-08-27T15:32:04.388943
1,0,firsttouch,8,False,28,0.1438,25,2026-08-27T15:32:04.389021,2026-08-27T15:32:04.532820
1,0,firsttouch,8,False,29,2.1293,25,2026-08-27T15:32:04.532901,2026-08-27T15:32:06.662192
1,0,firsttouch,8,False,30,0.0461,1,2026-08-27T15:32:06.662266,2026-08-27T15:32:06.708433
1,0,firsttouch,8,False,31,0.1471,10,2026-08-27T15:32:06.708501,2026-08-27T15:32:06.855661
1,0,firsttouch,8,False,32,0.3056,10,2026-08-27T15:32:06.855740,2026-08-27T15:32:07.161385
1,0,firsttouch,8,False,33,0.7691,10,2026-08-27T15:32:07.161466,2026-08-27T15:32:07.930620
1,0,firsttouch,8,False,34,0.4923,10,2026-08-27T15:32:07.930693,2026-08-27T15:32:08.423021
1,0,firsttouch,8,False,35,0.6544,10,2026-08-27T15:32:08.423097,2026-08-27T15:32:09.077484
1,0,firsttouch,8,False,36,0.1359,10,2026-08-27T15:32:09.077632,2026-08-27T15:32:09.213600
1,0,firsttouch,8,False,37,0.0327,10,2026-08-27T15:32:09.213682,2026-08-27T15:32:09.246353
1,0,firsttouch,8,False,38,0.015,10,2026-08-27T15:32:09.246431,2026-08-27T15:32:09.261469
1,0,firsttouch,8,False,39,0.0264,10,2026-08-27T15:32:09.261543,2026-08-27T15:32:09.287943
1,0,firsttouch,8,False,40,0.0942,10,2026-08-27T15:32:09.288007,2026-08-27T15:32:09.382242
1,0,firsttouch,8,False,41,0.0115,10,2026-08-27T15:32:09.382323,2026-08-27T15:32:09.393874
1,0,firsttouch,8,False,42,0.017,10,2026-08-27T15:32:09.393942,2026-08-27T15:32:09.410988
1,0,firsttouch,8,False,43,0.0129,10,2026-08-27T15:32:09.411052,2026-08-27T15:32:09.423953
1,0,firsttouch,9,False,1,0.0022,1,2026-08-27T15:32:09.426158,2026-08-27T15:32:09.428349
1,0,firsttouch,9,False,2,0.0295,1,2026-08-27T15:32:09.428408,2026-08-27T15:32:09.457967
1,0,firsttouch,9,False,3,0.0176,1,2026-08-27T15:32:09.458011,2026-08-27T15:32:09.475619
1,0,firsttouch,9,False,4,0.0112,1,2026-08-27T15:32:09.475658,2026-08-27T15:32:09.486859
1,0,firsttouch,9,False,5,0.1309,1,2026-08-27T15:32:09.486895,2026-08-27T15:32:09.617832
1,0,firsttouch,9,False,6,0.1147,1,2026-08-27T15:32:09.617907,2026-08-27T15:32:09.732614
1,0,firsttouch,9,False,7,0.0442,1,2026-08-27T15:32:09.732684,2026-08-27T15:32:09.776855
1,0,firsttouch,9,False,8,0.0134,18,2026-08-27T15:32:09.776917,2026-08-27T15:32:09.790286
1,0,firsttouch,9,False,9,0.1664,10,2026-08-27T15:32:09.790330,2026-08-27T15:32:09.956699
1,0,firsttouch,9,False,10,0.2661,10,2026-08-27T15:32:09.956773,2026-08-27T15:32:10.222853
1,0,firsttouch,9,False,11,0.0624,10,2026-08-27T15:32:10.222931,2026-08-27T15:32:10.285307
1,0,firsttouch,9,False,12,0.0647,10,2026-08-27T15:32:10.285374,2026-08-27T15:32:10.350109
1,0,firsttouch,9,False,13,0.1256,10,2026-08-27T15:32:10.350179,2026-08-27T15:32:10.475778
1,0,firsttouch,9,False,14,0.2555,10,2026-08-27T15:32:10.475860,2026-08-27T15:32:10.731409
1,0,firsttouch,9,False,15,0.141,10,2026-08-27T15:32:10.731485,2026-08-27T15:32:10.872535
1,0,firsttouch,9,False,16,0.1561,10,2026-08-27T15:32:10.872608,2026-08-27T15:32:11.028736
1,0,firsttouch,9,False,17,0.2793,10,2026-08-27T15:32:11.028808,2026-08-27T15:32:11.308099
1,0,firsttouch,9,False,18,0.2798,10,2026-08-27T15:32:11.308170,2026-08-27T15:32:11.588016
1,0,firsttouch,9,False,19,0.5363,10,2026-08-27T15:32:11.588081,2026-08-27T15:32:12.124416
1,0,firsttouch,9,False,20,0.0098,4,2026-08-27T15:32:12.124482,2026-08-27T15:32:12.134301
1,0,firsttouch,9,False,21,0.1966,1,2026-08-27T15:32:12.134360,2026-08-27T15:32:12.330996
1,0,firsttouch,9,False,22,0.1694,10,2026-08-27T15:32:12.331071,2026-08-27T15:32:12.500458
1,0,firsttouch,9,False,23,0.2078,10,2026-08-27T15:32:12.500531,2026-08-27T15:32:12.708399
1,0,firsttouch,9,False,24,0.0803,10,2026-08-27T15:32:12.708470,2026-08-27T15:32:12.788816
1,0,firsttouch,9,False,25,0.016,10,2026-08-27T15:32:12.788883,2026-08-27T15:32:12.804907
1,0,firsttouch,9,False,26,0.0909,10,2026-08-27T15:32:12.804968,2026-08-27T15:32:12.895843
1,0,firsttouch,9,False,27,0.0194,10,2026-08-27T15:32:12.895911,2026-08-27T15:32:12.915324
1,0,firsttouch,9,False,28,0.15,25,2026-08-27T15:32:12.915388,2026-08-27T15:32:13.065418
1,0,firsttouch,9,False,29,2.2496,25,2026-08-27T15:32:13.065503,2026-08-27T15:32:15.315147
1,0,firsttouch,9,False,30,0.0488,1,2026-08-27T15:32:15.315228,2026-08-27T15:32:15.364005
1,0,firsttouch,9,False,31,0.1413,10,2026-08-27T15:32:15.364079,2026-08-27T15:32:15.505446
1,0,firsttouch,9,False,32,0.2955,10,2026-08-27T15:32:15.505544,2026-08-27T15:32:15.801115
1,0,firsttouch,9,False,33,0.7985,10,2026-08-27T15:32:15.801197,2026-08-27T15:32:16.599756
1,0,firsttouch,9,False,34,0.5013,10,2026-08-27T15:32:16.599840,2026-08-27T15:32:17.101207
1,0,firsttouch,9,False,35,0.5541,10,2026-08-27T15:32:17.101290,2026-08-27T15:32:17.655436
1,0,firsttouch,9,False,36,0.1352,10,2026-08-27T15:32:17.655516,2026-08-27T15:32:17.790697
1,0,firsttouch,9,False,37,0.053,10,2026-08-27T15:32:17.790780,2026-08-27T15:32:17.843795
1,0,firsttouch,9,False,38,0.0154,10,2026-08-27T15:32:17.843874,2026-08-27T15:32:17.859292
1,0,firsttouch,9,False,39,0.0215,10,2026-08-27T15:32:17.859358,2026-08-27T15:32:17.880873
1,0,firsttouch,9,False,40,0.0687,10,2026-08-27T15:32:17.880945,2026-08-27T15:32:17.949646
1,0,firsttouch,9,False,41,0.0184,10,2026-08-27T15:32:17.949725,2026-08-27T15:32:17.968194
1,0,firsttouch,9,False,42,0.02,10,2026-08-27T15:32:17.968259,2026-08-27T15:32:17.988293
1,0,firsttouch,9,False,43,0.013,10,2026-08-27T15:32:17.988341,2026-08-27T15:32:18.001341
1,0,firsttouch,10,False,1,0.0023,1,2026-08-27T15:32:18.006900,2026-08-27T15:32:18.009188
1,0,firsttouch,10,False,2,0.029,1,2026-08-27T15:32:18.009238,2026-08-27T15:32:18.038236
1,0,firsttouch,10,False,3,0.0116,1,2026-08-27T15:32:18.038278,2026-08-27T15:32:18.049902
1,0,firsttouch,10,False,4,0.0118,1,2026-08-27T15:32:18.049939,2026-08-27T15:32:18.061764
1,0,firsttouch,10,False,5,0.1339,1,2026-08-27T15:32:18.061799,2026-08-27T15:32:18.195723
1,0,firsttouch,10,False,6,0.1136,1,2026-08-27T15:32:18.195799,2026-08-27T15:32:18.309427
1,0,firsttouch,10,False,7,0.0442,1,2026-08-27T15:32:18.309510,2026-08-27T15:32:18.353712
1,0,firsttouch,10,False,8,0.0128,18,2026-08-27T15:32:18.353776,2026-08-27T15:32:18.366547
1,0,firsttouch,10,False,9,0.1743,10,2026-08-27T15:32:18.366589,2026-08-27T15:32:18.540899
1,0,firsttouch,10,False,10,0.2526,10,2026-08-27T15:32:18.540977,2026-08-27T15:32:18.793641
1,0,firsttouch,10,False,11,0.0712,10,2026-08-27T15:32:18.793710,2026-08-27T15:32:18.864952
1,0,firsttouch,10,False,12,0.0625,10,2026-08-27T15:32:18.865018,2026-08-27T15:32:18.927527
1,0,firsttouch,10,False,13,0.1318,10,2026-08-27T15:32:18.927597,2026-08-27T15:32:19.059450
1,0,firsttouch,10,False,14,0.2445,10,2026-08-27T15:32:19.059517,2026-08-27T15:32:19.303987
1,0,firsttouch,10,False,15,0.1381,10,2026-08-27T15:32:19.304155,2026-08-27T15:32:19.442279
1,0,firsttouch,10,False,16,0.1448,10,2026-08-27T15:32:19.442347,2026-08-27T15:32:19.587117
1,0,firsttouch,10,False,17,0.2993,10,2026-08-27T15:32:19.587185,2026-08-27T15:32:19.886473
1,0,firsttouch,10,False,18,0.2963,10,2026-08-27T15:32:19.886540,2026-08-27T15:32:20.182907
1,0,firsttouch,10,False,19,0.5441,10,2026-08-27T15:32:20.182987,2026-08-27T15:32:20.727143
1,0,firsttouch,10,False,20,0.0107,4,2026-08-27T15:32:20.727235,2026-08-27T15:32:20.737988
1,0,firsttouch,10,False,21,0.2028,1,2026-08-27T15:32:20.738057,2026-08-27T15:32:20.940908
1,0,firsttouch,10,False,22,0.1798,10,2026-08-27T15:32:20.940983,2026-08-27T15:32:21.120799
1,0,firsttouch,10,False,23,0.1846,10,2026-08-27T15:32:21.120875,2026-08-27T15:32:21.305512
1,0,firsttouch,10,False,24,0.0684,10,2026-08-27T15:32:21.305589,2026-08-27T15:32:21.373975
1,0,firsttouch,10,False,25,0.0167,10,2026-08-27T15:32:21.374048,2026-08-27T15:32:21.390729
1,0,firsttouch,10,False,26,0.0887,10,2026-08-27T15:32:21.390799,2026-08-27T15:32:21.479565
1,0,firsttouch,10,False,27,0.018,10,2026-08-27T15:32:21.479643,2026-08-27T15:32:21.497622
1,0,firsttouch,10,False,28,0.1415,25,2026-08-27T15:32:21.497691,2026-08-27T15:32:21.639254
1,0,firsttouch,10,False,29,2.1759,25,2026-08-27T15:32:21.639336,2026-08-27T15:32:23.815256
1,0,firsttouch,10,False,30,0.0489,1,2026-08-27T15:32:23.815346,2026-08-27T15:32:23.864234
1,0,firsttouch,10,False,31,0.1436,10,2026-08-27T15:32:23.864300,2026-08-27T15:32:24.007925
1,0,firsttouch,10,False,32,0.3083,10,2026-08-27T15:32:24.008006,2026-08-27T15:32:24.316315
1,0,firsttouch,10,False,33,0.7806,10,2026-08-27T15:32:24.316396,2026-08-27T15:32:25.096992
1,0,firsttouch,10,False,34,0.5123,10,2026-08-27T15:32:25.097074,2026-08-27T15:32:25.609351
1,0,firsttouch,10,False,35,0.615,10,2026-08-27T15:32:25.609429,2026-08-27T15:32:26.224464
1,0,firsttouch,10,False,36,0.135,10,2026-08-27T15:32:26.224540,2026-08-27T15:32:26.359549
1,0,firsttouch,10,False,37,0.035,10,2026-08-27T15:32:26.359621,2026-08-27T15:32:26.394621
1,0,firsttouch,10,False,38,0.0165,10,2026-08-27T15:32:26.394690,2026-08-27T15:32:26.411229
1,0,firsttouch,10,False,39,0.0261,10,2026-08-27T15:32:26.411288,2026-08-27T15:32:26.437372
1,0,firsttouch,10,False,40,0.0879,10,2026-08-27T15:32:26.437437,2026-08-27T15:32:26.525370
1,0,firsttouch,10,False,41,0.0144,10,2026-08-27T15:32:26.525439,2026-08-27T15:32:26.539871
1,0,firsttouch,10,False,42,0.0149,10,2026-08-27T15:32:26.539928,2026-08-27T15:32:26.554823
1,0,firsttouch,10,False,43,0.0126,10,2026-08-27T15:32:26.554895,2026-08-27T15:32:26.567517
