label,dataset,streams,tag,phase,elapsed_s,samples,local_pct,local_pct_skt0,local_pct_skt1,local_pct_skt2,local_pct_skt3,ipc,inst,inst_skt0,inst_skt1,inst_skt2,inst_skt3,afreq,freq,cpu_balance,l3hit,l2miss,l3miss,l3mpi,upi_in_gb,upi_out_gb,upi_out_pct,upi_in_pct,mem_bw_gb,mem_read_gb,mem_write_gb,mem_read_gb_skt0,mem_read_gb_skt1,mem_read_gb_skt2,mem_read_gb_skt3,mem_write_gb_skt0,mem_write_gb_skt1,mem_write_gb_skt2,mem_write_gb_skt3,data_mem_gb,data_mem_gb_node0,data_mem_gb_node1,data_mem_gb_node2,data_mem_gb_node3,pagetable_mb,pagetable_mb_node0,pagetable_mb_node1,pagetable_mb_node2,pagetable_mb_node3,warmup_s,elapsed_s_std,runs,sf
duckdb,clickbench_s16_firsttouch,16,firsttouch,cold,1452.0577,111.0,78.23423423423424,79.1891891891892,78.78378378378379,76.12612612612612,77.6036036036036,1.0906306306306306,215076.24702702707,54432.47072072072,53479.41423423424,53763.62441441441,53400.737297297295,0.9972972972972973,0.7630630630630633,0.9810456257126929,0.5066666666666667,372.4378378378379,204.61621621621623,0.0011171171171171172,16.111982069960586,52.47966691300676,18.764264264264266,5.416666666666667,96.01529687499999,54.59843980823864,41.416857599431836,13.726168678977272,13.514847833806817,14.136377485795455,13.221045720880685,10.430649414062502,10.199436168323862,10.622200106534088,10.164570845170452,31.539431762695312,7.5773052562366825,7.7789386055686265,7.995581574873491,8.189069227738813,122.63323863636364,29.855113636363637,28.34541903409091,34.390376420454544,30.043039772727273,0.0,,1,
duckdb,clickbench_s16_firsttouch,16,firsttouch,warm,1053.827177777778,89.66666666666667,82.9096407268692,84.39647662643918,82.25531973921487,81.92767374115688,82.77249271743653,1.001116104868914,265623.83906048,66735.75876654183,66146.08746414205,66740.3505550007,66001.64232154253,1.0,0.9863043417949786,0.9851995278601255,0.45898155083922876,481.62229005409904,266.1219962546817,0.0012210181717297822,18.122551499752912,59.05540509286353,21.171120590003238,6.145995746058168,119.28746313720586,68.88792161177193,50.39954152478339,16.97095055519811,17.17160197811207,17.6665272407048,17.078841568592264,12.3264333165557,12.656111602563863,12.752099720994648,12.664897089349857,32.394029610275844,7.66150028085265,8.21649291279639,8.375595693296392,8.14041847301202,151.54800068254977,34.88113385316393,35.48580704872401,41.65421449659804,39.52415885570292,0.0,26.882968682224178,9,
duckdb,clickbench_s16_imbalanced,16,imbalanced,cold,2188.4739,172.0,31.319767441860463,30.88953488372093,50.116279069767444,50.43023255813954,51.13953488372093,0.7211046511627908,140404.58180232559,40475.67296511628,33456.538081395345,33110.66430232558,33361.70639534884,0.9980232558139535,0.8217441860465114,0.818038635969359,0.4873255813953488,246.98936046511628,132.01720930232557,0.0013767441860465116,37.56177768441133,75.09013098428416,27.065891472868213,13.263565891472867,73.96220070899567,37.476880701318635,36.48532006412572,36.47526457505419,0.34150898663294804,0.3330968885476879,0.3270108720195087,35.52875079028179,0.32615731123554914,0.3179793059067919,0.3124324309067919,33.58054824208104,33.32698453858841,0.06833648681640625,0.08000946044921875,0.10553224696669468,135.5206440770349,129.87313771802326,1.31640625,1.31640625,3.0159202398255816,0.0,,1,
duckdb,clickbench_s16_imbalanced,16,imbalanced,warm,1898.8715,153.66666666666666,31.748950418488352,31.353274854041356,48.55360637032047,49.028603079744926,50.278504243985786,0.6024089363881467,157189.50523505578,45185.612960974635,37213.45594913799,37498.55318379989,37291.88299711813,0.9999638294211431,0.9638424803327263,0.8210858126374505,0.45612458663445715,281.869613257359,152.65603107670387,0.001471384299937098,42.504323623856166,83.54088091754892,30.134872838743703,15.056012844377344,83.37886143924192,42.46811808251326,40.91074334236586,41.34055488827967,0.3878336703035539,0.3763792625555107,0.36335019099502147,39.82723154185244,0.37160904924675037,0.3618464234835306,0.35005641283938704,35.14992659928963,34.89627377666792,0.06831938890311134,0.07999639527230976,0.1054513716888111,171.76030220136022,166.11198260068133,1.31640625,1.3164856799201161,3.015625,0.0,85.14067819561932,9,
duckdb,clickbench_s16_interleaved,16,interleaved,cold,1716.2158,127.0,25.181102362204726,25.401574803149607,24.362204724409448,25.543307086614174,25.4251968503937,0.9767716535433072,188572.71267716534,47612.55204724409,46966.3742519685,47283.37393700788,46710.412598425195,0.9985826771653543,0.7719685039370079,0.9810524870012484,0.49881889763779536,342.6095275590551,187.7448818897638,0.0012118110236220472,57.03154496801181,114.11671290600394,41.36351706036745,20.423228346456693,103.75977946604333,52.215047828494086,51.544731637549226,13.208895638533466,13.070705124261812,12.989212137057086,12.946235390009841,12.913879490649604,12.962875092273624,12.865936807947834,12.80203993909941,32.923599543533925,8.240859114278958,8.243477017860712,8.249464951162263,8.189923534243125,134.34790231299212,34.67199803149607,32.53617125984252,32.744555856299215,34.39499261811024,0.0,,1,
duckdb,clickbench_s16_interleaved,16,interleaved,warm,1218.6042222222222,104.66666666666667,25.087887784875377,25.061099505551937,24.8946839182408,24.906378995465573,25.817557967280795,0.867462912918714,228588.82177872572,57409.07006892175,57094.28533554526,57213.01352661637,56872.453034331156,0.99990708996893,0.9781269865237154,0.9883032574487842,0.4453676007450529,425.2314862742543,237.58220019597593,0.0013551784036462651,70.0524210768331,136.46512691704785,49.57358121185243,25.19844540612427,126.52150726517965,64.29576891422386,62.22573842477488,16.273574547498413,16.112176160435993,15.998990328370834,15.911028004494069,15.65074528983977,15.632619148229573,15.533475527963649,15.408898325339184,33.47877372063764,8.392210279579427,8.37241621614669,8.380116431864204,8.333878991059231,164.52497103119995,42.14788373727376,40.12395916928842,40.44243580755904,41.81022687017538,0.0,52.95692622579638,9,
duckdb,clickbench_s16_numa-balancing,16,numa-balancing,cold,1469.5016,112.0,77.41071428571429,78.04464285714286,76.44642857142857,77.5625,77.01785714285714,1.0824107142857142,213723.945625,53406.71089285715,53092.521071428564,54074.88803571429,53149.82625,0.9977678571428571,0.7661607142857143,0.9818332131610349,0.4864285714285715,372.8878571428572,202.87973214285714,0.0010910714285714284,17.207653023856025,55.897760184151785,20.019345238095237,5.8125,94.70316659109933,53.23498168945313,41.468183855329244,13.255208740234377,13.49479692731585,13.06396963936942,13.421006992885046,10.133674839564732,10.589517647879465,10.193164324079243,10.551828090122767,31.888696806771414,8.210247993469238,7.528789724622454,7.708890778677804,8.44079886163984,127.83855329241071,33.175990513392854,32.48500279017857,29.399658203125,32.776123046875,0.0,,1,
duckdb,clickbench_s16_numa-balancing,16,numa-balancing,warm,1077.1887333333334,90.33333333333333,81.84352272638421,82.39763152375218,80.61343924397514,82.25524726680777,81.85967918444474,0.9948122271317419,263113.7991411297,66111.53863103753,65618.88557744757,65878.59064448584,65531.41157069924,0.9999757126931041,0.9828734293892702,0.9886596161094433,0.45928624405840446,477.7044645445306,264.42724277190183,0.0012377106254541374,18.93843499548447,61.17470893993956,21.934332956519658,6.443836923472473,118.08793876730546,67.88853866532884,50.199400122996714,17.168704925244956,17.123742170628773,16.83628949879446,16.759802167237996,12.453923716236034,12.815453140719884,12.49225971869288,12.437763423585514,33.16171684426133,8.399645169886526,8.416467397021004,8.090508763176254,8.255297361099174,155.26421545118612,40.04557181875173,39.567742860626694,35.865793781667875,39.78436242063677,0.0,25.992503805905315,9,
duckdb,clickbench_s1_firsttouch,1,firsttouch,cold,44.0467,44.0,78.93181818181819,86.81818181818181,78.36363636363636,74.45454545454545,76.47727272727273,1.33,34337.93068181818,8623.400227272728,8407.697272727271,8355.19409090909,8951.638636363636,0.9093181818181818,0.0990909090909091,0.9333703504259377,0.6218181818181819,52.9925,29.015454545454546,0.0007113636363636364,2.105041281960227,9.13932683771307,2.839015151515152,0.44507575757575757,15.740581276633522,8.482228560014203,7.258354270241477,2.164908114346591,2.073033780184659,2.185392178622159,2.0588935990767046,1.8400199751420454,1.7666235351562498,1.8743630149147725,1.7773466352982956,10.425637852061879,2.6071956807916816,2.591268712824041,2.656808939847079,2.570797486738725,55.9716796875,14.057705965909092,11.566850142045455,16.930930397727273,13.417879971590908,0.0,,1,
duckdb,clickbench_s1_firsttouch,1,firsttouch,warm,8.554366666666667,8.555555555555555,86.25308641975309,87.36111111111111,87.80555555555556,84.12654320987654,85.54012345679013,1.0017438271604937,176006.3384567901,43653.0149691358,43639.84611111111,43740.89194444445,44972.58441358025,0.9988271604938271,0.6216512345679013,0.9613256189699759,0.4671450617283951,295.0152932098765,164.90751543209876,0.0013743827160493825,9.452060546875,36.67398502302759,12.96412037037037,2.940072016460905,75.13010416666665,42.86701480818383,32.263088228202164,10.54177059220679,10.53703224464699,10.94690702461902,10.841305459104937,7.840020616319445,7.884422351224923,8.293948130666474,8.244698501398535,18.393138073108815,4.554668597233149,4.577010802280756,4.656182607014974,4.605262921180254,74.40546031057099,18.47773799189815,16.35369044174383,21.45095486111111,18.123155381944443,0.0,0.03685281536056648,9,
duckdb,clickbench_s1_imbalanced,1,imbalanced,cold,48.2365,48.0,31.208333333333332,30.479166666666668,56.75,54.0,55.083333333333336,1.0920833333333333,31973.724583333333,8672.487916666667,7547.954583333333,7752.405208333334,8000.875833333333,0.9241666666666667,0.14833333333333334,0.8703332487587303,0.5991666666666667,50.89604166666666,27.52541666666667,0.0008791666666666667,8.874720662434896,20.194536132812498,7.046875,2.967013888888889,17.802374064127605,8.640042928059897,9.162331746419271,8.383788248697917,0.08236714680989583,0.08977559407552084,0.08411437988281249,8.930739542643229,0.0743145751953125,0.08105834960937501,0.07621805826822917,10.901922782262165,10.650452852249146,0.06833648681640625,0.08001708984375,0.10359573364257812,57.04833984375,51.400390625,1.31640625,1.31640625,3.015625,0.0,,1,
duckdb,clickbench_s1_imbalanced,1,imbalanced,warm,13.050633333333334,13.11111111111111,29.756613756613756,29.458384208384206,50.383801383801384,51.51902726902727,52.46092796092796,0.6367918192918193,116343.32727309728,32574.14282153032,27712.57999287749,27680.07384004884,28376.53102665853,0.9997496947496948,0.656417378917379,0.8454339022577602,0.45617521367521374,198.60018213268214,109.60485347985349,0.0016581501831501831,31.653979846921743,63.281600574808586,22.68325193325193,11.192468796635463,61.17446953220391,30.947233631349846,30.227235360306647,30.348118591929627,0.20923898376290953,0.19808392932660512,0.19179088327037547,29.67847377232143,0.1886828946155118,0.18282167142030423,0.17725698419057795,18.837565012952396,18.58458555855788,0.06832344511635284,0.08005223722539395,0.10373025877862914,76.8036608573718,71.15526230858262,1.31640625,1.31640625,3.015625,0.0,0.08065041847380586,9,
duckdb,clickbench_s1_interleaved,1,interleaved,cold,45.1256,45.0,25.2,29.31111111111111,23.822222222222223,23.8,24.333333333333332,1.1935555555555555,34081.10488888888,8430.712000000001,8754.552222222223,8421.996444444443,8473.843555555555,0.9215555555555557,0.11355555555555555,0.9620133880824159,0.6053333333333334,56.59266666666668,31.619111111111113,0.0008066666666666667,10.432038194444447,23.945195963541664,8.25925925925926,3.3037037037037043,19.564825303819443,9.439861979166666,10.124963541666668,2.3962113715277775,2.320124348958333,2.3839233940972226,2.3396024305555554,2.528213324652778,2.4950566406249997,2.5878318142361105,2.5138628472222218,10.602276926455291,2.6297804790994395,2.6618025406547217,2.6403095411217734,2.670577671216882,56.40421195652174,15.361752717391305,13.09876019021739,13.153108016304348,14.791440217391305,0.0,,1,
duckdb,clickbench_s1_interleaved,1,interleaved,warm,9.705111111111112,9.666666666666666,25.023456790123458,24.71851851851852,24.81851851851852,25.106172839506172,25.351851851851855,0.896716049382716,155784.61332098764,38637.247938271605,38687.44813580247,38680.68411111111,39779.232987654315,0.9990740740740741,0.6148765432098765,0.965714513887914,0.45670370370370367,268.44491358024686,150.76495061728394,0.0014675308641975307,44.70463412663966,90.92784540171682,32.834670781893,15.890740740740743,81.59476738522376,40.96124131944444,40.63352648775077,10.353740596064815,10.19629692322531,10.111434678819444,10.299768735532407,10.125865294656636,10.164684558256173,10.081305290316358,10.261671368634259,18.4528259701199,4.598982201093509,4.60673538490578,4.581167051527235,4.6660442729055145,74.99864969135803,20.19047550154321,17.647183641975307,17.6643180941358,19.497227044753085,0.0,0.15835496080360412,9,
duckdb,clickbench_s1_numa-balancing,1,numa-balancing,cold,44.176700000000004,44.0,80.25,86.20454545454545,80.0,76.47727272727273,78.6590909090909,1.343181818181818,35139.55340909091,8802.516363636365,8621.8075,8663.028863636362,9052.202272727272,0.915909090909091,0.10477272727272728,0.9524541366001092,0.625,57.42045454545455,31.87772727272727,0.0007227272727272726,2.249775390625,9.700975452769887,3.077651515151515,0.5170454545454545,14.553194469105113,7.818041326349433,6.735153586647727,1.9167418323863636,1.9619542347301135,2.049728560014205,1.8896169211647729,1.6678817471590912,1.67623046875,1.7637784090909092,1.6272627397017045,10.544102928855203,2.608445340936834,2.637364387512207,2.726428812200373,2.5719690322875977,56.69602272727273,14.221324573863637,12.072887073863637,17.200727982954547,13.199307528409092,0.0,,1,
duckdb,clickbench_s1_numa-balancing,1,numa-balancing,warm,8.689433333333334,8.666666666666666,86.17438271604938,86.13734567901234,86.74382716049382,85.16203703703704,86.36882716049382,0.9974845679012344,173836.65875,43246.62949074074,43087.162283950616,43769.6199537037,43733.24675925926,0.9988425925925927,0.6173302469135803,0.9624216454698503,0.46699074074074076,291.93194444444447,162.8841203703704,0.0013700617283950616,9.317487129870756,36.401948679229356,12.857253086419753,2.8851594650205765,73.94614651150174,42.220139371141975,31.726007155430167,10.490956096884645,10.502949098186727,10.787755850332754,10.438477331090857,7.864952965253666,7.872266830632715,8.1102060878424,7.878580789448303,18.455974054925235,4.561176523750211,4.596452177306753,4.686224619547526,4.612145312038469,75.05107060185185,18.779953944830247,16.64476634837963,21.81839554398148,17.809932002314817,0.0,0.18864365215930254,9,
duckdb,tpch_sf10_s16_firsttouch,16,firsttouch,cold,263.3911,18.0,60.27777777777778,63.05555555555556,57.22222222222222,60.27777777777778,59.833333333333336,1.07,159425.64388888888,39974.31611111111,39238.07777777778,39792.651666666665,40420.59666666667,0.9811111111111112,0.6633333333333334,0.9707446453935186,0.633888888888889,316.8827777777778,117.55111111111111,0.0006277777777777778,20.391671549479167,58.37847764756945,20.962962962962962,7.013888888888889,57.829925896139706,31.74861098345588,26.081313189338236,7.728590303308823,7.336224149816176,7.727228860294118,8.95657054227941,6.315998965992647,6.10573357077206,6.394700712316176,7.264881089154412,8.693645265367296,2.094690958658854,1.9506467183430989,2.10819583468967,2.538817087809245,39.71571180555556,9.62326388888889,7.160807291666667,7.179036458333333,15.752604166666666,0.0,,1,10.0
duckdb,tpch_sf10_s16_firsttouch,16,firsttouch,warm,181.78003333333334,13.11111111111111,56.01892551892552,58.42338217338218,55.13156288156288,55.01271876271876,55.52787952787953,0.900430402930403,220665.9758933659,55510.80765669516,55248.80026658527,55074.58578042328,54831.781862026866,0.9996764346764346,0.9138685388685389,0.9877268717831976,0.6268742368742369,443.5023412698413,163.70694953194953,0.0007442612942612942,27.22439766125801,72.77903303817854,26.201253222086553,9.489494301994302,73.69095853564116,42.041224502855364,31.649733650229255,10.259269452155195,9.896616446433342,10.415667406143479,11.469671371019027,7.616258766009742,7.717426968467008,7.812843322132873,8.503204283599793,10.526127956143519,2.5904753385737123,2.5024311359112077,2.571216292142577,2.862014896267063,48.44301835317461,11.954314999236875,9.398771367521368,9.218936011904763,17.870745573870572,0.0,1.9648877035342278,9,10.0
duckdb,tpch_sf10_s16_imbalanced,16,imbalanced,cold,308.5066,22.0,27.863636363636363,27.045454545454547,49.54545454545455,49.72727272727273,49.31818181818182,0.8931818181818181,133021.00409090906,35761.00590909091,32247.884090909083,32901.29727272727,32110.817727272733,0.9827272727272728,0.6668181818181819,0.8979282576363364,0.6309090909090909,264.81363636363636,96.40545454545453,0.000640909090909091,27.703694069602275,60.300169566761355,21.685606060606062,9.678030303030303,52.22923783735796,27.201928267045457,25.027308238636362,25.814612482244318,0.45624644886363624,0.4733274147727272,0.45774192116477264,23.558749556107955,0.48379172585227276,0.496363192471591,0.4884024325284091,9.08171390351795,8.831229073660715,0.0668046133858817,0.07873480660574776,0.10361862182617188,41.604166666666664,35.954613095238095,1.31640625,1.31640625,3.015625,0.0,,1,10.0
duckdb,tpch_sf10_s16_imbalanced,16,imbalanced,warm,230.29224444444446,16.0,27.783061002178652,27.124400871459695,50.51013071895425,49.72012527233116,50.66606753812636,0.7373115468409587,181237.42791067538,49387.30196105664,44333.80926906318,43944.822447712424,43571.49533169935,0.9996609477124182,0.9232644335511981,0.8821545333423082,0.6261233660130718,356.5521911764706,131.0643929738562,0.0007301824618736383,36.9599735261672,76.02567869045947,27.386462872185913,12.992102396514163,68.13560641605818,36.28787071051837,31.84773699671926,35.12506318242358,0.3825350993370438,0.3969454981319785,0.38332618650216166,30.70281035379647,0.37802383775233184,0.3901074851707176,0.37679481044262325,10.482528462337253,10.229897240719763,0.06829499886705985,0.08152866405079827,0.10356186843905314,49.00599628523284,43.357784841367106,1.31640625,1.31640625,3.015625,0.0,3.4873983189876356,9,10.0
duckdb,tpch_sf10_s16_interleaved,16,interleaved,cold,270.6134,18.0,25.444444444444443,26.5,22.833333333333332,24.944444444444443,27.5,1.0022222222222221,155332.54166666666,39197.08222222222,38632.163888888885,38437.77222222222,39065.52388888889,0.9827777777777779,0.6761111111111112,0.9806284050507842,0.6272222222222221,313.39444444444445,118.64555555555555,0.0006555555555555555,33.831501193576386,78.29207411024305,28.21759259259259,11.888888888888888,63.31141330295139,33.40812445746528,29.90328993055555,8.537638346354166,8.308333875868056,8.343836263020833,8.218316514756944,7.464366319444443,7.478186848958334,7.512610134548613,7.448126627604166,8.466561769184313,2.12723782188014,2.11265724583676,2.1199136031301395,2.1066484953227795,39.59827302631579,11.12438322368421,9.034128289473685,8.863486842105264,10.576274671052632,0.0,,1,10.0
duckdb,tpch_sf10_s16_interleaved,16,interleaved,warm,192.73433333333332,13.88888888888889,25.31855921855922,25.37997557997558,25.40866910866911,25.096581196581198,25.784696784696784,0.8598233618233618,208914.66945706145,52527.03360968661,52319.91528490028,52147.372637769644,51920.34862840863,0.9996878306878306,0.9071786731786733,0.9862560385450337,0.6222840862840863,422.4577370777371,157.5576109076109,0.0007509401709401708,44.14233299867088,97.56457815719438,35.304694071360736,15.70275064441731,80.91682290871744,43.84362155361276,37.07320161583931,11.276605101098264,10.973362600398733,10.81669045075295,10.77696334611569,9.408280704683047,9.295801816239317,9.177425875050876,9.191693590300035,10.540646376433196,2.6501646612444496,2.653134245789046,2.5997521834786848,2.637637562765355,49.30445570054945,13.521904412138788,11.415083975630852,11.252252492877494,13.115555046805047,0.0,1.342823069134587,9,10.0
duckdb,tpch_sf10_s16_numa-balancing,16,numa-balancing,cold,266.0399,18.0,59.55555555555556,61.166666666666664,57.22222222222222,56.333333333333336,61.55555555555556,1.0294444444444446,159852.80833333332,39677.89111111111,39976.28555555556,39768.768888888895,40429.86444444445,0.9822222222222222,0.6694444444444445,0.9814005477469101,0.6200000000000001,318.37166666666667,119.71111111111112,0.0006555555555555555,20.953912217881946,58.6441259765625,20.995370370370374,7.226851851851852,54.59137532552083,30.34844997829861,24.242925889756943,7.211584743923611,7.327141927083334,8.1713818359375,7.638340386284721,5.661567925347222,5.897451714409723,6.310382486979168,6.373527018229167,8.496735254923502,1.955577426486545,2.0139266120062933,2.312994215223524,2.2142365773518877,39.401692708333336,9.499348958333334,7.021918402777778,13.403211805555555,9.475477430555555,0.0,,1,10.0
duckdb,tpch_sf10_s16_numa-balancing,16,numa-balancing,warm,182.08922222222222,13.444444444444445,55.11660561660562,58.0989010989011,54.16727716727716,52.57753357753357,55.775335775335776,0.8974053724053724,215604.86713675212,54424.70666056166,53882.41932234432,53751.30558608058,53546.43545177045,0.9992735042735043,0.8991758241758243,0.9831322413129118,0.6272588522588523,435.72882783882784,160.43615995115996,0.0007407814407814407,27.139389278798458,72.34211545615842,26.0475172975173,9.457671957671957,72.4907688074729,41.192857369410106,31.297911616920405,9.966487779256333,9.97836183727297,10.856654134710775,10.391354035504428,7.50929686903808,7.663648039243743,7.981766934237637,8.143199255713904,10.386777693826492,2.528875239166148,2.4867833711579896,2.6604552356314746,2.7115862477247825,48.11098710317461,11.86174784416972,9.181409302503052,15.622236053876678,11.449817326770452,0.0,1.9929763776684435,9,10.0
duckdb,tpch_sf10_s1_firsttouch,1,firsttouch,cold,7.9813,8.0,63.5,73.125,60.75,61.625,60.25,1.0725,21873.8575,5393.6175,5308.0925,6217.9,4954.24875,0.9212499999999999,0.08875,0.7967720211003715,0.71875,42.73625,14.171250000000002,0.0004375,2.685447998046875,10.179486083984374,3.25,0.6041666666666666,6.98814697265625,3.3696667480468747,3.618480224609375,0.7947155761718749,0.811553955078125,0.9654333496093749,0.797962646484375,0.8303295898437499,0.88231201171875,1.04764404296875,0.858194580078125,3.1248669624328613,0.7153034210205078,0.722836971282959,0.9470696449279785,0.739769458770752,23.693359375,5.62646484375,3.55615234375,9.27587890625,5.23583984375,0.0,,1,10.0
duckdb,tpch_sf10_s1_firsttouch,1,firsttouch,warm,2.787877777777778,2.7777777777777777,57.01851851851851,58.44444444444444,56.92592592592593,53.03703703703704,58.629629629629626,0.9359259259259259,66028.0525925926,16583.682777777776,16093.981481481482,16370.857037037038,16979.531296296293,0.9899999999999998,0.2625925925925926,0.9101983050373192,0.6733333333333333,120.48074074074073,38.55722222222222,0.0005833333333333333,7.091747504340278,23.78858000578704,8.222222222222221,2.111111111111111,20.76288158275463,11.163768446180557,9.599112413194444,2.6602123119212964,2.631187970196759,3.0152426938657406,2.8571251085069442,2.2700311053240743,2.302799117476852,2.5688510923032406,2.457432002314815,4.495879632455331,1.037080552842882,1.078839831882053,1.2520667888500072,1.1276705000135634,28.070240162037038,6.651548032407407,4.597873263888889,10.372106481481481,6.4487123842592595,0.0,0.04169063977015047,9,10.0
duckdb,tpch_sf10_s1_imbalanced,1,imbalanced,cold,8.4175,8.0,30.125,27.75,60.125,53.75,56.625,1.02,19250.46875,4966.349999999999,4622.45,5179.6725,4481.995,0.92375,0.08375,0.8653047079714017,0.7062499999999999,36.706250000000004,10.83625,0.00045,4.50147216796875,12.207235107421873,4.072916666666667,1.2604166666666667,8.8910986328125,4.277310791015625,4.6137890625,3.951849365234375,0.108463134765625,0.113935546875,0.10305908203125001,4.2838623046875,0.11080688476562499,0.11422607421875,0.104893798828125,3.0668506622314453,2.824380874633789,0.06313705444335938,0.07689285278320312,0.10243988037109375,23.98828125,18.33984375,1.31640625,1.31640625,3.015625,0.0,,1,10.0
duckdb,tpch_sf10_s1_imbalanced,1,imbalanced,warm,3.0638444444444444,3.111111111111111,33.06481481481481,32.7037037037037,52.398148148148145,49.93518518518519,51.97222222222222,0.8562962962962963,60773.3500925926,16880.36333333333,14583.713333333335,14556.418148148148,14752.854629629628,0.9896296296296296,0.2656481481481482,0.8406692633457183,0.6539814814814815,110.59083333333334,37.53296296296296,0.0006240740740740741,10.29247486255787,25.03945845992477,8.581790123456791,3.3757716049382713,21.04749801070602,11.138149052372686,9.909349320023146,10.838250868055557,0.09637975622106482,0.1040773292824074,0.09944173177083332,9.63165427879051,0.08969618055555556,0.09621889467592593,0.09178096064814815,4.493755870395237,4.2452830915097834,0.06671142578125,0.08000946044921875,0.10243988037109375,28.488932291666668,22.840639467592595,1.31640625,1.31640625,3.015625,0.0,0.05352576741885892,9,10.0
duckdb,tpch_sf10_s1_interleaved,1,interleaved,cold,8.2734,8.0,24.875,29.0,24.0,23.25,23.125,1.0462500000000001,18703.2175,4393.3425,4672.3,4535.4275,5102.147499999999,0.9175,0.075,0.8610771248773189,0.72125,35.2675,10.43375,0.0004375,4.421591796875,12.962099609375,4.260416666666667,1.0729166666666667,9.30162841796875,4.428216552734375,4.873414306640624,1.158778076171875,1.090013427734375,1.117637939453125,1.06178466796875,1.19787109375,1.23384521484375,1.262340087890625,1.179356689453125,3.2114105224609375,0.8002705574035645,0.8077950477600098,0.8186192512512207,0.7850818634033203,24.333984375,7.43212890625,5.09130859375,4.98193359375,6.8291015625,0.0,,1,10.0
duckdb,tpch_sf10_s1_interleaved,1,interleaved,warm,3.0231666666666666,3.0,25.296296296296294,25.14814814814815,24.740740740740744,23.407407407407405,27.962962962962962,0.902962962962963,61577.86259259259,15245.168888888888,15123.744814814816,15044.979629629628,16163.96777777778,0.9899999999999998,0.25333333333333335,0.9117311306746946,0.6559259259259259,112.57,37.70111111111111,0.0006222222222222223,11.749309172453703,31.307864945023148,11.00925925925926,3.811728395061728,22.51620876736111,11.608469328703704,10.907739076967593,2.9637554253472222,2.915818865740741,2.8646404803240744,2.864252387152778,2.656812789351852,2.8166977719907407,2.737267071759259,2.696962890625,4.463884282995153,1.1199836730957031,1.1359090451841,1.0936032047978155,1.1142576712149161,28.555266203703702,8.424768518518519,6.1108217592592595,5.982349537037037,8.037037037037036,0.0,0.031011852572847148,9,10.0
duckdb,tpch_sf10_s1_numa-balancing,1,numa-balancing,cold,8.1297,8.0,62.75,72.0,61.875,58.25,60.625,1.09625,17490.833749999998,4288.1725,4245.0425,4591.675,4365.9425,0.9125,0.06999999999999999,0.9245084854655435,0.73625,35.0925,10.2675,0.00043749999999999995,2.339268798828125,8.94981201171875,2.78125,0.5,9.057631835937501,4.449456787109375,4.6081787109375,1.0850988769531251,1.073187255859375,1.1775866699218749,1.113583984375,1.1092651367187498,1.114022216796875,1.23221923828125,1.152669677734375,3.214489459991455,0.7696504592895508,0.7337450981140137,0.8992881774902344,0.8160171508789062,24.37353515625,6.02587890625,3.59814453125,9.38134765625,5.3740234375,0.0,,1,10.0
duckdb,tpch_sf10_s1_numa-balancing,1,numa-balancing,warm,2.8183555555555557,2.888888888888889,57.166666666666664,57.46296296296296,57.29629629629629,55.18518518518519,57.888888888888886,0.9346296296296297,66122.80537037036,16447.300740740742,15914.425000000001,16809.79685185185,16951.281851851854,0.9894444444444443,0.26333333333333336,0.898418568255481,0.6746296296296296,120.17222222222222,38.98203703703703,0.0005944444444444444,7.059171549479166,23.782421332465276,8.19135802469136,2.1080246913580245,20.363091724537036,10.962448820891204,9.400642180266203,2.6148178891782408,2.5102414279513887,2.847902560763889,2.989485677083333,2.223485062210648,2.1752038122106483,2.4448679832175926,2.557086226851852,4.526248296101888,1.075442632039388,1.0631324626781322,1.2175908971715856,1.1696159927933305,28.6796875,7.143446180555555,4.573061342592593,10.482421875,6.4825665509259265,0.0,0.024849200747262927,9,10.0
duckdb,tpch_sf30_s16_firsttouch,16,firsttouch,cold,759.5019,54.0,56.888888888888886,58.574074074074076,57.98148148148148,53.75925925925926,57.44444444444444,1.0935185185185186,168019.40703703705,42047.23462962963,42056.84537037037,42165.25222222222,41750.074629629635,0.9824074074074074,0.6857407407407409,0.9901535607944549,0.7048148148148149,468.1225925925926,143.11148148148146,0.0007407407407407407,21.415945276331012,58.97399974681712,21.14351851851852,7.367283950617284,58.20572044516509,33.794598688089614,24.411121941332546,8.392443248820754,8.090776275058962,8.324114644752358,8.987264887971698,6.04926555129717,5.929082215507077,6.004069501768868,6.428704488502359,15.519185454757125,4.094829983181423,3.5728157891167536,3.7874823676215277,4.065825215092412,61.572554976851855,15.813295717592593,12.261646412037036,18.17918113425926,15.326099537037036,0.0,,1,30.0
duckdb,tpch_sf30_s16_firsttouch,16,firsttouch,warm,504.14317777777774,39.22222222222222,54.744159544159544,55.02599715099715,56.48774928774929,53.52008547008547,54.63995726495726,0.9049943019943019,232370.27608618236,58447.284031339026,58070.77566452991,58162.55195797721,57689.66406410256,0.9999722222222223,0.9583632478632479,0.9866914660979028,0.691994301994302,662.2969864672365,202.1787485754986,0.0008948148148148149,29.245640853142806,76.8104624308616,27.685244539411205,10.228994539411206,78.15929053806997,46.3510164163246,31.808274371487066,11.4698296360434,11.014664748209709,12.08945463758095,11.77706775208023,7.755124665180664,7.619925168024687,8.244522048764866,8.188702351833108,17.292151825101612,4.344087053314109,4.179653512457354,4.416910751335338,4.351506650564034,72.03393840964256,18.124286607109386,14.926538587470949,21.556199993088356,17.426879718075234,0.0,15.699037853064254,9,30.0
duckdb,tpch_sf30_s16_imbalanced,16,imbalanced,cold,841.0294,63.0,29.857142857142858,29.476190476190474,52.111111111111114,51.44444444444444,51.41269841269841,0.8742857142857143,143863.40619047618,40129.33793650794,34675.07095238095,34624.584285714285,34434.41333333334,0.9792063492063492,0.7392063492063493,0.8580857573034215,0.6849206349206349,394.87000000000006,123.29174603174603,0.0007999999999999997,29.75912372891865,61.610938895089305,22.16666666666666,10.420634920634921,55.07254014756944,29.957351810515863,25.11518895709326,29.14818901909722,0.2637656560019841,0.27615668402777777,0.26924076140873016,24.334224175347227,0.25634998139880955,0.2671999007936508,0.2574153645833334,14.318419744097998,14.055757552858385,0.06671142578125,0.08000946044921875,0.10440826416015625,56.753348214285715,51.089967757936506,1.31640625,1.31640625,3.015625,0.0,,1,30.0
duckdb,tpch_sf30_s16_imbalanced,16,imbalanced,warm,654.8890555555556,50.111111111111114,28.193278200168958,27.643079454003825,52.27132275132275,51.39205282112845,52.261661108888,0.7124235471966566,182466.4680256903,50386.91872541906,44112.69078450047,44157.77587342492,43809.08230855898,0.9999777777777779,0.9581617535903251,0.8691418615204481,0.6784604241696679,512.0813361344539,156.7532468987595,0.0009392760659819484,37.38271044982229,75.9157462626978,27.336104738191572,13.16137403109392,68.73954338180585,37.84294095273526,30.896602299287768,36.878121784277944,0.3167193850109488,0.3269341743641901,0.3211654579192788,29.97078690772316,0.3058063923572901,0.31297671923804243,0.3070323260641062,17.22914503446846,16.975977959885807,0.06832565307617187,0.08000946044921875,0.10551743263019725,71.14764965013784,65.49999322298363,1.31640625,1.31640625,3.015625,0.0,12.168877254199662,9,30.0
duckdb,tpch_sf30_s16_interleaved,16,interleaved,cold,773.1684,56.0,25.232142857142858,26.910714285714285,24.803571428571427,24.714285714285715,24.625,1.0244642857142856,162609.70410714284,41388.56982142857,40809.486607142855,40296.494107142855,40115.15446428572,0.9853571428571429,0.6942857142857143,0.9692326803598912,0.6957142857142856,456.3905357142857,145.90589285714285,0.0007821428571428571,35.31911987304687,79.11073399135044,28.52827380952381,12.45386904761905,65.11613316127232,36.18981462751116,28.926318708147317,9.174226422991072,9.066200823102678,9.001124790736606,8.948261195591519,7.235520891462053,7.287301374162945,7.263061000279017,7.140434570312499,14.509217057909282,3.6141415323529924,3.636190891265869,3.63688291822161,3.6225325039454868,57.842982700892854,15.671735491071429,13.615304129464286,13.275669642857142,15.281110491071429,0.0,,1,30.0
duckdb,tpch_sf30_s16_interleaved,16,interleaved,warm,537.9038555555555,41.333333333333336,25.20150987224158,25.232804232804234,25.198477222867467,24.88495289714802,25.76629242482901,0.8599283778552071,220816.128875984,55563.86345076784,55193.91790682668,55360.83774809653,54697.50963995354,0.9999735449735448,0.958623693379791,0.983738205826218,0.6855878177829398,634.6465982707446,196.4645509097948,0.0009287585494902567,47.13177972623988,102.92484232025403,37.26965845055276,16.798339570697294,85.87665181343964,48.33525501841468,37.541396928610745,12.325637142443783,12.067518071258187,11.989634325926128,11.952465612372363,9.493091314957978,9.385536956255443,9.388476495707106,9.274291952489838,17.794940749838023,4.43556286704388,4.4570226729985345,4.418905570704271,4.483954179337723,73.92957400249226,19.69788752984256,17.583172072606143,17.45571389251839,19.195445266627146,0.0,16.153044876904097,9,30.0
duckdb,tpch_sf30_s16_numa-balancing,16,numa-balancing,cold,715.1195,54.0,57.166666666666664,57.833333333333336,56.75925925925926,54.94444444444444,58.592592592592595,1.0911111111111111,168043.51407407405,42268.98481481482,41733.17166666667,41824.40944444444,42216.948333333334,0.9848148148148148,0.6912962962962962,0.9873237280124987,0.704074074074074,467.7974074074074,146.26222222222225,0.0007481481481481483,21.726577510127314,60.08798900462963,21.546296296296294,7.4984567901234565,58.07368055555556,33.78718876591435,24.286490523726844,8.27616626880787,8.11187789351852,8.84304253472222,8.556102611400464,5.957199435763889,5.891172598379628,6.386941912615741,6.051177481192129,14.121732570506909,3.279523708202221,3.524804645114475,3.7140656224003545,3.603280950475622,56.54528356481482,13.72337962962963,11.11646412037037,17.970341435185187,13.735894097222221,0.0,,1,30.0
duckdb,tpch_sf30_s16_numa-balancing,16,numa-balancing,warm,502.80212222222224,39.22222222222222,53.97282950967162,54.41581571449993,54.95836707152497,53.194174538911376,53.967168990853196,0.9016998050682261,232344.23288019194,58446.43961148598,58183.469332358676,57998.58862355675,57715.73544365722,0.9999722222222223,0.9615230919178287,0.9868587590737703,0.6895793597240966,660.3163963112911,203.220400997151,0.0009060132703553757,29.86993063924208,77.69249556369871,28.00494295746489,10.447972272204728,78.17612804657773,46.54453374474451,31.631594335988748,11.182547812318424,11.175841735263264,11.980686808103492,12.20545747691921,7.636023992481537,7.585679270824547,8.08704201876511,8.322848466025173,17.218338263104535,4.183856436179878,4.228539398632087,4.40533392007141,4.401196828419738,70.15786893532577,16.834416382000676,14.432222477015857,21.75976631323568,17.131422014990065,0.0,19.38583159318797,9,30.0
duckdb,tpch_sf30_s1_firsttouch,1,firsttouch,cold,20.7367,20.0,61.7,73.95,60.1,56.9,58.35,1.2419999999999998,24774.286499999995,6115.538500000001,6048.2085,6335.095500000001,6275.4445,0.9169999999999998,0.0925,0.9547146526836097,0.7709999999999999,63.92650000000001,19.2155,0.000505,3.04341796875,10.650137695312498,3.4499999999999997,0.7666666666666666,10.227558128720238,5.42211402529762,4.805443638392857,1.2371884300595237,1.2597581845238097,1.569369884672619,1.355795665922619,1.1191192336309523,1.1337281436011903,1.3688843936011903,1.1837123325892858,5.321723937988281,1.2783878326416016,1.264318084716797,1.5070898056030273,1.272055435180664,31.9046875,7.87265625,5.4587890625,11.3310546875,7.242578125,0.0,,1,30.0
duckdb,tpch_sf30_s1_firsttouch,1,firsttouch,warm,5.169311111111111,5.222222222222222,54.803703703703704,54.900000000000006,55.41111111111111,53.71111111111111,55.099999999999994,0.9417777777777778,111779.28092592592,27758.60722222222,27664.697629629627,27689.39259259259,28666.584703703706,0.9952962962962962,0.44037037037037036,0.9471931119039692,0.7277777777777777,278.5947037037037,77.49903703703703,0.0007437037037037037,12.147826605902777,38.60887387876157,13.651851851851852,3.9765432098765428,35.06274793836806,19.728440755208332,15.334307761863426,4.8072470341435185,4.7952733651620365,5.1392141203703705,4.986706524884259,3.7624759837962967,3.748026801215278,3.9547226200810184,3.869080620659722,9.308180618286134,2.2919260378237123,2.2872324060510705,2.4652439682571976,2.2636898747196903,41.17785011574074,10.19324363425926,7.755338541666666,13.615885416666666,9.61646412037037,0.0,0.044732187640569035,9,30.0
duckdb,tpch_sf30_s1_imbalanced,1,imbalanced,cold,21.5932,21.0,32.285714285714285,31.476190476190474,53.19047619047619,49.095238095238095,50.095238095238095,1.1280952380952383,24712.571904761902,6416.650476190478,5990.730952380953,5896.2995238095245,6408.890952380953,0.9252380952380952,0.10761904761904763,0.9189061404681836,0.7671428571428572,63.88142857142858,18.631904761904764,0.0004952380952380952,5.689841889880952,14.258039899553571,4.805555555555556,1.7142857142857144,11.142324683779762,5.512110770089286,5.630213913690476,5.255071614583334,0.08212472098214285,0.08806919642857143,0.08684430803571427,5.380275297619049,0.0805780319940476,0.08538643973214285,0.08397414434523809,5.333515167236328,5.082863217308407,0.06748526436941965,0.08004397437686012,0.10331362769717262,32.287574404761905,26.639880952380953,1.31640625,1.31640625,3.015625,0.0,,1,30.0
duckdb,tpch_sf30_s1_imbalanced,1,imbalanced,warm,5.928077777777777,6.0,30.11111111111111,29.72222222222222,54.09259259259259,51.925925925925924,53.074074074074076,0.820925925925926,97795.00129629631,26195.499074074076,23545.073703703703,23475.32240740741,24579.106666666667,0.995,0.445,0.8928802799808183,0.706851851851852,243.82555555555558,69.41074074074075,0.0008092592592592592,17.34276204427083,39.27904116030093,13.88425925925926,5.952160493827161,33.32150571469907,18.10587764033565,15.21562717013889,17.74367603443287,0.11661349826388889,0.12365957754629628,0.12192943431712962,14.882434534143519,0.1086205150462963,0.11384783709490742,0.11072428385416667,9.226744616473162,8.975235762419523,0.06833648681640625,0.08000946044921875,0.10355758666992188,41.20464409722222,35.5572193287037,1.31640625,1.31640625,3.015625,0.0,0.05203390187603115,9,30.0
duckdb,tpch_sf30_s1_interleaved,1,interleaved,cold,20.9855,21.0,24.857142857142858,31.238095238095237,22.476190476190474,25.238095238095237,21.0,1.1452380952380952,24660.81142857143,6255.9114285714295,6259.496190476189,6147.798095238096,5997.604761904762,0.917142857142857,0.09619047619047619,0.9581609412958995,0.7685714285714286,64.1647619047619,19.12142857142857,0.0005095238095238095,5.995068824404761,16.10444568452381,5.436507936507937,1.6984126984126986,11.711004464285715,5.836103050595237,5.874901878720239,1.4774614025297619,1.4615252976190476,1.4652725074404762,1.4318443080357144,1.4137527901785714,1.488295665922619,1.5040852864583332,1.4687672061011903,5.233602432977586,1.296077909923735,1.2930835542224703,1.334491911388579,1.3108082725888206,31.97172619047619,9.228050595238095,7.014694940476191,6.836495535714286,8.892857142857142,0.0,,1,30.0
duckdb,tpch_sf30_s1_interleaved,1,interleaved,warm,5.553544444444444,5.555555555555555,25.05925925925926,25.185185185185183,24.51111111111111,24.937037037037037,25.54074074074074,0.9151851851851851,104076.587,25869.159074074072,25794.66977777778,25758.15540740741,26654.601666666666,0.9948148148148148,0.42385185185185187,0.9566708200632925,0.7225185185185184,264.0363333333333,74.26685185185185,0.000764074074074074,19.87419769965278,50.266212745949076,17.93641975308642,6.80030864197531,37.8368316333912,20.277192708333335,17.55963816550926,5.132548972800926,5.138218822337963,5.014451714409722,4.991973343460648,4.259787688078704,4.538357060185185,4.406466796875,4.355026765046296,9.165455924140083,2.3025856300636574,2.296572706434462,2.279260395191334,2.2867290920681422,41.26031539351852,11.577502893518519,9.241218171296296,9.192332175925925,11.249146412037037,0.0,0.03747876435767025,9,30.0
duckdb,tpch_sf30_s1_numa-balancing,1,numa-balancing,cold,21.0078,21.0,59.904761904761905,69.61904761904762,57.38095238095238,56.38095238095238,55.857142857142854,1.2395238095238097,23456.969523809523,5862.575714285715,5649.217142857143,5803.554761904763,6141.621428571429,0.9123809523809524,0.09000000000000001,0.9198250345709078,0.7661904761904763,61.691428571428574,18.761904761904763,0.0005047619047619047,3.039229910714286,10.571443452380953,3.4246031746031753,0.7658730158730158,10.085006975446428,5.251469959077381,4.833536551339286,1.2822405133928572,1.1857333519345237,1.3899479166666668,1.3935477120535715,1.1916773623511905,1.1131115141369048,1.2572925967261905,1.2714574032738095,5.386225382486979,1.2942942664736794,1.262736547560919,1.4589355105445498,1.3704701378231956,32.329799107142854,8.3203125,5.707961309523809,10.381510416666666,7.920014880952381,0.0,,1,30.0
duckdb,tpch_sf30_s1_numa-balancing,1,numa-balancing,warm,5.207933333333333,5.222222222222222,53.46666666666667,53.74444444444444,54.84444444444445,52.17777777777778,52.714814814814815,0.9491111111111111,110496.73129629629,27683.208444444444,27190.673814814814,27793.87937037037,27828.97048148148,0.9959259259259261,0.4326666666666667,0.9573351706089688,0.7237037037037037,277.7805925925926,77.15666666666667,0.0007514814814814814,12.495338577835648,39.26293583622685,13.873148148148148,4.071913580246914,35.10825198929398,19.718746238425926,15.389505787037036,4.913950665509259,4.77464037181713,4.9624231409143515,5.067732638888889,3.861847475405093,3.6942751736111115,3.91525560619213,3.918126844618056,9.266855522438332,2.2616136338975696,2.195748590540003,2.4497518327501084,2.3610249130814167,41.24842303240741,10.546426504629629,7.866073495370371,12.73700810185185,10.098683449074073,0.0,0.05527119502959903,9,30.0
duckdb-repl,clickbench_s16_repl,16,repl,cold,1639.7066,121.0,77.66115702479338,78.29752066115702,79.25619834710744,75.27272727272727,78.20661157024793,0.9149586776859505,200367.5458677686,48799.06776859504,48850.05380165289,53592.1250413223,49126.29909090909,0.9986776859504133,0.8063636363636365,0.910564149694912,0.5115702479338843,405.6760330578513,210.75528925619838,0.001196694214876033,15.838942326317149,53.76305768982438,19.21900826446281,5.31404958677686,93.63743180204028,52.36580522017045,41.2716270661157,12.63690776730372,12.405719589359503,14.537155378357438,12.786021032412192,9.925859778538221,9.73609496061467,11.530174086389462,10.07949686854339,47.72680746031202,11.051542392446976,11.41771647555769,13.480192105632183,11.778479142622514,216.61502453512398,52.632973915289256,51.06582515495868,54.648372933884296,58.26840134297521,0.0,,1,
duckdb-repl,clickbench_s16_repl,16,repl,warm,1062.3721555555555,89.66666666666667,86.9908197780857,86.66832988068944,87.76974630307964,87.25446519079478,86.07017190050898,1.0024314250044588,265901.6957447224,66687.48543951928,66313.9071486024,66697.56989456403,66202.73326013729,0.9999876543209876,0.9856063406700112,0.9887239042041194,0.4616886888946814,482.9441096416415,266.0013188657646,0.0012297160448096777,14.024964377877678,50.65289322031831,18.088442230077685,4.6460172393380885,118.41111882287477,68.55630239930764,49.85481620652345,17.181186134148685,16.84282358313341,17.2339320856626,17.298360293738575,12.52617258100893,12.266142840470323,12.448923625373572,12.61357674892187,58.70003161266982,14.509913146312268,14.597454513791101,14.875867029995176,14.717005596195284,264.9651544510334,65.91308975759468,64.78019180668262,62.90891517980996,71.36090114136843,0.0,54.92327760583646,9,
duckdb-repl,clickbench_s1_repl,1,repl,cold,47.237,48.0,75.22916666666667,64.10416666666667,83.72916666666667,82.0625,84.1875,0.8916666666666667,34860.895,9727.140208333332,8387.687916666668,8177.680625,8568.385208333333,0.9620833333333333,0.15604166666666666,0.840707592350124,0.6777083333333334,91.47166666666665,41.31854166666667,0.0009854166666666668,4.22384521484375,15.467552693684896,5.170138888888888,1.076388888888889,19.312990774601065,9.874707446808511,9.438281457779254,3.6555830285904247,2.095824052526596,2.055292137632979,2.068009682513298,3.521861286569149,1.9722660405585106,1.9716865442154257,1.9724682097739363,15.985513130823772,6.057057539621989,3.374896685282389,3.2519586881001787,3.3021371364593506,118.13688151041667,41.454671223958336,25.836588541666668,24.582275390625,26.264404296875,0.0,,1,
duckdb-repl,clickbench_s1_repl,1,repl,warm,9.44641111111111,9.444444444444445,86.25723905723905,83.66711560044894,87.95488215488216,86.28125701459035,87.68810325476993,0.9126139169472504,162277.27738608306,43032.93014141414,39604.728363636365,39573.09012682379,40066.52966217733,0.9991604938271605,0.6366004489337823,0.9136236845702894,0.4789943883277216,312.76061728395064,166.21245454545453,0.0013988552188552187,9.342915925750562,35.00087407056678,12.327759072203518,2.935016835016835,72.47703387964935,41.17147364130673,31.3055599166579,11.42643054651331,9.876228485484184,9.923213163262398,9.945601746907004,8.566797818133592,7.50848735483086,7.65232808663896,7.5779466907574005,39.243545096383485,11.4015555350735,9.271680661510807,9.23301626862634,9.335889478484388,184.55050373526936,53.42653049593154,43.996748737373736,42.67584481972503,44.45391808712121,0.0,0.8494090937887998,9,
duckdb-repl,tpch_sf10_s16_repl,16,repl,cold,278.8304,19.0,66.05263157894737,61.05263157894737,70.10526315789474,69.47368421052632,70.05263157894737,0.8184210526315789,152909.15368421056,41050.1547368421,37007.84578947368,37754.71789473684,37096.43473684211,0.9926315789473684,0.7063157894736843,0.9015275588293826,0.6452631578947369,355.18947368421055,128.5415789473684,0.0008157894736842104,17.811698190789475,53.01758069490132,18.98684210526316,6.0,55.48403124999999,30.343037109375,25.140994140625,8.932625976562498,7.078780273437499,7.1714409179687495,7.16019091796875,7.258140136718748,5.9106425781250005,5.9872958984375,5.984915039062501,11.891463430304276,3.487737956799959,2.7883190355802836,2.752779107344778,2.8628626371684827,51.09642269736842,19.86266447368421,10.704152960526315,9.566611842105264,10.966694078947368,0.0,,1,10.0
duckdb-repl,tpch_sf10_s16_repl,16,repl,warm,181.1882888888889,12.88888888888889,68.42450142450143,66.69729344729345,68.67877492877493,69.06267806267806,69.63746438746438,0.9103988603988604,224432.33202279202,56599.02868233618,56022.05784188034,56074.27085470085,55736.97455128205,0.9997435897435898,0.9210968660968661,0.9844862365845933,0.6331980056980057,450.88566951566946,162.9249358974359,0.0007188034188034189,19.982554928162838,58.2328709894164,20.872685185185183,6.8453822412155745,73.75926504232169,42.23710801170762,31.522157255179714,11.303695001287775,10.271048460274535,10.25350009817295,10.408864487743882,8.218522795202482,7.768354628318008,7.683014669701681,7.852265789946454,14.983256247648146,4.029826183264751,3.6096103999689433,3.5736349654673174,3.769606228907224,61.91569288639601,22.305127092236468,13.54839966168091,12.173627804487179,13.888237847222221,0.0,2.9532693148629576,9,10.0
duckdb-repl,tpch_sf10_s1_repl,1,repl,cold,8.6073,9.0,62.111111111111114,53.666666666666664,66.77777777777777,69.77777777777777,67.55555555555556,0.6800000000000002,24335.73777777778,7723.112222222222,5423.721111111112,5475.701111111111,5713.205555555556,0.9600000000000001,0.16444444444444445,0.7022714360546362,0.7211111111111111,98.17888888888889,31.92,0.000977777777777778,5.748538411458333,18.994045138888893,6.527777777777778,1.6203703703703702,13.080147569444444,6.115121527777778,6.9650271267361115,2.2971603732638886,1.2974131944444443,1.2899978298611112,1.230549045138889,2.382170138888889,1.5395203993055555,1.5315917968749997,1.5117458767361112,4.205317179361979,1.5819210476345487,0.896664089626736,0.7764706081814237,0.9506725735134549,30.510416666666668,10.562065972222221,5.61328125,4.124565972222222,10.211371527777779,0.0,,1,10.0
duckdb-repl,tpch_sf10_s1_repl,1,repl,warm,2.9036555555555554,2.888888888888889,70.18518518518518,68.98148148148147,70.74074074074073,71.0925925925926,69.77777777777777,0.8842592592592593,64168.30037037037,16384.344444444447,15639.158518518518,15598.468333333332,16546.33074074074,0.9888888888888887,0.2701851851851852,0.8879918416872413,0.6681481481481482,128.69907407407408,41.5675925925926,0.0006648148148148147,5.448798104745371,18.478400969328703,6.305555555555555,1.492283950617284,20.479593641493054,11.349613353587962,9.129981734664351,3.0558602792245373,2.6472321686921294,2.608039098668981,3.0384803602430552,2.3218791594328705,2.169738498263889,2.146267722800926,2.4920972583912038,8.492207986337167,2.4088258390073425,1.9782817981861254,1.9230028788248699,2.181753229211878,41.700520833333336,12.359375,8.58275462962963,7.191333912037036,13.567057291666666,0.0,0.1821817369490634,9,10.0
duckdb-repl,tpch_sf30_s16_repl,16,repl,cold,823.9756,57.0,64.33333333333333,60.14035087719298,67.0,68.40350877192982,66.85964912280701,0.8329824561403509,161784.01771929828,44409.2496491228,39184.563859649126,39161.749824561404,39028.45333333334,0.9940350877192983,0.7387719298245614,0.8788361353028231,0.6931578947368422,510.51491228070176,156.7433333333333,0.0009385964912280702,19.157779091282894,54.668935889528505,19.562865497076025,6.552631578947367,60.67341694078948,35.01831654331141,25.655100226151315,10.018574218749999,8.205787417763156,8.235789645010964,8.558163548519737,7.243794373629386,6.124690583881579,6.024599780701755,6.262015316611843,26.117959675035976,7.49586091961777,6.219842208059211,6.23971216302169,6.162671875535396,100.14734100877193,32.75404331140351,23.228549890350877,21.616159539473685,22.548793859649123,0.0,,1,30.0
duckdb-repl,tpch_sf30_s16_repl,16,repl,warm,498.0423888888888,39.0,67.89159169290748,65.61299295246664,67.83960863697706,70.70402234218024,68.5997975708502,0.9142492877492878,233648.9894033213,58663.88483532014,58345.18942517619,58498.30453662468,58141.611206102854,0.9999159544159544,0.9546259559154296,0.9904130882843732,0.6974591018143649,666.3114807317439,200.70864432448641,0.0008866996551207077,21.306667482592033,59.536701821269304,21.336674351476983,7.310732181236568,76.5797606448827,46.04136726990524,30.53839328784974,11.902896145272495,11.165359285895445,11.213908171056145,11.759203530729577,7.9025127546911325,7.506987577345975,7.3317775238993494,7.797115793639707,31.464049419518048,8.356424549155408,7.655970556379562,7.662294913389314,7.789725169929576,116.7675848902103,35.575772727592216,27.34805781355432,26.253915651006523,27.589551044829623,0.0,19.038846087239918,9,30.0
duckdb-repl,tpch_sf30_s1_repl,1,repl,cold,22.2944,22.0,60.5,51.72727272727273,69.4090909090909,69.4090909090909,69.36363636363636,0.7031818181818182,30340.487727272728,10346.167727272728,6421.927272727273,6672.621363636363,6899.768636363635,0.9713636363636364,0.20545454545454547,0.6207058924628613,0.7527272727272727,142.09363636363636,43.194545454545455,0.000990909090909091,7.240681818181818,22.795716885653412,7.844696969696969,2.174242424242424,17.032643377130682,8.286680575284093,8.7459619140625,3.3109654651988634,1.5236212713068182,1.7494988458806817,1.7025936612215908,3.1738796164772727,1.7491588245738638,1.917972745028409,1.904952059659091,8.90180865201083,3.7245372425426138,1.712244900790128,1.6865232641046697,1.7786280892112036,53.50816761363637,23.069602272727273,10.461647727272727,9.234375,10.744140625,0.0,,1,30.0
duckdb-repl,tpch_sf30_s1_repl,1,repl,warm,5.552533333333333,5.555555555555555,68.64444444444445,68.17407407407407,69.82592592592593,67.84814814814814,68.75185185185185,0.8862222222222222,105333.37981481482,27867.434222222222,25786.52611111111,25703.80011111111,25975.619333333332,0.9959259259259261,0.444962962962963,0.9132441094084106,0.717037037037037,291.9377037037037,82.96544444444444,0.0008322222222222223,9.626264033564816,29.797295717592597,10.430864197530862,3.044135802469136,34.493878374049274,19.913475844287365,14.580403118799602,5.61224935412533,4.765646029679233,4.829874901827051,4.705706798735118,3.980674334490741,3.5006681082589286,3.5836610966435183,3.515399341724537,21.67536308046371,6.25480421560782,5.171664089626736,5.094155706173528,5.155548903046462,83.24958870701057,27.42383019179894,19.1373119212963,17.49633349867725,19.192113095238096,0.0,0.4365714260003735,9,30.0
