runner_name,tag,run_id,recall,total_time,qps,start_time,end_time,warmup,phase,limit
usearch,pressure-repl-dynamic,1,0.97792,8.157527581000068,122.58616229862696,2026-08-29 12:12:34.531414,2026-08-29 12:12:42.688968,False,,
usearch,pressure-repl-dynamic,2,0.97792,0.3967458000001898,2520.505573088667,2026-08-29 12:12:42.734792,2026-08-29 12:12:43.131571,False,,
usearch,pressure-repl-dynamic,3,0.97792,0.3681856150001295,2716.021374163812,2026-08-29 12:12:43.177493,2026-08-29 12:12:43.545712,False,,
usearch,pressure-repl-dynamic,4,0.97792,0.3724816449998798,2684.696047238308,2026-08-29 12:12:43.591659,2026-08-29 12:12:43.964175,False,,
usearch,pressure-repl-dynamic,5,0.97792,0.371098878000339,2694.699605098473,2026-08-29 12:12:44.010217,2026-08-29 12:12:44.381351,False,,
usearch,pressure-repl-dynamic,6,0.97792,0.3689570879996608,2710.342293250426,2026-08-29 12:12:44.427619,2026-08-29 12:12:44.796611,False,,
usearch,pressure-repl-dynamic,7,0.97792,0.3635587520002445,2750.5870632962437,2026-08-29 12:12:44.842723,2026-08-29 12:12:45.206313,False,,
usearch,pressure-repl-dynamic,8,0.97792,0.3700610420000885,2702.25688874259,2026-08-29 12:12:45.252106,2026-08-29 12:12:45.622200,False,,
usearch,pressure-repl-dynamic,9,0.97792,0.3692083780001667,2708.4975845254207,2026-08-29 12:12:45.668219,2026-08-29 12:12:46.037461,False,,
usearch,pressure-repl-dynamic,10,0.97792,0.3544437020000259,2821.322524161896,2026-08-29 12:12:46.083731,2026-08-29 12:12:46.438208,False,,
usearch,pressure-repl-dynamic,11,0.97792,0.3700384779999695,2702.421665457403,2026-08-29 12:12:46.484047,2026-08-29 12:12:46.854117,False,,
usearch,pressure-repl-dynamic,12,0.97792,0.3622263350002868,2760.7048504609925,2026-08-29 12:12:46.900127,2026-08-29 12:12:47.262386,False,,
usearch,pressure-repl-dynamic,13,0.97792,0.3748031149998496,2668.0674732396533,2026-08-29 12:12:47.308374,2026-08-29 12:12:47.683208,False,,
usearch,pressure-repl-dynamic,14,0.97792,0.3651035930001853,2738.948668739867,2026-08-29 12:12:47.728938,2026-08-29 12:12:48.094078,False,,
usearch,pressure-repl-dynamic,15,0.97792,0.3697055869997712,2704.854985057661,2026-08-29 12:12:48.140191,2026-08-29 12:12:48.509930,False,,
usearch,pressure-repl-dynamic,16,0.97792,0.3612369630000103,2768.2659927577,2026-08-29 12:12:48.555877,2026-08-29 12:12:48.917145,False,,
usearch,pressure-repl-dynamic,17,0.97792,0.3700712349996138,2702.182459550101,2026-08-29 12:12:48.963026,2026-08-29 12:12:49.333129,False,,
usearch,pressure-repl-dynamic,18,0.97792,0.3682430630001363,2715.5976594720805,2026-08-29 12:12:49.378817,2026-08-29 12:12:49.747097,False,,
usearch,pressure-repl-dynamic,19,0.97792,0.3699606860000131,2702.9899063382227,2026-08-29 12:12:49.792917,2026-08-29 12:12:50.162913,False,,
usearch,pressure-repl-dynamic,20,0.97792,0.3671887659997992,2723.394865518698,2026-08-29 12:12:50.208387,2026-08-29 12:12:50.575609,False,,
usearch,pressure-repl-dynamic,21,0.97792,0.3672066760000234,2723.262035682424,2026-08-29 12:12:50.621160,2026-08-29 12:12:50.988398,False,,
usearch,pressure-repl-dynamic,22,0.97792,0.370815076999861,2696.761976591299,2026-08-29 12:12:51.033965,2026-08-29 12:12:51.404811,False,,
usearch,pressure-repl-dynamic,23,0.97792,0.3677250480000111,2719.423127249057,2026-08-29 12:12:51.450572,2026-08-29 12:12:51.818333,False,,
usearch,pressure-repl-dynamic,24,0.97792,0.3622808449999866,2760.2894654837105,2026-08-29 12:12:51.863742,2026-08-29 12:12:52.226056,False,,
usearch,pressure-repl-dynamic,25,0.97792,0.3617362740001226,2764.444906068947,2026-08-29 12:12:52.271516,2026-08-29 12:12:52.633284,False,,
usearch,pressure-repl-dynamic,26,0.97792,0.3686621609999747,2712.51054702104,2026-08-29 12:12:52.678453,2026-08-29 12:12:53.047147,False,,
usearch,pressure-repl-dynamic,27,0.97792,0.3772772749998694,2650.570459088335,2026-08-29 12:12:53.092402,2026-08-29 12:12:53.469716,False,,
usearch,pressure-repl-dynamic,28,0.97792,0.3738174400000389,2675.102584833645,2026-08-29 12:12:53.515099,2026-08-29 12:12:53.888947,False,,
usearch,pressure-repl-dynamic,29,0.97792,0.3702910659999361,2700.57825267697,2026-08-29 12:12:53.934182,2026-08-29 12:12:54.304505,False,,
usearch,pressure-repl-dynamic,30,0.97792,0.365716429999793,2734.358967685881,2026-08-29 12:12:54.349761,2026-08-29 12:12:54.715512,False,,
usearch,pressure-repl-dynamic,31,0.97792,0.3682363990001249,2715.646803833916,2026-08-29 12:12:54.760814,2026-08-29 12:12:55.129082,False,,
usearch,pressure-repl-dynamic,32,0.97792,0.3644386650003071,2743.9459531527955,2026-08-29 12:12:55.174140,2026-08-29 12:12:55.538610,False,,
usearch,pressure-repl-dynamic,33,0.97792,0.3670661080000172,2724.304909130845,2026-08-29 12:12:55.583847,2026-08-29 12:12:55.950944,False,,
usearch,pressure-repl-dynamic,34,0.97792,0.3696049769996534,2705.591272384132,2026-08-29 12:12:55.996200,2026-08-29 12:12:56.365838,False,,
usearch,pressure-repl-dynamic,35,0.97792,0.3586555239999143,2788.19070970238,2026-08-29 12:12:56.410905,2026-08-29 12:12:56.769594,False,,
usearch,pressure-repl-dynamic,36,0.97792,0.3689062779999403,2710.7155926475225,2026-08-29 12:12:56.814846,2026-08-29 12:12:57.183786,False,,
usearch,pressure-repl-dynamic,37,0.97792,0.3672680159997981,2722.8072046452035,2026-08-29 12:12:57.229132,2026-08-29 12:12:57.596435,False,,
usearch,pressure-repl-dynamic,38,0.97792,0.3681899809998867,2715.989167560504,2026-08-29 12:12:57.641480,2026-08-29 12:12:58.009704,False,,
usearch,pressure-repl-dynamic,39,0.97792,0.3622410289999607,2760.592864813523,2026-08-29 12:12:58.054954,2026-08-29 12:12:58.417228,False,,
usearch,pressure-repl-dynamic,40,0.97792,0.3643751949998659,2744.423917221829,2026-08-29 12:12:58.462644,2026-08-29 12:12:58.827057,False,,
usearch,pressure-repl-dynamic,41,0.97792,0.3627528440001697,2756.697890973757,2026-08-29 12:12:58.872152,2026-08-29 12:12:59.234936,False,,
usearch,pressure-repl-dynamic,42,0.97792,0.3609809209997365,2770.2295102757794,2026-08-29 12:12:59.280223,2026-08-29 12:12:59.641241,False,,
usearch,pressure-repl-dynamic,43,0.97792,0.3605537260000346,2773.511762293933,2026-08-29 12:12:59.686616,2026-08-29 12:13:00.047201,False,,
usearch,pressure-repl-dynamic,44,0.97792,0.3561418759995831,2807.869749080477,2026-08-29 12:13:00.092188,2026-08-29 12:13:00.448363,False,,
usearch,pressure-repl-dynamic,45,0.97792,0.3643333380000513,2744.739214614116,2026-08-29 12:13:00.493640,2026-08-29 12:13:00.858004,False,,
usearch,pressure-repl-dynamic,46,0.97792,0.3736860919998435,2676.042864341922,2026-08-29 12:13:00.903371,2026-08-29 12:13:01.277078,False,,
usearch,pressure-repl-dynamic,47,0.97792,0.3703228099998341,2700.3467596296537,2026-08-29 12:13:01.322215,2026-08-29 12:13:01.692558,False,,
usearch,pressure-repl-dynamic,48,0.97792,0.377135927999916,2651.5638679755343,2026-08-29 12:13:01.737746,2026-08-29 12:13:02.114902,False,normal,max
usearch,pressure-repl-dynamic,49,0.97792,0.3709401839996644,2695.852439650768,2026-08-29 12:13:02.160292,2026-08-29 12:13:02.531253,False,normal,max
usearch,pressure-repl-dynamic,50,0.97792,0.377631387999827,2648.084962684453,2026-08-29 12:13:02.576225,2026-08-29 12:13:02.953877,False,normal,max
usearch,pressure-repl-dynamic,51,0.97792,0.371868650000124,2689.1215486964725,2026-08-29 12:13:02.999173,2026-08-29 12:13:03.371063,False,normal,max
usearch,pressure-repl-dynamic,52,0.97792,0.3695017149998421,2706.347384613431,2026-08-29 12:13:03.416546,2026-08-29 12:13:03.786068,False,normal,max
usearch,pressure-repl-dynamic,53,0.97792,0.3723873499998262,2685.375859304744,2026-08-29 12:13:03.831145,2026-08-29 12:13:04.203555,False,normal,max
usearch,pressure-repl-dynamic,54,0.97792,0.3700878399999965,2702.061218763657,2026-08-29 12:13:04.248748,2026-08-29 12:13:04.618860,False,normal,max
usearch,pressure-repl-dynamic,55,0.97792,0.370562173000053,2698.602482557919,2026-08-29 12:13:04.664140,2026-08-29 12:13:05.034727,False,normal,max
usearch,pressure-repl-dynamic,56,0.97792,0.3724597300001733,2684.854010927664,2026-08-29 12:13:05.079712,2026-08-29 12:13:05.452196,False,normal,max
usearch,pressure-repl-dynamic,57,0.97792,0.3773769419999553,2649.870431140752,2026-08-29 12:13:05.497425,2026-08-29 12:13:05.874824,False,normal,max
usearch,pressure-repl-dynamic,58,0.97792,0.3705372569997962,2698.783944418712,2026-08-29 12:13:05.920125,2026-08-29 12:13:06.290682,False,normal,max
usearch,pressure-repl-dynamic,59,0.97792,0.3715278659997238,2691.5881459097423,2026-08-29 12:13:06.335698,2026-08-29 12:13:06.707246,False,normal,max
usearch,pressure-repl-dynamic,60,0.97792,0.3775510569998914,2648.648391945272,2026-08-29 12:13:06.752369,2026-08-29 12:13:07.129940,False,normal,max
usearch,pressure-repl-dynamic,61,0.97792,0.3740038030000505,2673.7696033531106,2026-08-29 12:13:07.175373,2026-08-29 12:13:07.549398,False,normal,max
usearch,pressure-repl-dynamic,62,0.97792,0.3718953320003493,2688.9286149982136,2026-08-29 12:13:07.594944,2026-08-29 12:13:07.966860,False,normal,max
usearch,pressure-repl-dynamic,63,0.97792,0.3708160299997871,2696.7550458931723,2026-08-29 12:13:08.012094,2026-08-29 12:13:08.382930,False,normal,max
usearch,pressure-repl-dynamic,64,0.97792,0.3751321949998782,2665.72694460502,2026-08-29 12:13:08.428278,2026-08-29 12:13:08.803432,False,normal,max
usearch,pressure-repl-dynamic,65,0.97792,0.3687839610001902,2711.614673501173,2026-08-29 12:13:08.848503,2026-08-29 12:13:09.217308,False,normal,max
usearch,pressure-repl-dynamic,66,0.97792,0.3784459569997125,2642.3852111617607,2026-08-29 12:13:09.262530,2026-08-29 12:13:09.641001,False,normal,max
usearch,pressure-repl-dynamic,67,0.97792,0.3744352470002923,2670.688745280487,2026-08-29 12:13:09.686494,2026-08-29 12:13:10.060949,False,normal,max
usearch,pressure-repl-dynamic,68,0.97792,0.3674394909999137,2721.5365372913466,2026-08-29 12:13:10.106673,2026-08-29 12:13:10.474139,False,normal,max
usearch,pressure-repl-dynamic,69,0.97792,0.3715460629996414,2691.456321530085,2026-08-29 12:13:10.519454,2026-08-29 12:13:10.891024,False,normal,max
usearch,pressure-repl-dynamic,70,0.97792,0.3735483840000597,2677.0293831597464,2026-08-29 12:13:10.937207,2026-08-29 12:13:11.310777,False,normal,max
usearch,pressure-repl-dynamic,71,0.97792,0.3766821670001263,2654.7580098201583,2026-08-29 12:13:11.355936,2026-08-29 12:13:11.732638,False,normal,max
usearch,pressure-repl-dynamic,72,0.97792,0.3741686250000384,2672.591802692963,2026-08-29 12:13:11.777930,2026-08-29 12:13:12.152117,False,normal,max
usearch,pressure-repl-dynamic,73,0.97792,0.3766324340003848,2655.108561359265,2026-08-29 12:13:12.197652,2026-08-29 12:13:12.574303,False,normal,max
usearch,pressure-repl-dynamic,74,0.97792,0.3705412569997861,2698.75481099417,2026-08-29 12:13:12.619422,2026-08-29 12:13:12.989983,False,normal,max
usearch,pressure-repl-dynamic,75,0.97792,0.3717049809997661,2690.3056217065578,2026-08-29 12:13:13.035343,2026-08-29 12:13:13.407068,False,normal,max
usearch,pressure-repl-dynamic,76,0.97792,0.3712551930002519,2693.56501633991,2026-08-29 12:13:13.452946,2026-08-29 12:13:13.824222,False,normal,max
usearch,pressure-repl-dynamic,77,0.97792,0.3737770039997485,2675.3919831854414,2026-08-29 12:13:13.869403,2026-08-29 12:13:14.243199,False,normal,max
usearch,pressure-repl-dynamic,78,0.97792,0.371118887999728,2694.554312203945,2026-08-29 12:13:14.288453,2026-08-29 12:13:14.659594,False,normal,max
usearch,pressure-repl-dynamic,79,0.97792,0.3723475430001599,2685.662947961417,2026-08-29 12:13:14.704775,2026-08-29 12:13:15.077141,False,normal,max
usearch,pressure-repl-dynamic,80,0.97792,0.3772503630002575,2650.7595434687955,2026-08-29 12:13:15.122473,2026-08-29 12:13:15.499749,False,normal,max
usearch,pressure-repl-dynamic,81,0.97792,0.3739492800000334,2674.159447505582,2026-08-29 12:13:15.545022,2026-08-29 12:13:15.918995,False,normal,max
usearch,pressure-repl-dynamic,82,0.97792,0.3707648449999396,2697.1273395679214,2026-08-29 12:13:15.964414,2026-08-29 12:13:16.335204,False,normal,max
usearch,pressure-repl-dynamic,83,0.97792,0.3788013580001461,2639.9060586250966,2026-08-29 12:13:16.380402,2026-08-29 12:13:16.759224,False,normal,max
usearch,pressure-repl-dynamic,84,0.97792,0.3782480649997524,2643.7676554952227,2026-08-29 12:13:16.804397,2026-08-29 12:13:17.182666,False,normal,max
usearch,pressure-repl-dynamic,85,0.97792,0.3708159330003582,2696.7557513205184,2026-08-29 12:13:17.228047,2026-08-29 12:13:17.598884,False,normal,max
usearch,pressure-repl-dynamic,86,0.97792,0.3699021600000378,2703.4175739873963,2026-08-29 12:13:17.644111,2026-08-29 12:13:18.014033,False,normal,max
usearch,pressure-repl-dynamic,87,0.97792,0.3683357949998935,2714.9139822272477,2026-08-29 12:13:18.059333,2026-08-29 12:13:18.427690,False,normal,max
usearch,pressure-repl-dynamic,88,0.97792,0.3713985099998353,2692.525610833612,2026-08-29 12:13:18.472971,2026-08-29 12:13:18.844390,False,normal,max
usearch,pressure-repl-dynamic,89,0.97792,0.3732366740000543,2679.265114231123,2026-08-29 12:13:18.889720,2026-08-29 12:13:19.262977,False,normal,max
usearch,pressure-repl-dynamic,90,0.97792,0.378286363999905,2643.4999914515847,2026-08-29 12:13:19.308323,2026-08-29 12:13:19.686630,False,normal,max
usearch,pressure-repl-dynamic,91,0.97792,0.3713951380000253,2692.5500570229106,2026-08-29 12:13:19.731799,2026-08-29 12:13:20.103214,False,normal,max
usearch,pressure-repl-dynamic,92,0.97792,0.3695402299999841,2706.0653179764568,2026-08-29 12:13:20.148455,2026-08-29 12:13:20.518016,False,normal,max
usearch,pressure-repl-dynamic,93,0.97792,0.3731984790001661,2679.539323630402,2026-08-29 12:13:20.563306,2026-08-29 12:13:20.936525,False,normal,max
usearch,pressure-repl-dynamic,94,0.97792,0.373691239999971,2676.005998963416,2026-08-29 12:13:20.981819,2026-08-29 12:13:21.355531,False,normal,max
usearch,pressure-repl-dynamic,95,0.97792,0.3722491459998309,2686.3728520157683,2026-08-29 12:13:21.400701,2026-08-29 12:13:21.772970,False,normal,max
usearch,pressure-repl-dynamic,96,0.97792,0.3707634550000875,2697.1374511540357,2026-08-29 12:13:21.818171,2026-08-29 12:13:22.188954,False,normal,max
usearch,pressure-repl-dynamic,97,0.97792,0.3786721870001202,2640.8065718322287,2026-08-29 12:13:22.234098,2026-08-29 12:13:22.612790,False,normal,max
usearch,pressure-repl-dynamic,98,0.97792,0.3773510720002377,2650.052097902533,2026-08-29 12:13:22.657955,2026-08-29 12:13:23.035327,False,normal,max
usearch,pressure-repl-dynamic,99,0.97792,0.370705960000123,2697.555766299706,2026-08-29 12:13:23.080547,2026-08-29 12:13:23.451273,False,normal,max
usearch,pressure-repl-dynamic,100,0.97792,0.3729006280000249,2681.67958140294,2026-08-29 12:13:23.496475,2026-08-29 12:13:23.869394,False,normal,max
usearch,pressure-repl-dynamic,101,0.97792,0.3782310640003743,2643.8864894476524,2026-08-29 12:13:23.914552,2026-08-29 12:13:24.292804,False,normal,max
usearch,pressure-repl-dynamic,102,0.97792,0.3740987060000407,2673.0913097568728,2026-08-29 12:13:24.338014,2026-08-29 12:13:24.712133,False,normal,max
usearch,pressure-repl-dynamic,103,0.97792,0.376851001000432,2653.5686447569065,2026-08-29 12:13:24.757489,2026-08-29 12:13:25.134360,False,normal,max
usearch,pressure-repl-dynamic,104,0.97792,0.3713738439996632,2692.7044436681085,2026-08-29 12:13:25.179651,2026-08-29 12:13:25.551046,False,normal,max
usearch,pressure-repl-dynamic,105,0.97792,0.3704693770000631,2699.278434556899,2026-08-29 12:13:25.596264,2026-08-29 12:13:25.966754,False,normal,max
usearch,pressure-repl-dynamic,106,0.97792,0.3735504360001869,2677.0146776096917,2026-08-29 12:13:26.012050,2026-08-29 12:13:26.385621,False,normal,max
usearch,pressure-repl-dynamic,107,0.97792,0.36978466499977,2704.276555115183,2026-08-29 12:13:26.430853,2026-08-29 12:13:26.800658,False,normal,max
usearch,pressure-repl-dynamic,108,0.97792,0.3717170259997147,2690.218445901285,2026-08-29 12:13:26.846020,2026-08-29 12:13:27.217757,False,normal,max
usearch,pressure-repl-dynamic,109,0.97792,0.371808613000212,2689.5557688423687,2026-08-29 12:13:27.263016,2026-08-29 12:13:27.634845,False,normal,max
usearch,pressure-repl-dynamic,110,0.97792,0.3734225030002562,2677.9318117293906,2026-08-29 12:13:27.681149,2026-08-29 12:13:28.054592,False,normal,max
usearch,pressure-repl-dynamic,111,0.97792,0.3706622219997371,2697.8740768480834,2026-08-29 12:13:28.100342,2026-08-29 12:13:28.471025,False,normal,max
usearch,pressure-repl-dynamic,112,0.97792,0.3673181379999732,2722.4356669260715,2026-08-29 12:13:28.516276,2026-08-29 12:13:28.883615,False,normal,max
usearch,pressure-repl-dynamic,113,0.97792,0.3704141499997604,2699.680884222827,2026-08-29 12:13:28.928973,2026-08-29 12:13:29.299407,False,normal,max
usearch,pressure-repl-dynamic,114,0.97792,0.3722226410000075,2686.564141593901,2026-08-29 12:13:29.344654,2026-08-29 12:13:29.716897,False,normal,max
usearch,pressure-repl-dynamic,115,0.97792,0.3706766149998657,2697.76932111124,2026-08-29 12:13:29.762264,2026-08-29 12:13:30.132961,False,normal,max
usearch,pressure-repl-dynamic,116,0.97792,0.3703528770001867,2700.1275326922755,2026-08-29 12:13:30.178167,2026-08-29 12:13:30.548540,False,normal,max
usearch,pressure-repl-dynamic,117,0.97792,0.3695005730000957,2706.3557490064863,2026-08-29 12:13:30.593830,2026-08-29 12:13:30.963350,False,normal,max
usearch,pressure-repl-dynamic,118,0.97792,0.3729286640000282,2681.4779783189965,2026-08-29 12:13:31.008608,2026-08-29 12:13:31.381557,False,normal,max
usearch,pressure-repl-dynamic,119,0.97792,0.3717275479998534,2690.1422974452094,2026-08-29 12:13:31.426827,2026-08-29 12:13:31.798575,False,normal,max
usearch,pressure-repl-dynamic,120,0.97792,0.3715469290000328,2691.450048292316,2026-08-29 12:13:31.843749,2026-08-29 12:13:32.215315,False,normal,max
usearch,pressure-repl-dynamic,121,0.97792,0.377746100999957,2647.280798803305,2026-08-29 12:13:32.260615,2026-08-29 12:13:32.638382,False,normal,max
usearch,pressure-repl-dynamic,122,0.97792,0.37117142399984,2694.172922106285,2026-08-29 12:13:32.683631,2026-08-29 12:13:33.054822,False,normal,max
usearch,pressure-repl-dynamic,123,0.97792,0.3769394789997022,2652.9457796613283,2026-08-29 12:13:33.101259,2026-08-29 12:13:33.478224,False,normal,max
usearch,pressure-repl-dynamic,124,0.97792,0.3715431460000218,2691.4774522578364,2026-08-29 12:13:33.523684,2026-08-29 12:13:33.895246,False,normal,max
usearch,pressure-repl-dynamic,125,0.97792,0.490645928000049,2038.1296224675896,2026-08-29 12:13:33.940539,2026-08-29 12:13:34.431205,False,normal,max
usearch,pressure-repl-dynamic,126,0.97792,0.3731751189998249,2679.707057319835,2026-08-29 12:13:34.476641,2026-08-29 12:13:34.849838,False,normal,max
usearch,pressure-repl-dynamic,127,0.97792,0.3716164159995969,2690.9467853031674,2026-08-29 12:13:34.895177,2026-08-29 12:13:35.266813,False,normal,max
usearch,pressure-repl-dynamic,128,0.97792,0.3716243179997036,2690.889566599346,2026-08-29 12:13:35.312011,2026-08-29 12:13:35.683654,False,normal,max
usearch,pressure-repl-dynamic,129,0.97792,0.3735571320003146,2676.9666922037454,2026-08-29 12:13:35.728826,2026-08-29 12:13:36.102404,False,normal,max
usearch,pressure-repl-dynamic,130,0.97792,0.3720787840002231,2687.602849184221,2026-08-29 12:13:36.147678,2026-08-29 12:13:36.519783,False,normal,max
usearch,pressure-repl-dynamic,131,0.97792,0.3702562009998473,2700.832551351145,2026-08-29 12:13:36.566032,2026-08-29 12:13:36.936320,False,normal,max
usearch,pressure-repl-dynamic,132,0.97792,0.382195609000064,2616.4612477267697,2026-08-29 12:13:36.981907,2026-08-29 12:13:37.364143,False,normal,max
usearch,pressure-repl-dynamic,133,0.97792,0.363099768000211,2754.064001493437,2026-08-29 12:13:37.409801,2026-08-29 12:13:37.772929,False,normal,max
usearch,pressure-repl-dynamic,134,0.97792,0.3693035979999877,2707.7992346016445,2026-08-29 12:13:37.818214,2026-08-29 12:13:38.187547,False,normal,max
usearch,pressure-repl-dynamic,135,0.97792,0.3727095809999809,2683.05418207119,2026-08-29 12:13:38.232909,2026-08-29 12:13:38.605650,False,normal,max
usearch,pressure-repl-dynamic,136,0.97792,0.3689790040002663,2710.181308851054,2026-08-29 12:13:38.650979,2026-08-29 12:13:39.019987,False,normal,max
usearch,pressure-repl-dynamic,137,0.97792,0.3673054370001409,2722.529805622279,2026-08-29 12:13:39.065340,2026-08-29 12:13:39.432680,False,normal,max
usearch,pressure-repl-dynamic,138,0.97792,0.3674774179999076,2721.2556500553496,2026-08-29 12:13:39.478696,2026-08-29 12:13:39.846207,False,normal,max
usearch,pressure-repl-dynamic,139,0.97792,0.3693199989997993,2707.678984913415,2026-08-29 12:13:39.891648,2026-08-29 12:13:40.261000,False,normal,max
usearch,pressure-repl-dynamic,140,0.97792,0.3736082730001726,2676.600258259104,2026-08-29 12:13:40.306401,2026-08-29 12:13:40.680044,False,normal,max
usearch,pressure-repl-dynamic,141,0.97792,0.3595829589999084,2780.9994188302308,2026-08-29 12:13:40.725796,2026-08-29 12:13:41.085412,False,normal,max
usearch,pressure-repl-dynamic,142,0.97792,0.3717914710000514,2689.679774821574,2026-08-29 12:13:41.130950,2026-08-29 12:13:41.502773,False,normal,max
usearch,pressure-repl-dynamic,143,0.97792,0.3680966389997593,2716.677888495075,2026-08-29 12:13:41.548157,2026-08-29 12:13:41.916285,False,normal,max
usearch,pressure-repl-dynamic,144,0.97792,0.3611619170001177,2768.8412120142616,2026-08-29 12:13:41.962186,2026-08-29 12:13:42.323384,False,normal,max
usearch,pressure-repl-dynamic,145,0.97792,0.3594702930004132,2781.871046013948,2026-08-29 12:13:42.368949,2026-08-29 12:13:42.728455,False,normal,max
usearch,pressure-repl-dynamic,146,0.97792,0.3645941059999131,2742.7760996230645,2026-08-29 12:13:42.773874,2026-08-29 12:13:43.138500,False,normal,max
usearch,pressure-repl-dynamic,147,0.97792,0.3655343899999934,2735.720707427878,2026-08-29 12:13:43.183952,2026-08-29 12:13:43.549520,False,normal,max
usearch,pressure-repl-dynamic,148,0.97792,0.377289219999966,2650.486541863269,2026-08-29 12:13:43.595015,2026-08-29 12:13:43.972340,False,normal,max
usearch,pressure-repl-dynamic,149,0.97792,0.3707818839998253,2697.003395129388,2026-08-29 12:13:44.017780,2026-08-29 12:13:44.388594,False,normal,max
usearch,pressure-repl-dynamic,150,0.97792,0.3648629510003047,2740.7551171156447,2026-08-29 12:13:44.433933,2026-08-29 12:13:44.798825,False,normal,max
usearch,pressure-repl-dynamic,151,0.97792,0.3707165569999233,2697.47865618046,2026-08-29 12:13:44.844303,2026-08-29 12:13:45.215052,False,normal,max
usearch,pressure-repl-dynamic,152,0.97792,0.3669246050003494,2725.355526373184,2026-08-29 12:13:45.260495,2026-08-29 12:13:45.627455,False,normal,max
usearch,pressure-repl-dynamic,153,0.97792,0.3686632079998162,2712.502843518083,2026-08-29 12:13:45.673034,2026-08-29 12:13:46.041729,False,normal,max
usearch,pressure-repl-dynamic,154,0.97792,0.3611414010001681,2768.998506486756,2026-08-29 12:13:46.087356,2026-08-29 12:13:46.448531,False,normal,max
usearch,pressure-repl-dynamic,155,0.97792,0.3694211349998113,2706.9377067462874,2026-08-29 12:13:46.494008,2026-08-29 12:13:46.863459,False,normal,max
usearch,pressure-repl-dynamic,156,0.97792,0.3710455750001529,2695.086715424616,2026-08-29 12:13:46.908949,2026-08-29 12:13:47.280031,False,normal,max
usearch,pressure-repl-dynamic,157,0.97792,0.3631659790003141,2753.561891322246,2026-08-29 12:13:47.325596,2026-08-29 12:13:47.688799,False,normal,max
usearch,pressure-repl-dynamic,158,0.97792,0.3630293309997796,2754.598360540204,2026-08-29 12:13:47.734213,2026-08-29 12:13:48.097278,False,normal,max
usearch,pressure-repl-dynamic,159,0.97792,0.366746398000032,2726.6798132259028,2026-08-29 12:13:48.142883,2026-08-29 12:13:48.509665,False,normal,max
usearch,pressure-repl-dynamic,160,0.97792,0.3665035180001723,2728.486769940172,2026-08-29 12:13:48.555315,2026-08-29 12:13:48.921849,False,normal,max
usearch,pressure-repl-dynamic,161,0.97792,0.3781164579995675,2644.687843767816,2026-08-29 12:13:48.967512,2026-08-29 12:13:49.345667,False,normal,max
usearch,pressure-repl-dynamic,162,0.97792,0.3624463739997736,2759.0288432589605,2026-08-29 12:13:49.391140,2026-08-29 12:13:49.753617,False,normal,max
usearch,pressure-repl-dynamic,163,0.97792,0.3645792419997633,2742.887923390463,2026-08-29 12:13:49.799038,2026-08-29 12:13:50.163651,False,normal,max
usearch,pressure-repl-dynamic,164,0.97792,0.3710977250002543,2694.7079775261755,2026-08-29 12:13:50.209041,2026-08-29 12:13:50.580171,False,normal,max
usearch,pressure-repl-dynamic,165,0.97792,0.3695995240000229,2705.6311901525555,2026-08-29 12:13:50.625566,2026-08-29 12:13:50.995199,False,normal,max
usearch,pressure-repl-dynamic,166,0.97792,0.3696697179998409,2705.117436750473,2026-08-29 12:13:51.040509,2026-08-29 12:13:51.410211,False,normal,max
usearch,pressure-repl-dynamic,167,0.97792,0.3773686680001447,2649.92853089652,2026-08-29 12:13:51.455827,2026-08-29 12:13:51.833233,False,normal,max
usearch,pressure-repl-dynamic,168,0.97792,0.3788377999999284,2639.652114968963,2026-08-29 12:13:51.878895,2026-08-29 12:13:52.257770,False,normal,max
usearch,pressure-repl-dynamic,169,0.97792,0.3626302039997426,2757.6301945347877,2026-08-29 12:13:52.303176,2026-08-29 12:13:52.665855,False,normal,max
usearch,pressure-repl-dynamic,170,0.97792,0.3777884430000995,2646.984095275081,2026-08-29 12:13:52.711135,2026-08-29 12:13:53.088958,False,normal,max
usearch,pressure-repl-dynamic,171,0.97792,0.3597389930000645,2779.793181885681,2026-08-29 12:13:53.134664,2026-08-29 12:13:53.494434,False,normal,max
usearch,pressure-repl-dynamic,172,0.97792,0.3630077960001472,2754.7617737653063,2026-08-29 12:13:53.539882,2026-08-29 12:13:53.902922,False,normal,max
usearch,pressure-repl-dynamic,173,0.97792,0.3750654359996588,2666.201425185204,2026-08-29 12:13:53.948494,2026-08-29 12:13:54.323594,False,normal,max
usearch,pressure-repl-dynamic,174,0.97792,0.3814775599998938,2621.386170133515,2026-08-29 12:13:54.368983,2026-08-29 12:13:54.750496,False,normal,max
usearch,pressure-repl-dynamic,175,0.97792,0.3643350699999246,2744.7261664934067,2026-08-29 12:13:54.795811,2026-08-29 12:13:55.160179,False,normal,max
usearch,pressure-repl-dynamic,176,0.97792,0.3703347869995923,2700.259427697514,2026-08-29 12:13:55.205377,2026-08-29 12:13:55.575744,False,normal,max
usearch,pressure-repl-dynamic,177,0.97792,0.3712155279999933,2693.8528282685897,2026-08-29 12:13:55.620955,2026-08-29 12:13:55.992205,False,normal,max
usearch,pressure-repl-dynamic,178,0.97792,0.3714950449998468,2691.8259434669235,2026-08-29 12:13:56.037406,2026-08-29 12:13:56.408936,False,normal,max
usearch,pressure-repl-dynamic,179,0.97792,0.3830603870001141,2610.5544554772823,2026-08-29 12:13:56.454343,2026-08-29 12:13:56.837442,False,normal,max
usearch,pressure-repl-dynamic,180,0.97792,0.3712327170001117,2693.728096168041,2026-08-29 12:13:56.882911,2026-08-29 12:13:57.254178,False,normal,max
usearch,pressure-repl-dynamic,181,0.97792,0.3736457449999761,2676.331828695289,2026-08-29 12:13:57.299569,2026-08-29 12:13:57.673247,False,normal,max
usearch,pressure-repl-dynamic,182,0.97792,0.3796222030000535,2634.1978738263074,2026-08-29 12:13:57.718559,2026-08-29 12:13:58.098212,False,normal,max
usearch,pressure-repl-dynamic,183,0.97792,0.373300190000009,2678.8092446456453,2026-08-29 12:13:58.143420,2026-08-29 12:13:58.516752,False,normal,max
usearch,pressure-repl-dynamic,184,0.97792,0.3662438980004481,2730.4209174804505,2026-08-29 12:13:58.561975,2026-08-29 12:13:58.928251,False,normal,max
usearch,pressure-repl-dynamic,185,0.97792,0.3827543649999825,2612.641661186661,2026-08-29 12:13:58.973627,2026-08-29 12:13:59.356416,False,normal,max
usearch,pressure-repl-dynamic,186,0.97792,0.3578887009998652,2794.164770237819,2026-08-29 12:13:59.401669,2026-08-29 12:13:59.759589,False,normal,max
usearch,pressure-repl-dynamic,187,0.97792,0.3670819499998288,2724.1873374609304,2026-08-29 12:13:59.805038,2026-08-29 12:14:00.172153,False,normal,max
usearch,pressure-repl-dynamic,188,0.97792,0.3732552439996652,2679.131816834961,2026-08-29 12:14:00.217357,2026-08-29 12:14:00.590644,False,normal,max
usearch,pressure-repl-dynamic,189,0.97792,0.3808026780002365,2626.031952431225,2026-08-29 12:14:00.635824,2026-08-29 12:14:01.016661,False,normal,max
usearch,pressure-repl-dynamic,190,0.97792,0.3679716639999242,2717.6005595914744,2026-08-29 12:14:01.062150,2026-08-29 12:14:01.430155,False,normal,max
usearch,pressure-repl-dynamic,191,0.97792,0.7721343789999082,1295.1113526316883,2026-08-29 12:14:01.475558,2026-08-29 12:14:02.247727,False,normal,max
usearch,pressure-repl-dynamic,192,0.97792,2.4987107769998147,400.2063821090544,2026-08-29 12:14:02.295100,2026-08-29 12:14:04.793847,False,6G,6G
usearch,pressure-repl-dynamic,193,0.97792,0.7336161949997404,1363.110584002789,2026-08-29 12:14:04.841185,2026-08-29 12:14:05.580715,False,6G,6G
usearch,pressure-repl-dynamic,194,0.97792,8.05630053599998,124.12645177913238,2026-08-29 12:14:05.638187,2026-08-29 12:14:13.694547,False,6G,6G
usearch,pressure-repl-dynamic,195,0.97792,0.5045561790002466,1981.939854510257,2026-08-29 12:14:13.740332,2026-08-29 12:14:14.244924,False,6G,6G
usearch,pressure-repl-dynamic,196,0.97792,0.4995424369999455,2001.8319284455688,2026-08-29 12:14:14.290610,2026-08-29 12:14:14.790190,False,6G,6G
usearch,pressure-repl-dynamic,197,0.97792,0.4894185939997442,2043.240719212484,2026-08-29 12:14:14.835836,2026-08-29 12:14:15.325292,False,6G,6G
usearch,pressure-repl-dynamic,198,0.97792,0.4857826319998821,2058.533867057319,2026-08-29 12:14:15.370990,2026-08-29 12:14:15.856810,False,6G,6G
usearch,pressure-repl-dynamic,199,0.97792,0.4795056409998324,2085.48120083607,2026-08-29 12:14:15.902485,2026-08-29 12:14:16.382030,False,6G,6G
usearch,pressure-repl-dynamic,200,0.97792,0.4886367209996933,2046.5101311954563,2026-08-29 12:14:16.427710,2026-08-29 12:14:16.916402,False,6G,6G
usearch,pressure-repl-dynamic,201,0.97792,0.4787650170001143,2088.707329257019,2026-08-29 12:14:16.962265,2026-08-29 12:14:17.441069,False,6G,6G
usearch,pressure-repl-dynamic,202,0.97792,0.4886405689999265,2046.49401511349,2026-08-29 12:14:17.486952,2026-08-29 12:14:17.975635,False,6G,6G
usearch,pressure-repl-dynamic,203,0.97792,0.4793150059999789,2086.3106464061843,2026-08-29 12:14:18.021613,2026-08-29 12:14:18.500964,False,6G,6G
usearch,pressure-repl-dynamic,204,0.97792,0.4670735960003185,2140.99021773716,2026-08-29 12:14:18.546438,2026-08-29 12:14:19.013549,False,6G,6G
usearch,pressure-repl-dynamic,205,0.97792,0.4854850499996246,2059.795662092526,2026-08-29 12:14:19.059156,2026-08-29 12:14:19.544678,False,6G,6G
usearch,pressure-repl-dynamic,206,0.97792,0.4846970710000278,2063.144301525896,2026-08-29 12:14:19.590237,2026-08-29 12:14:20.074990,False,6G,6G
usearch,pressure-repl-dynamic,207,0.97792,0.4901350840000305,2040.253866013676,2026-08-29 12:14:20.120967,2026-08-29 12:14:20.611144,False,6G,6G
usearch,pressure-repl-dynamic,208,0.97792,0.4669128360001195,2141.7273694307773,2026-08-29 12:14:20.656737,2026-08-29 12:14:21.123686,False,6G,6G
usearch,pressure-repl-dynamic,209,0.97792,0.4810741100000086,2078.681806426835,2026-08-29 12:14:21.169175,2026-08-29 12:14:21.650290,False,6G,6G
usearch,pressure-repl-dynamic,210,0.97792,0.4750974290000158,2104.8314281657936,2026-08-29 12:14:21.695846,2026-08-29 12:14:22.170980,False,6G,6G
usearch,pressure-repl-dynamic,211,0.97792,0.4839784959999633,2066.207503566596,2026-08-29 12:14:22.216893,2026-08-29 12:14:22.700911,False,6G,6G
usearch,pressure-repl-dynamic,212,0.97792,0.4932228369998483,2027.481140335575,2026-08-29 12:14:22.746438,2026-08-29 12:14:23.239699,False,6G,6G
usearch,pressure-repl-dynamic,213,0.97792,0.4800789440000699,2082.9907507875505,2026-08-29 12:14:23.285577,2026-08-29 12:14:23.765694,False,6G,6G
usearch,pressure-repl-dynamic,214,0.97792,0.4860269760001756,2057.498964830377,2026-08-29 12:14:23.811253,2026-08-29 12:14:24.297317,False,6G,6G
usearch,pressure-repl-dynamic,215,0.97792,0.4907754690002548,2037.591654768468,2026-08-29 12:14:24.343242,2026-08-29 12:14:24.834055,False,6G,6G
usearch,pressure-repl-dynamic,216,0.97792,0.4862795359999836,2056.430357373775,2026-08-29 12:14:24.879722,2026-08-29 12:14:25.366039,False,6G,6G
usearch,pressure-repl-dynamic,217,0.97792,0.4770232890000443,2096.333707514031,2026-08-29 12:14:25.411662,2026-08-29 12:14:25.888724,False,6G,6G
usearch,pressure-repl-dynamic,218,0.97792,0.4787722289997873,2088.675865952209,2026-08-29 12:14:25.934458,2026-08-29 12:14:26.413268,False,6G,6G
usearch,pressure-repl-dynamic,219,0.97792,0.7381461929999205,1354.7451839260625,2026-08-29 12:14:26.459296,2026-08-29 12:14:27.197480,False,6G,6G
usearch,pressure-repl-dynamic,220,0.97792,0.4926853850001862,2029.692843435212,2026-08-29 12:14:27.243036,2026-08-29 12:14:27.735763,False,6G,6G
usearch,pressure-repl-dynamic,221,0.97792,0.4837083860002167,2067.361304750156,2026-08-29 12:14:27.781624,2026-08-29 12:14:28.265371,False,6G,6G
usearch,pressure-repl-dynamic,222,0.97792,0.4802263629999288,2082.3513181431654,2026-08-29 12:14:28.311231,2026-08-29 12:14:28.791498,False,6G,6G
usearch,pressure-repl-dynamic,223,0.97792,0.4864149170002747,2055.8580032187524,2026-08-29 12:14:28.837973,2026-08-29 12:14:29.324426,False,6G,6G
usearch,pressure-repl-dynamic,224,0.97792,0.4706191079999371,2124.8605995830785,2026-08-29 12:14:29.370230,2026-08-29 12:14:29.840907,False,6G,6G
usearch,pressure-repl-dynamic,225,0.97792,0.4880652540000483,2048.9063538210835,2026-08-29 12:14:29.886767,2026-08-29 12:14:30.374876,False,6G,6G
usearch,pressure-repl-dynamic,226,0.97792,0.4803220290000354,2081.936575097051,2026-08-29 12:14:30.420876,2026-08-29 12:14:30.901236,False,6G,6G
usearch,pressure-repl-dynamic,227,0.97792,0.4801340369999707,2082.7517379278424,2026-08-29 12:14:30.947408,2026-08-29 12:14:31.427580,False,6G,6G
usearch,pressure-repl-dynamic,228,0.97792,0.4791169590002937,2087.173040350231,2026-08-29 12:14:31.473557,2026-08-29 12:14:31.952713,False,6G,6G
usearch,pressure-repl-dynamic,229,0.97792,0.4862919789998159,2056.377738445853,2026-08-29 12:14:31.998602,2026-08-29 12:14:32.484933,False,6G,6G
usearch,pressure-repl-dynamic,230,0.97792,0.4861603580002338,2056.9344734593087,2026-08-29 12:14:32.530664,2026-08-29 12:14:33.016860,False,6G,6G
usearch,pressure-repl-dynamic,231,0.97792,0.4849368029999823,2062.1243712864507,2026-08-29 12:14:33.062864,2026-08-29 12:14:33.547837,False,6G,6G
usearch,pressure-repl-dynamic,232,0.97792,0.486842094000167,2054.0541015741687,2026-08-29 12:14:33.593482,2026-08-29 12:14:34.080365,False,6G,6G
usearch,pressure-repl-dynamic,233,0.97792,0.4814345409999987,2077.1255795707493,2026-08-29 12:14:34.126160,2026-08-29 12:14:34.607628,False,6G,6G
usearch,pressure-repl-dynamic,234,0.97792,0.4727763549999508,2115.1650022770364,2026-08-29 12:14:34.652834,2026-08-29 12:14:35.125648,False,6G,6G
usearch,pressure-repl-dynamic,235,0.97792,0.4873359289999825,2051.972654780468,2026-08-29 12:14:35.171154,2026-08-29 12:14:35.658523,False,6G,6G
usearch,pressure-repl-dynamic,236,0.97792,0.4975590499998361,2009.811699737608,2026-08-29 12:14:35.703643,2026-08-29 12:14:36.201239,False,6G,6G
usearch,pressure-repl-dynamic,237,0.97792,0.4915256589997625,2034.481784806443,2026-08-29 12:14:36.246684,2026-08-29 12:14:36.738263,False,6G,6G
usearch,pressure-repl-dynamic,238,0.97792,0.4992125469998427,2003.154780483342,2026-08-29 12:14:36.783329,2026-08-29 12:14:37.282573,False,6G,6G
usearch,pressure-repl-dynamic,239,0.97792,0.4747976840003503,2106.1602313950257,2026-08-29 12:14:37.327729,2026-08-29 12:14:37.802560,False,6G,6G
usearch,pressure-repl-dynamic,240,0.97792,0.4808744009997099,2079.5450910280483,2026-08-29 12:14:37.847779,2026-08-29 12:14:38.328687,False,6G,6G
usearch,pressure-repl-dynamic,241,0.97792,0.4750540220002222,2105.0237524344807,2026-08-29 12:14:38.373759,2026-08-29 12:14:38.848845,False,6G,6G
usearch,pressure-repl-dynamic,242,0.97792,0.4792840740001338,2086.4452925671817,2026-08-29 12:14:38.893908,2026-08-29 12:14:39.373226,False,6G,6G
usearch,pressure-repl-dynamic,243,0.97792,0.4757119639998564,2102.1123614210846,2026-08-29 12:14:39.418452,2026-08-29 12:14:39.894197,False,6G,6G
usearch,pressure-repl-dynamic,244,0.97792,0.4770597809997525,2096.1733514913903,2026-08-29 12:14:39.939403,2026-08-29 12:14:40.416494,False,6G,6G
usearch,pressure-repl-dynamic,245,0.97792,0.4790250389996799,2087.5735474877088,2026-08-29 12:14:40.461943,2026-08-29 12:14:40.941003,False,6G,6G
usearch,pressure-repl-dynamic,246,0.97792,0.478308626999933,2090.7003209878126,2026-08-29 12:14:40.986230,2026-08-29 12:14:41.464592,False,6G,6G
usearch,pressure-repl-dynamic,247,0.97792,0.4849704749999546,2061.9811958657765,2026-08-29 12:14:41.509926,2026-08-29 12:14:41.994929,False,6G,6G
usearch,pressure-repl-dynamic,248,0.97792,0.4687322660001882,2133.4140457904778,2026-08-29 12:14:42.040074,2026-08-29 12:14:42.508840,False,6G,6G
usearch,pressure-repl-dynamic,249,0.97792,0.4915631579997352,2034.3265839311305,2026-08-29 12:14:42.553928,2026-08-29 12:14:43.045528,False,6G,6G
usearch,pressure-repl-dynamic,250,0.97792,0.4798737360001723,2083.881498360729,2026-08-29 12:14:43.090786,2026-08-29 12:14:43.570693,False,6G,6G
usearch,pressure-repl-dynamic,251,0.97792,0.4820095250001941,2074.6477987122707,2026-08-29 12:14:43.615699,2026-08-29 12:14:44.097742,False,6G,6G
usearch,pressure-repl-dynamic,252,0.97792,0.4774939830003859,2094.267227654661,2026-08-29 12:14:44.142856,2026-08-29 12:14:44.620383,False,6G,6G
usearch,pressure-repl-dynamic,253,0.97792,0.4904115389999788,2039.1037332423844,2026-08-29 12:14:44.665472,2026-08-29 12:14:45.155916,False,6G,6G
usearch,pressure-repl-dynamic,254,0.97792,0.4811546579999231,2078.3338233839977,2026-08-29 12:14:45.201058,2026-08-29 12:14:45.682269,False,6G,6G
usearch,pressure-repl-dynamic,255,0.97792,0.4736156920002941,2111.416527979776,2026-08-29 12:14:45.727512,2026-08-29 12:14:46.201161,False,6G,6G
usearch,pressure-repl-dynamic,256,0.97792,0.4784424660001605,2090.115470643997,2026-08-29 12:14:46.246360,2026-08-29 12:14:46.724837,False,6G,6G
usearch,pressure-repl-dynamic,257,0.97792,0.4877173140002924,2050.36805398178,2026-08-29 12:14:46.769920,2026-08-29 12:14:47.257671,False,6G,6G
usearch,pressure-repl-dynamic,258,0.97792,0.4894233619997976,2043.2208138041717,2026-08-29 12:14:47.302832,2026-08-29 12:14:47.792287,False,6G,6G
usearch,pressure-repl-dynamic,259,0.97792,0.4724686909999036,2116.5423636509367,2026-08-29 12:14:47.837638,2026-08-29 12:14:48.310139,False,6G,6G
usearch,pressure-repl-dynamic,260,0.97792,0.4785675170001013,2089.569317760002,2026-08-29 12:14:48.355533,2026-08-29 12:14:48.834134,False,6G,6G
usearch,pressure-repl-dynamic,261,0.97792,0.4779118999999809,2092.435865271486,2026-08-29 12:14:48.879325,2026-08-29 12:14:49.357267,False,6G,6G
usearch,pressure-repl-dynamic,262,0.97792,0.4789733950001391,2087.798634409975,2026-08-29 12:14:49.402402,2026-08-29 12:14:49.881410,False,6G,6G
usearch,pressure-repl-dynamic,263,0.97792,0.4753869959999974,2103.5493364652434,2026-08-29 12:14:49.926591,2026-08-29 12:14:50.402007,False,6G,6G
usearch,pressure-repl-dynamic,264,0.97792,0.4778484150001532,2092.7138578029594,2026-08-29 12:14:50.447215,2026-08-29 12:14:50.925097,False,6G,6G
usearch,pressure-repl-dynamic,265,0.97792,0.4998204999997142,2000.7182578557135,2026-08-29 12:14:50.970459,2026-08-29 12:14:51.470314,False,6G,6G
usearch,pressure-repl-dynamic,266,0.97792,0.4970822799996313,2011.7393844752255,2026-08-29 12:14:51.515639,2026-08-29 12:14:52.012755,False,6G,6G
usearch,pressure-repl-dynamic,267,0.97792,0.4877421020000838,2050.26385029978,2026-08-29 12:14:52.057957,2026-08-29 12:14:52.545731,False,6G,6G
usearch,pressure-repl-dynamic,268,0.97792,0.4808418380002877,2079.685919508946,2026-08-29 12:14:52.590914,2026-08-29 12:14:53.071787,False,6G,6G
usearch,pressure-repl-dynamic,269,0.97792,0.4734727550003299,2112.0539448976388,2026-08-29 12:14:53.117023,2026-08-29 12:14:53.590529,False,6G,6G
usearch,pressure-repl-dynamic,270,0.97792,0.4812459280001349,2077.9396599896418,2026-08-29 12:14:53.635838,2026-08-29 12:14:54.117117,False,6G,6G
usearch,pressure-repl-dynamic,271,0.97792,0.4765473990000828,2098.4271493208303,2026-08-29 12:14:54.162486,2026-08-29 12:14:54.639066,False,6G,6G
usearch,pressure-repl-dynamic,272,0.97792,0.4948106370002278,2020.9751473057752,2026-08-29 12:14:54.684382,2026-08-29 12:14:55.179229,False,6G,6G
usearch,pressure-repl-dynamic,273,0.97792,0.4974051310000504,2010.4336237735724,2026-08-29 12:14:55.224680,2026-08-29 12:14:55.722121,False,6G,6G
usearch,pressure-repl-dynamic,274,0.97792,0.4757805750000443,2101.809221614201,2026-08-29 12:14:55.767745,2026-08-29 12:14:56.243558,False,6G,6G
usearch,pressure-repl-dynamic,275,0.97792,0.4835625249997974,2067.9849001955204,2026-08-29 12:14:56.288905,2026-08-29 12:14:56.772505,False,6G,6G
usearch,pressure-repl-dynamic,276,0.97792,0.4714532610000788,2121.101035294001,2026-08-29 12:14:56.818029,2026-08-29 12:14:57.289513,False,6G,6G
usearch,pressure-repl-dynamic,277,0.97792,0.476107723000041,2100.3650050010087,2026-08-29 12:14:57.334868,2026-08-29 12:14:57.811008,False,6G,6G
usearch,pressure-repl-dynamic,278,0.97792,0.4759259130000828,2101.1673722414566,2026-08-29 12:14:57.856438,2026-08-29 12:14:58.332399,False,6G,6G
usearch,pressure-repl-dynamic,279,0.97792,0.4858281059996443,2058.341186215217,2026-08-29 12:14:58.377754,2026-08-29 12:14:58.863619,False,6G,6G
usearch,pressure-repl-dynamic,280,0.97792,0.4705283570001484,2125.270422330114,2026-08-29 12:14:58.909101,2026-08-29 12:14:59.379660,False,6G,6G
usearch,pressure-repl-dynamic,281,0.97792,0.4748518169999443,2105.920129605648,2026-08-29 12:14:59.425062,2026-08-29 12:14:59.899947,False,6G,6G
usearch,pressure-repl-dynamic,282,0.97792,0.478451350999876,2090.076656508927,2026-08-29 12:14:59.945324,2026-08-29 12:15:00.423808,False,6G,6G
usearch,pressure-repl-dynamic,283,0.97792,0.4577010570001221,2184.83218403346,2026-08-29 12:15:00.469395,2026-08-29 12:15:00.927128,False,6G,6G
usearch,pressure-repl-dynamic,284,0.97792,0.7745718979999765,1291.0357354586472,2026-08-29 12:15:00.972411,2026-08-29 12:15:01.747015,False,6G,6G
usearch,pressure-repl-dynamic,285,0.97792,0.4751728940000248,2104.497147516053,2026-08-29 12:15:01.792358,2026-08-29 12:15:02.267563,False,6G,6G
usearch,pressure-repl-dynamic,286,0.97792,3.4534323790003327,289.5669844531517,2026-08-29 12:15:02.312843,2026-08-29 12:15:05.766307,False,6G,6G
usearch,pressure-repl-dynamic,287,0.97792,0.833773779999774,1199.366091843607,2026-08-29 12:15:05.811530,2026-08-29 12:15:06.645332,False,4.5G,4500M
usearch,pressure-repl-dynamic,288,0.97792,0.4809538140002587,2079.2017255932647,2026-08-29 12:15:06.690714,2026-08-29 12:15:07.171699,False,4.5G,4500M
usearch,pressure-repl-dynamic,289,0.97792,0.4833879460002208,2068.731767671226,2026-08-29 12:15:07.217083,2026-08-29 12:15:07.700503,False,4.5G,4500M
usearch,pressure-repl-dynamic,290,0.97792,0.4945208910003202,2022.1592620226684,2026-08-29 12:15:07.745859,2026-08-29 12:15:08.240413,False,4.5G,4500M
usearch,pressure-repl-dynamic,291,0.97792,0.4763986570001179,2099.0823238188777,2026-08-29 12:15:08.285760,2026-08-29 12:15:08.762191,False,4.5G,4500M
usearch,pressure-repl-dynamic,292,0.97792,0.4894861779998791,2042.958606280088,2026-08-29 12:15:08.807540,2026-08-29 12:15:09.297058,False,4.5G,4500M
usearch,pressure-repl-dynamic,293,0.97792,0.4885500770001272,2046.873078273488,2026-08-29 12:15:09.342491,2026-08-29 12:15:09.831075,False,4.5G,4500M
usearch,pressure-repl-dynamic,294,0.97792,0.4832606959998884,2069.276496676301,2026-08-29 12:15:09.876448,2026-08-29 12:15:10.359742,False,4.5G,4500M
usearch,pressure-repl-dynamic,295,0.97792,0.4880611560001853,2048.9235574396344,2026-08-29 12:15:10.405165,2026-08-29 12:15:10.893257,False,4.5G,4500M
usearch,pressure-repl-dynamic,296,0.97792,0.4864098360003481,2055.879478554139,2026-08-29 12:15:10.938677,2026-08-29 12:15:11.425119,False,4.5G,4500M
usearch,pressure-repl-dynamic,297,0.97792,0.4847193959999458,2063.049278102566,2026-08-29 12:15:11.470532,2026-08-29 12:15:11.955283,False,4.5G,4500M
usearch,pressure-repl-dynamic,298,0.97792,0.4863479579998966,2056.141047887802,2026-08-29 12:15:12.000834,2026-08-29 12:15:12.487217,False,4.5G,4500M
usearch,pressure-repl-dynamic,299,0.97792,0.4875761950002015,2050.961491258995,2026-08-29 12:15:12.532644,2026-08-29 12:15:13.020253,False,4.5G,4500M
usearch,pressure-repl-dynamic,300,0.97792,0.4834386130000894,2068.514953313866,2026-08-29 12:15:13.065635,2026-08-29 12:15:13.549106,False,4.5G,4500M
usearch,pressure-repl-dynamic,301,0.97792,0.4837491990001581,2067.1868854085133,2026-08-29 12:15:13.595075,2026-08-29 12:15:14.078857,False,4.5G,4500M
usearch,pressure-repl-dynamic,302,0.97792,0.4780716909999682,2091.736488116102,2026-08-29 12:15:14.124317,2026-08-29 12:15:14.602420,False,4.5G,4500M
usearch,pressure-repl-dynamic,303,0.97792,0.4833179930001279,2069.031185436821,2026-08-29 12:15:14.647941,2026-08-29 12:15:15.131291,False,4.5G,4500M
usearch,pressure-repl-dynamic,304,0.97792,0.4933572310001182,2026.9288401283416,2026-08-29 12:15:15.176709,2026-08-29 12:15:15.670101,False,4.5G,4500M
usearch,pressure-repl-dynamic,305,0.97792,0.4909354930000518,2036.9274869272783,2026-08-29 12:15:15.715605,2026-08-29 12:15:16.206573,False,4.5G,4500M
usearch,pressure-repl-dynamic,306,0.97792,0.4945763669998086,2021.9324390006425,2026-08-29 12:15:16.252089,2026-08-29 12:15:16.746697,False,4.5G,4500M
usearch,pressure-repl-dynamic,307,0.97792,0.4865473869999732,2055.298264298468,2026-08-29 12:15:16.792171,2026-08-29 12:15:17.278752,False,4.5G,4500M
usearch,pressure-repl-dynamic,308,0.97792,0.4837811709999187,2067.050269718265,2026-08-29 12:15:17.324238,2026-08-29 12:15:17.808058,False,4.5G,4500M
usearch,pressure-repl-dynamic,309,0.97792,0.4779708940000091,2092.1776044379408,2026-08-29 12:15:17.853690,2026-08-29 12:15:18.331693,False,4.5G,4500M
usearch,pressure-repl-dynamic,310,0.97792,0.489161729999978,2044.31364653168,2026-08-29 12:15:18.377157,2026-08-29 12:15:18.866354,False,4.5G,4500M
usearch,pressure-repl-dynamic,311,0.97792,0.4911804299999858,2035.911732069677,2026-08-29 12:15:18.911927,2026-08-29 12:15:19.403140,False,4.5G,4500M
usearch,pressure-repl-dynamic,312,0.97792,0.487119734999851,2052.8833634718285,2026-08-29 12:15:19.448487,2026-08-29 12:15:19.935638,False,4.5G,4500M
usearch,pressure-repl-dynamic,313,0.97792,0.648082008000074,1543.014599473167,2026-08-29 12:15:19.980990,2026-08-29 12:15:20.629103,False,4.5G,4500M
usearch,pressure-repl-dynamic,314,0.97792,0.4916453900000306,2033.986324980974,2026-08-29 12:15:20.674547,2026-08-29 12:15:21.166223,False,4.5G,4500M
usearch,pressure-repl-dynamic,315,0.97792,0.4923077900002681,2031.2495969228016,2026-08-29 12:15:21.211676,2026-08-29 12:15:21.704019,False,4.5G,4500M
usearch,pressure-repl-dynamic,316,0.97792,0.4785487669996655,2089.6511890933343,2026-08-29 12:15:21.749726,2026-08-29 12:15:22.228306,False,4.5G,4500M
usearch,pressure-repl-dynamic,317,0.97792,0.4805715900001814,2080.8554246821423,2026-08-29 12:15:22.273722,2026-08-29 12:15:22.754330,False,4.5G,4500M
usearch,pressure-repl-dynamic,318,0.97792,0.4940311110003677,2024.1640207133755,2026-08-29 12:15:22.799891,2026-08-29 12:15:23.293952,False,4.5G,4500M
usearch,pressure-repl-dynamic,319,0.97792,0.4906066960002135,2038.2926041424528,2026-08-29 12:15:23.339405,2026-08-29 12:15:23.830050,False,4.5G,4500M
usearch,pressure-repl-dynamic,320,0.97792,0.4821154979999846,2074.191773855882,2026-08-29 12:15:23.875702,2026-08-29 12:15:24.357850,False,4.5G,4500M
usearch,pressure-repl-dynamic,321,0.97792,0.5048640449999766,1980.731267959568,2026-08-29 12:15:24.403340,2026-08-29 12:15:24.908240,False,4.5G,4500M
usearch,pressure-repl-dynamic,322,0.97792,0.491367733000061,2035.1356689509685,2026-08-29 12:15:24.953967,2026-08-29 12:15:25.445365,False,4.5G,4500M
usearch,pressure-repl-dynamic,323,0.97792,0.4764751070001694,2098.745527958178,2026-08-29 12:15:25.491007,2026-08-29 12:15:25.967516,False,4.5G,4500M
usearch,pressure-repl-dynamic,324,0.97792,0.4828186619997723,2071.170977232176,2026-08-29 12:15:26.013068,2026-08-29 12:15:26.495918,False,4.5G,4500M
usearch,pressure-repl-dynamic,325,0.97792,0.4815063490000284,2076.8158136995635,2026-08-29 12:15:26.541267,2026-08-29 12:15:27.022807,False,4.5G,4500M
usearch,pressure-repl-dynamic,326,0.97792,0.4891338839997843,2044.430027669972,2026-08-29 12:15:27.068156,2026-08-29 12:15:27.557322,False,4.5G,4500M
usearch,pressure-repl-dynamic,327,0.97792,0.479286005999711,2086.436882116276,2026-08-29 12:15:27.602792,2026-08-29 12:15:28.082110,False,4.5G,4500M
usearch,pressure-repl-dynamic,328,0.97792,0.4886110780003037,2046.6175349372213,2026-08-29 12:15:28.127500,2026-08-29 12:15:28.616143,False,4.5G,4500M
usearch,pressure-repl-dynamic,329,0.97792,0.4794586829998479,2085.685452067029,2026-08-29 12:15:28.661601,2026-08-29 12:15:29.141091,False,4.5G,4500M
usearch,pressure-repl-dynamic,330,0.97792,0.4788460569998278,2088.353836022836,2026-08-29 12:15:29.186496,2026-08-29 12:15:29.665374,False,4.5G,4500M
usearch,pressure-repl-dynamic,331,0.97792,0.4929266609997285,2028.6993565571224,2026-08-29 12:15:29.710779,2026-08-29 12:15:30.203738,False,4.5G,4500M
usearch,pressure-repl-dynamic,332,0.97792,0.4842741859997659,2064.94591062197,2026-08-29 12:15:30.249094,2026-08-29 12:15:30.733407,False,4.5G,4500M
usearch,pressure-repl-dynamic,333,0.97792,0.5018963919997077,1992.4430937144143,2026-08-29 12:15:30.778875,2026-08-29 12:15:31.280807,False,4.5G,4500M
usearch,pressure-repl-dynamic,334,0.97792,0.5021585740000774,1991.402819301152,2026-08-29 12:15:31.326205,2026-08-29 12:15:31.828400,False,4.5G,4500M
usearch,pressure-repl-dynamic,335,0.97792,0.4842630000002828,2064.9936088435747,2026-08-29 12:15:31.873932,2026-08-29 12:15:32.358226,False,4.5G,4500M
usearch,pressure-repl-dynamic,336,0.97792,0.4856162979999681,2059.238959068185,2026-08-29 12:15:32.403575,2026-08-29 12:15:32.889224,False,4.5G,4500M
usearch,pressure-repl-dynamic,337,0.97792,0.5076170980000825,1969.988804435105,2026-08-29 12:15:32.934556,2026-08-29 12:15:33.442207,False,4.5G,4500M
usearch,pressure-repl-dynamic,338,0.97792,0.6220742999998947,1607.5250175102385,2026-08-29 12:15:33.487466,2026-08-29 12:15:34.109570,False,4.5G,4500M
usearch,pressure-repl-dynamic,339,0.97792,0.497273438999855,2010.9660431718569,2026-08-29 12:15:34.154864,2026-08-29 12:15:34.652170,False,4.5G,4500M
usearch,pressure-repl-dynamic,340,0.97792,0.480730868000137,2080.1659859289816,2026-08-29 12:15:34.697386,2026-08-29 12:15:35.178147,False,4.5G,4500M
usearch,pressure-repl-dynamic,341,0.97792,0.4869511160000002,2053.594225667612,2026-08-29 12:15:35.223344,2026-08-29 12:15:35.710328,False,4.5G,4500M
usearch,pressure-repl-dynamic,342,0.97792,0.4711116919997948,2122.6388921810826,2026-08-29 12:15:35.755596,2026-08-29 12:15:36.226738,False,4.5G,4500M
usearch,pressure-repl-dynamic,343,0.97792,0.49985015700031,2000.5995516760036,2026-08-29 12:15:36.272109,2026-08-29 12:15:36.771995,False,4.5G,4500M
usearch,pressure-repl-dynamic,344,0.97792,0.5075622960002875,1970.2015060618955,2026-08-29 12:15:36.817601,2026-08-29 12:15:37.325195,False,4.5G,4500M
usearch,pressure-repl-dynamic,345,0.97792,0.4876582730003065,2050.6162929371067,2026-08-29 12:15:37.370529,2026-08-29 12:15:37.858218,False,4.5G,4500M
usearch,pressure-repl-dynamic,346,0.97792,0.4828499720001673,2071.036673891851,2026-08-29 12:15:37.903491,2026-08-29 12:15:38.386390,False,4.5G,4500M
usearch,pressure-repl-dynamic,347,0.97792,0.4912512500000048,2035.6182299790387,2026-08-29 12:15:38.431594,2026-08-29 12:15:38.922886,False,4.5G,4500M
usearch,pressure-repl-dynamic,348,0.97792,0.4877896259999943,2050.06409873918,2026-08-29 12:15:38.968143,2026-08-29 12:15:39.455962,False,4.5G,4500M
usearch,pressure-repl-dynamic,349,0.97792,0.4853163239999958,2060.5117745843813,2026-08-29 12:15:39.501345,2026-08-29 12:15:39.986693,False,4.5G,4500M
usearch,pressure-repl-dynamic,350,0.97792,0.4862667110000984,2056.484594520799,2026-08-29 12:15:40.032048,2026-08-29 12:15:40.518347,False,4.5G,4500M
usearch,pressure-repl-dynamic,351,0.97792,0.4772249640000154,2095.4477980744687,2026-08-29 12:15:40.563569,2026-08-29 12:15:41.040826,False,4.5G,4500M
usearch,pressure-repl-dynamic,352,0.97792,0.4907766189999165,2037.5868802343457,2026-08-29 12:15:41.086094,2026-08-29 12:15:41.576906,False,4.5G,4500M
usearch,pressure-repl-dynamic,353,0.97792,0.4802353259997289,2082.312453625214,2026-08-29 12:15:41.622057,2026-08-29 12:15:42.102323,False,4.5G,4500M
usearch,pressure-repl-dynamic,354,0.97792,0.4878997109999545,2049.6015419859373,2026-08-29 12:15:42.147506,2026-08-29 12:15:42.635439,False,4.5G,4500M
usearch,pressure-repl-dynamic,355,0.97792,0.4958890499997324,2016.5801200904511,2026-08-29 12:15:42.680612,2026-08-29 12:15:43.176536,False,4.5G,4500M
usearch,pressure-repl-dynamic,356,0.97792,0.4891825780000545,2044.226521901785,2026-08-29 12:15:43.221847,2026-08-29 12:15:43.711060,False,4.5G,4500M
usearch,pressure-repl-dynamic,357,0.97792,0.5040896559999055,1983.7740927581888,2026-08-29 12:15:43.756188,2026-08-29 12:15:44.260313,False,4.5G,4500M
usearch,pressure-repl-dynamic,358,0.97792,0.4851658850002422,2061.1506928181907,2026-08-29 12:15:44.305403,2026-08-29 12:15:44.790598,False,4.5G,4500M
usearch,pressure-repl-dynamic,359,0.97792,0.4989430489999904,2004.2367600956784,2026-08-29 12:15:44.835682,2026-08-29 12:15:45.334658,False,4.5G,4500M
usearch,pressure-repl-dynamic,360,0.97792,0.4879027629999655,2049.5887210215915,2026-08-29 12:15:45.379805,2026-08-29 12:15:45.867744,False,4.5G,4500M
usearch,pressure-repl-dynamic,361,0.97792,0.4909304620000512,2036.9483611304115,2026-08-29 12:15:45.912863,2026-08-29 12:15:46.403832,False,4.5G,4500M
usearch,pressure-repl-dynamic,362,0.97792,0.4905633419998594,2038.4727401834407,2026-08-29 12:15:46.449120,2026-08-29 12:15:46.939718,False,4.5G,4500M
usearch,pressure-repl-dynamic,363,0.97792,0.5025770130000637,1989.7448035488903,2026-08-29 12:15:46.984807,2026-08-29 12:15:47.487421,False,4.5G,4500M
usearch,pressure-repl-dynamic,364,0.97792,0.4830545770000753,2070.1594552945185,2026-08-29 12:15:47.532928,2026-08-29 12:15:48.016014,False,4.5G,4500M
usearch,pressure-repl-dynamic,365,0.97792,0.4859685199999148,2057.74645649923,2026-08-29 12:15:48.061005,2026-08-29 12:15:48.547006,False,4.5G,4500M
usearch,pressure-repl-dynamic,366,0.97792,0.4986534600002414,2005.400704528383,2026-08-29 12:15:48.592085,2026-08-29 12:15:49.090770,False,4.5G,4500M
usearch,pressure-repl-dynamic,367,0.97792,0.4822023520000584,2073.8181716705494,2026-08-29 12:15:49.135781,2026-08-29 12:15:49.618016,False,4.5G,4500M
usearch,pressure-repl-dynamic,368,0.97792,0.4922170309996545,2031.624135331274,2026-08-29 12:15:49.663122,2026-08-29 12:15:50.155372,False,4.5G,4500M
usearch,pressure-repl-dynamic,369,0.97792,0.4814666059996852,2076.987245924702,2026-08-29 12:15:50.200438,2026-08-29 12:15:50.681939,False,4.5G,4500M
usearch,pressure-repl-dynamic,370,0.97792,0.4982079950000297,2007.193802660554,2026-08-29 12:15:50.727030,2026-08-29 12:15:51.225275,False,4.5G,4500M
usearch,pressure-repl-dynamic,371,0.97792,0.4889171790000546,2045.3361897514517,2026-08-29 12:15:51.270539,2026-08-29 12:15:51.759491,False,4.5G,4500M
usearch,pressure-repl-dynamic,372,0.97792,0.497937512000135,2008.2841238113608,2026-08-29 12:15:51.804596,2026-08-29 12:15:52.302569,False,4.5G,4500M
usearch,pressure-repl-dynamic,373,0.97792,0.4776453060003405,2093.603742018742,2026-08-29 12:15:52.347662,2026-08-29 12:15:52.825341,False,4.5G,4500M
usearch,pressure-repl-dynamic,374,0.97792,0.4837527660001797,2067.1716427966194,2026-08-29 12:15:52.870498,2026-08-29 12:15:53.354286,False,4.5G,4500M
usearch,pressure-repl-dynamic,375,0.97792,0.4883716350000213,2047.6209679949088,2026-08-29 12:15:53.399344,2026-08-29 12:15:53.887750,False,4.5G,4500M
usearch,pressure-repl-dynamic,376,0.97792,0.4934220260001893,2026.6626686819532,2026-08-29 12:15:53.932842,2026-08-29 12:15:54.426295,False,4.5G,4500M
usearch,pressure-repl-dynamic,377,0.97792,0.4995307929998489,2001.8785908966024,2026-08-29 12:15:54.471445,2026-08-29 12:15:54.971011,False,4.5G,4500M
usearch,pressure-repl-dynamic,378,0.97792,0.4823718909997296,2073.0892878676477,2026-08-29 12:15:55.016383,2026-08-29 12:15:55.498787,False,4.5G,4500M
usearch,pressure-repl-dynamic,379,0.97792,0.4900787859996853,2040.4882410083387,2026-08-29 12:15:55.543871,2026-08-29 12:15:56.033981,False,4.5G,4500M
usearch,pressure-repl-dynamic,380,0.97792,0.4873989660000006,2051.707266034698,2026-08-29 12:15:56.079043,2026-08-29 12:15:56.566482,False,4.5G,4500M
usearch,pressure-repl-dynamic,381,0.97792,0.4779736070004219,2092.1657291405995,2026-08-29 12:15:56.611467,2026-08-29 12:15:57.089473,False,4.5G,4500M
usearch,pressure-repl-dynamic,382,0.97792,0.4973101790001237,2010.8174781593425,2026-08-29 12:15:57.134546,2026-08-29 12:15:57.631887,False,4.5G,4500M
usearch,pressure-repl-dynamic,383,0.97792,0.4856897170002412,2058.927675422668,2026-08-29 12:15:57.677023,2026-08-29 12:15:58.162744,False,4.5G,4500M
usearch,pressure-repl-dynamic,384,0.97792,0.4811306090000471,2078.4377075454413,2026-08-29 12:15:58.207835,2026-08-29 12:15:58.688999,False,4.5G,4500M
usearch,pressure-repl-dynamic,385,0.97792,0.4801621540000269,2082.6297776062206,2026-08-29 12:15:58.734118,2026-08-29 12:15:59.214311,False,4.5G,4500M
usearch,pressure-repl-dynamic,386,0.97792,0.4978776749999269,2008.5254877117088,2026-08-29 12:15:59.259438,2026-08-29 12:15:59.757351,False,4.5G,4500M
usearch,pressure-repl-dynamic,387,0.97792,0.491265377000218,2035.5596930242373,2026-08-29 12:15:59.802638,2026-08-29 12:16:00.293934,False,4.5G,4500M
usearch,pressure-repl-dynamic,388,0.97792,0.4857734189999974,2058.572908453036,2026-08-29 12:16:00.339072,2026-08-29 12:16:00.824876,False,4.5G,4500M
usearch,pressure-repl-dynamic,389,0.97792,0.4864029939999454,2055.9083976364504,2026-08-29 12:16:00.869915,2026-08-29 12:16:01.356351,False,4.5G,4500M
usearch,pressure-repl-dynamic,390,0.97792,0.4995352130003994,2001.8608778220416,2026-08-29 12:16:01.401466,2026-08-29 12:16:01.901038,False,4.5G,4500M
usearch,pressure-repl-dynamic,391,0.97792,0.4972821080000358,2010.930986481275,2026-08-29 12:16:01.946494,2026-08-29 12:16:02.443812,False,4.5G,4500M
usearch,pressure-repl-dynamic,392,0.97792,1.046350982000149,955.7022616717508,2026-08-29 12:16:02.488994,2026-08-29 12:16:03.535377,False,4.5G,4500M
usearch,pressure-repl-dynamic,393,0.97792,2.3846718939998937,419.3449012906614,2026-08-29 12:16:03.583359,2026-08-29 12:16:05.968099,False,3G,3G
usearch,pressure-repl-dynamic,394,0.97792,0.515951829000187,1938.165432881211,2026-08-29 12:16:06.013933,2026-08-29 12:16:06.529917,False,3G,3G
usearch,pressure-repl-dynamic,395,0.97792,0.5045338600002651,1982.0275293306863,2026-08-29 12:16:06.575132,2026-08-29 12:16:07.079697,False,3G,3G
usearch,pressure-repl-dynamic,396,0.97792,0.5176045180000983,1931.976953879313,2026-08-29 12:16:07.124929,2026-08-29 12:16:07.642562,False,3G,3G
usearch,pressure-repl-dynamic,397,0.97792,0.5086867990003157,1965.8461787591607,2026-08-29 12:16:07.687707,2026-08-29 12:16:08.196428,False,3G,3G
usearch,pressure-repl-dynamic,398,0.97792,0.5294903180001711,1888.6086600731328,2026-08-29 12:16:08.241604,2026-08-29 12:16:08.771126,False,3G,3G
usearch,pressure-repl-dynamic,399,0.97792,0.5229496980000476,1912.2298068521093,2026-08-29 12:16:08.816342,2026-08-29 12:16:09.339325,False,3G,3G
usearch,pressure-repl-dynamic,400,0.97792,0.5175304300000789,1932.2535295168009,2026-08-29 12:16:09.384551,2026-08-29 12:16:09.902114,False,3G,3G
usearch,pressure-repl-dynamic,401,0.97792,0.5227982799997335,1912.7836457314088,2026-08-29 12:16:09.947360,2026-08-29 12:16:10.470189,False,3G,3G
usearch,pressure-repl-dynamic,402,0.97792,0.5194260399998711,1925.2019016995143,2026-08-29 12:16:10.515573,2026-08-29 12:16:11.035031,False,3G,3G
usearch,pressure-repl-dynamic,403,0.97792,0.5177855369997815,1931.301530348504,2026-08-29 12:16:11.080340,2026-08-29 12:16:11.598159,False,3G,3G
usearch,pressure-repl-dynamic,404,0.97792,0.5191461600002185,1926.2398088422328,2026-08-29 12:16:11.643410,2026-08-29 12:16:12.162591,False,3G,3G
usearch,pressure-repl-dynamic,405,0.97792,0.5101799599997321,1960.0926700463208,2026-08-29 12:16:12.207943,2026-08-29 12:16:12.718156,False,3G,3G
usearch,pressure-repl-dynamic,406,0.97792,0.5137208040000587,1946.582642193104,2026-08-29 12:16:12.763365,2026-08-29 12:16:13.277118,False,3G,3G
usearch,pressure-repl-dynamic,407,0.97792,0.5185722249998435,1928.3716940302809,2026-08-29 12:16:13.322409,2026-08-29 12:16:13.841013,False,3G,3G
usearch,pressure-repl-dynamic,408,0.97792,0.5198863749997145,1923.497225716964,2026-08-29 12:16:13.886272,2026-08-29 12:16:14.406190,False,3G,3G
usearch,pressure-repl-dynamic,409,0.97792,0.5093201769996085,1963.4015009791544,2026-08-29 12:16:14.451282,2026-08-29 12:16:14.960634,False,3G,3G
usearch,pressure-repl-dynamic,410,0.97792,0.5165037400001893,1936.094402723267,2026-08-29 12:16:15.005804,2026-08-29 12:16:15.522340,False,3G,3G
usearch,pressure-repl-dynamic,411,0.97792,0.5117875420000928,1953.9357993982171,2026-08-29 12:16:15.567581,2026-08-29 12:16:16.079401,False,3G,3G
usearch,pressure-repl-dynamic,412,0.97792,0.5184246080002595,1928.9207814755189,2026-08-29 12:16:16.124565,2026-08-29 12:16:16.643021,False,3G,3G
usearch,pressure-repl-dynamic,413,0.97792,0.5189571529999739,1926.941355792528,2026-08-29 12:16:16.688221,2026-08-29 12:16:17.207210,False,3G,3G
usearch,pressure-repl-dynamic,414,0.97792,0.5154994849999639,1939.86614749008,2026-08-29 12:16:17.252370,2026-08-29 12:16:17.767906,False,3G,3G
usearch,pressure-repl-dynamic,415,0.97792,0.5141686160000063,1944.887277989732,2026-08-29 12:16:17.813108,2026-08-29 12:16:18.327312,False,3G,3G
usearch,pressure-repl-dynamic,416,0.97792,0.5162276670002939,1937.129805170692,2026-08-29 12:16:18.372483,2026-08-29 12:16:18.888746,False,3G,3G
usearch,pressure-repl-dynamic,417,0.97792,0.5186231229999976,1928.18244241687,2026-08-29 12:16:18.933990,2026-08-29 12:16:19.452654,False,3G,3G
usearch,pressure-repl-dynamic,418,0.97792,0.5167400299997098,1935.2090837641545,2026-08-29 12:16:19.498113,2026-08-29 12:16:20.014886,False,3G,3G
usearch,pressure-repl-dynamic,419,0.97792,0.5139429650002967,1945.741197176272,2026-08-29 12:16:20.060345,2026-08-29 12:16:20.574323,False,3G,3G
usearch,pressure-repl-dynamic,420,0.97792,0.5148530649998975,1942.3017322431576,2026-08-29 12:16:20.619560,2026-08-29 12:16:21.134451,False,3G,3G
usearch,pressure-repl-dynamic,421,0.97792,0.5156517030000032,1939.2935079669344,2026-08-29 12:16:21.179899,2026-08-29 12:16:21.695585,False,3G,3G
usearch,pressure-repl-dynamic,422,0.97792,0.5154902969998147,1939.9007232921,2026-08-29 12:16:21.741084,2026-08-29 12:16:22.256607,False,3G,3G
usearch,pressure-repl-dynamic,423,0.97792,0.5234374159999788,1910.4480677782508,2026-08-29 12:16:22.301761,2026-08-29 12:16:22.825231,False,3G,3G
usearch,pressure-repl-dynamic,424,0.97792,0.5176108800001202,1931.9532077837464,2026-08-29 12:16:22.870379,2026-08-29 12:16:23.388027,False,3G,3G
usearch,pressure-repl-dynamic,425,0.97792,0.5157461110002259,1938.9385177536744,2026-08-29 12:16:23.433271,2026-08-29 12:16:23.949049,False,3G,3G
usearch,pressure-repl-dynamic,426,0.97792,0.510405885000182,1959.2250586993985,2026-08-29 12:16:23.994167,2026-08-29 12:16:24.504606,False,3G,3G
usearch,pressure-repl-dynamic,427,0.97792,0.5214224999999715,1917.8305500818524,2026-08-29 12:16:24.549862,2026-08-29 12:16:25.071317,False,3G,3G
usearch,pressure-repl-dynamic,428,0.97792,0.5116778179999528,1954.3548006610915,2026-08-29 12:16:25.116587,2026-08-29 12:16:25.628303,False,3G,3G
usearch,pressure-repl-dynamic,429,0.97792,0.5159524009995948,1938.163284176257,2026-08-29 12:16:25.673714,2026-08-29 12:16:26.189698,False,3G,3G
usearch,pressure-repl-dynamic,430,0.97792,0.516585536999628,1935.7878383666796,2026-08-29 12:16:26.235020,2026-08-29 12:16:26.751638,False,3G,3G
usearch,pressure-repl-dynamic,431,0.97792,0.5153417249998711,1940.4599928333964,2026-08-29 12:16:26.796900,2026-08-29 12:16:27.312275,False,3G,3G
usearch,pressure-repl-dynamic,432,0.97792,0.525078128000132,1904.4784893415876,2026-08-29 12:16:27.357535,2026-08-29 12:16:27.882644,False,3G,3G
usearch,pressure-repl-dynamic,433,0.97792,0.5195633950002048,1924.692943388758,2026-08-29 12:16:27.928118,2026-08-29 12:16:28.447721,False,3G,3G
usearch,pressure-repl-dynamic,434,0.97792,0.5293155019999176,1889.232407178121,2026-08-29 12:16:28.493243,2026-08-29 12:16:29.022598,False,3G,3G
usearch,pressure-repl-dynamic,435,0.97792,0.5088639300001887,1965.161885220729,2026-08-29 12:16:29.068526,2026-08-29 12:16:29.577429,False,3G,3G
usearch,pressure-repl-dynamic,436,0.97792,0.5247780249997049,1905.567596891204,2026-08-29 12:16:29.622757,2026-08-29 12:16:30.147568,False,3G,3G
usearch,pressure-repl-dynamic,437,0.97792,0.522596496999995,1913.5222025799565,2026-08-29 12:16:30.192859,2026-08-29 12:16:30.715489,False,3G,3G
usearch,pressure-repl-dynamic,438,0.97792,0.5108173749999878,1957.646800874821,2026-08-29 12:16:30.760596,2026-08-29 12:16:31.271449,False,3G,3G
usearch,pressure-repl-dynamic,439,0.97792,0.5172830760002398,1933.1774929352923,2026-08-29 12:16:31.316781,2026-08-29 12:16:31.834093,False,3G,3G
usearch,pressure-repl-dynamic,440,0.97792,0.522435410000071,1914.1122153260328,2026-08-29 12:16:31.879498,2026-08-29 12:16:32.401970,False,3G,3G
usearch,pressure-repl-dynamic,441,0.97792,0.5194330320000518,1925.1759868823676,2026-08-29 12:16:32.447426,2026-08-29 12:16:32.966893,False,3G,3G
usearch,pressure-repl-dynamic,442,0.97792,0.5112761020000107,1955.8903615643253,2026-08-29 12:16:33.012667,2026-08-29 12:16:33.523977,False,3G,3G
usearch,pressure-repl-dynamic,443,0.97792,0.5159292950002055,1938.250085216816,2026-08-29 12:16:33.569556,2026-08-29 12:16:34.085518,False,3G,3G
usearch,pressure-repl-dynamic,444,0.97792,0.5248417059997337,1905.3363872735133,2026-08-29 12:16:34.131009,2026-08-29 12:16:34.655882,False,3G,3G
usearch,pressure-repl-dynamic,445,0.97792,0.516249033999884,1937.049629424052,2026-08-29 12:16:34.701265,2026-08-29 12:16:35.217545,False,3G,3G
usearch,pressure-repl-dynamic,446,0.97792,0.5099489799999901,1960.9804886755917,2026-08-29 12:16:35.262958,2026-08-29 12:16:35.772938,False,3G,3G
usearch,pressure-repl-dynamic,447,0.97792,0.5159727360000943,1938.0868992268172,2026-08-29 12:16:35.818499,2026-08-29 12:16:36.334504,False,3G,3G
usearch,pressure-repl-dynamic,448,0.97792,0.5118754579998495,1953.6002056193408,2026-08-29 12:16:36.379967,2026-08-29 12:16:36.891875,False,3G,3G
usearch,pressure-repl-dynamic,449,0.97792,0.5119400670000687,1953.3536530163128,2026-08-29 12:16:36.937209,2026-08-29 12:16:37.449184,False,3G,3G
usearch,pressure-repl-dynamic,450,0.97792,0.5168021810000027,1934.976354134223,2026-08-29 12:16:37.494554,2026-08-29 12:16:38.011387,False,3G,3G
usearch,pressure-repl-dynamic,451,0.97792,0.5230356140000367,1911.915696050345,2026-08-29 12:16:38.057168,2026-08-29 12:16:38.580238,False,3G,3G
usearch,pressure-repl-dynamic,452,0.97792,0.5099380639999254,1961.0224664463296,2026-08-29 12:16:38.625462,2026-08-29 12:16:39.135430,False,3G,3G
usearch,pressure-repl-dynamic,453,0.97792,0.5254268749999937,1903.2144101879292,2026-08-29 12:16:39.180656,2026-08-29 12:16:39.706118,False,3G,3G
usearch,pressure-repl-dynamic,454,0.97792,0.5189452399999936,1926.9855910038063,2026-08-29 12:16:39.751696,2026-08-29 12:16:40.270672,False,3G,3G
usearch,pressure-repl-dynamic,455,0.97792,0.5144655480003166,1943.7647552628432,2026-08-29 12:16:40.316111,2026-08-29 12:16:40.830610,False,3G,3G
usearch,pressure-repl-dynamic,456,0.97792,0.5121418920002725,1952.583874938057,2026-08-29 12:16:40.876010,2026-08-29 12:16:41.388188,False,3G,3G
usearch,pressure-repl-dynamic,457,0.97792,0.5223165239999616,1914.5478920365797,2026-08-29 12:16:41.433645,2026-08-29 12:16:41.956002,False,3G,3G
usearch,pressure-repl-dynamic,458,0.97792,0.5104877880003187,1958.9107193282664,2026-08-29 12:16:42.001594,2026-08-29 12:16:42.512117,False,3G,3G
usearch,pressure-repl-dynamic,459,0.97792,0.5212467740002467,1918.4771012118088,2026-08-29 12:16:42.557599,2026-08-29 12:16:43.078883,False,3G,3G
usearch,pressure-repl-dynamic,460,0.97792,0.5275217190001058,1895.6565464175687,2026-08-29 12:16:43.124274,2026-08-29 12:16:43.651832,False,3G,3G
usearch,pressure-repl-dynamic,461,0.97792,0.5243682160003118,1907.056853345599,2026-08-29 12:16:43.697448,2026-08-29 12:16:44.221847,False,3G,3G
usearch,pressure-repl-dynamic,462,0.97792,0.5165947089999463,1935.7534689734964,2026-08-29 12:16:44.267235,2026-08-29 12:16:44.783865,False,3G,3G
usearch,pressure-repl-dynamic,463,0.97792,0.521290485999998,1918.3162303100305,2026-08-29 12:16:44.829274,2026-08-29 12:16:45.350601,False,3G,3G
usearch,pressure-repl-dynamic,464,0.97792,0.5135088179999912,1947.386227747344,2026-08-29 12:16:45.395953,2026-08-29 12:16:45.909493,False,3G,3G
usearch,pressure-repl-dynamic,465,0.97792,0.5290052970003671,1890.3402398243015,2026-08-29 12:16:45.954863,2026-08-29 12:16:46.483905,False,3G,3G
usearch,pressure-repl-dynamic,466,0.97792,0.516765776000284,1935.1126689153089,2026-08-29 12:16:46.529352,2026-08-29 12:16:47.046147,False,3G,3G
usearch,pressure-repl-dynamic,467,0.97792,0.5189388970002256,1927.0091445844448,2026-08-29 12:16:47.091714,2026-08-29 12:16:47.610692,False,3G,3G
usearch,pressure-repl-dynamic,468,0.97792,0.5200472469996384,1922.902208923135,2026-08-29 12:16:47.656620,2026-08-29 12:16:48.176697,False,3G,3G
usearch,pressure-repl-dynamic,469,0.97792,0.5212835190000078,1918.3418687748403,2026-08-29 12:16:48.221949,2026-08-29 12:16:48.743269,False,3G,3G
usearch,pressure-repl-dynamic,470,0.97792,0.5338630290002584,1873.1396363457789,2026-08-29 12:16:48.788627,2026-08-29 12:16:49.322526,False,3G,3G
usearch,pressure-repl-dynamic,471,0.97792,0.5064368250000371,1974.579948841451,2026-08-29 12:16:49.368639,2026-08-29 12:16:49.875110,False,3G,3G
usearch,pressure-repl-dynamic,472,0.97792,0.5187926899998274,1927.5522174384005,2026-08-29 12:16:49.920547,2026-08-29 12:16:50.439376,False,3G,3G
usearch,pressure-repl-dynamic,473,0.97792,0.5186996739998904,1927.8978764120284,2026-08-29 12:16:50.484860,2026-08-29 12:16:51.003591,False,3G,3G
usearch,pressure-repl-dynamic,474,0.97792,0.5103825440000946,1959.314658692196,2026-08-29 12:16:51.048920,2026-08-29 12:16:51.559335,False,3G,3G
usearch,pressure-repl-dynamic,475,0.97792,0.5251005970003462,1904.3969969040825,2026-08-29 12:16:51.604901,2026-08-29 12:16:52.130036,False,3G,3G
usearch,pressure-repl-dynamic,476,0.97792,0.5213471639999625,1918.1076815065824,2026-08-29 12:16:52.175533,2026-08-29 12:16:52.696912,False,3G,3G
usearch,pressure-repl-dynamic,477,0.97792,0.514377525999862,1944.097378780636,2026-08-29 12:16:52.742485,2026-08-29 12:16:53.256895,False,3G,3G
usearch,pressure-repl-dynamic,478,0.97792,0.5151154850000239,1941.3122476796705,2026-08-29 12:16:53.302371,2026-08-29 12:16:53.817517,False,3G,3G
usearch,pressure-repl-dynamic,479,0.97792,0.518205004000265,1929.7382161124185,2026-08-29 12:16:53.863057,2026-08-29 12:16:54.381298,False,3G,3G
usearch,pressure-repl-dynamic,480,0.97792,0.5182585759998801,1929.5387405228996,2026-08-29 12:16:54.426911,2026-08-29 12:16:54.945202,False,3G,3G
usearch,pressure-repl-dynamic,481,0.97792,0.5223879519999173,1914.2861089571195,2026-08-29 12:16:54.990611,2026-08-29 12:16:55.513032,False,3G,3G
usearch,pressure-repl-dynamic,482,0.97792,0.8229379060003339,1215.15851039142,2026-08-29 12:16:55.558462,2026-08-29 12:16:56.381435,False,3G,3G
usearch,pressure-repl-dynamic,483,0.97792,0.5286416359999748,1891.640634980268,2026-08-29 12:16:56.426872,2026-08-29 12:16:56.955546,False,3G,3G
usearch,pressure-repl-dynamic,484,0.97792,0.5149660239999321,1941.8756838220688,2026-08-29 12:16:57.000954,2026-08-29 12:16:57.515951,False,3G,3G
usearch,pressure-repl-dynamic,485,0.97792,0.5151637880003364,1941.130225557211,2026-08-29 12:16:57.561668,2026-08-29 12:16:58.076869,False,3G,3G
usearch,pressure-repl-dynamic,486,0.97792,0.5177459080000517,1931.449354882975,2026-08-29 12:16:58.122388,2026-08-29 12:16:58.640167,False,3G,3G
usearch,pressure-repl-dynamic,487,0.97792,0.5591381970002658,1788.4666176714888,2026-08-29 12:16:58.685606,2026-08-29 12:16:59.244783,False,3G,3G
usearch,pressure-repl-dynamic,488,0.97792,0.5113483079999241,1955.6141760033915,2026-08-29 12:16:59.290181,2026-08-29 12:16:59.801561,False,3G,3G
usearch,pressure-repl-dynamic,489,0.97792,0.5258689780002896,1901.6143599165669,2026-08-29 12:16:59.847114,2026-08-29 12:17:00.373019,False,3G,3G
usearch,pressure-repl-dynamic,490,0.97792,0.5177181039998686,1931.5530831818348,2026-08-29 12:17:00.418729,2026-08-29 12:17:00.936478,False,3G,3G
usearch,pressure-repl-dynamic,491,0.97792,0.5114394379997975,1955.2657180895696,2026-08-29 12:17:00.981857,2026-08-29 12:17:01.493328,False,3G,3G
usearch,pressure-repl-dynamic,492,0.97792,0.5070121169997037,1972.339450026565,2026-08-29 12:17:01.538820,2026-08-29 12:17:02.045865,False,3G,3G
usearch,pressure-repl-dynamic,493,0.97792,0.5124825650000275,1951.285893989284,2026-08-29 12:17:02.091581,2026-08-29 12:17:02.604101,False,3G,3G
usearch,pressure-repl-dynamic,494,0.97792,0.5204806330002612,1921.3010755762325,2026-08-29 12:17:02.649592,2026-08-29 12:17:03.170109,False,3G,3G
usearch,pressure-repl-dynamic,495,0.97792,1.019005241999821,981.3492205766058,2026-08-29 12:17:03.215587,2026-08-29 12:17:04.234623,False,3G,3G
usearch,pressure-repl-dynamic,496,0.97792,0.5064389450003546,1974.5716830669487,2026-08-29 12:17:04.280222,2026-08-29 12:17:04.786697,False,release,max
usearch,pressure-repl-dynamic,497,0.97792,0.5223062639997806,1914.5855007406533,2026-08-29 12:17:04.832388,2026-08-29 12:17:05.354730,False,release,max
usearch,pressure-repl-dynamic,498,0.97792,0.5204660399999739,1921.3549456561088,2026-08-29 12:17:05.400543,2026-08-29 12:17:05.921041,False,release,max
usearch,pressure-repl-dynamic,499,0.97792,6.214938490999884,160.90263828807676,2026-08-29 12:17:05.966511,2026-08-29 12:17:12.181485,False,release,max
usearch,pressure-repl-dynamic,500,0.97792,3.5441628200001105,282.15408004307454,2026-08-29 12:17:12.226875,2026-08-29 12:17:15.771072,False,release,max
usearch,pressure-repl-dynamic,501,0.97792,0.4059458419997099,2463.3827878959146,2026-08-29 12:17:15.816954,2026-08-29 12:17:16.222928,False,release,max
usearch,pressure-repl-dynamic,502,0.97792,0.382922342999791,2611.4955637377,2026-08-29 12:17:16.268707,2026-08-29 12:17:16.651658,False,release,max
usearch,pressure-repl-dynamic,503,0.97792,0.606121045999771,1649.835468673658,2026-08-29 12:17:16.697481,2026-08-29 12:17:17.303632,False,release,max
usearch,pressure-repl-dynamic,504,0.97792,0.3804442709997602,2628.505871233452,2026-08-29 12:17:17.349431,2026-08-29 12:17:17.729903,False,release,max
usearch,pressure-repl-dynamic,505,0.97792,0.3755359449996831,2662.8609413164,2026-08-29 12:17:17.775720,2026-08-29 12:17:18.151286,False,release,max
usearch,pressure-repl-dynamic,506,0.97792,0.3797655850003139,2633.203321989204,2026-08-29 12:17:18.196968,2026-08-29 12:17:18.576764,False,release,max
usearch,pressure-repl-dynamic,507,0.97792,0.3782925529999374,2643.4567428562764,2026-08-29 12:17:18.622726,2026-08-29 12:17:19.001049,False,release,max
usearch,pressure-repl-dynamic,508,0.97792,0.3730351720000726,2680.71236993118,2026-08-29 12:17:19.046852,2026-08-29 12:17:19.419918,False,release,max
usearch,pressure-repl-dynamic,509,0.97792,0.377747951999936,2647.2678268820086,2026-08-29 12:17:19.465746,2026-08-29 12:17:19.843523,False,release,max
usearch,pressure-repl-dynamic,510,0.97792,0.380717284000184,2626.620965281725,2026-08-29 12:17:19.889235,2026-08-29 12:17:20.269981,False,release,max
usearch,pressure-repl-dynamic,511,0.97792,0.3761289429999124,2658.662723544337,2026-08-29 12:17:20.315881,2026-08-29 12:17:20.692041,False,release,max
usearch,pressure-repl-dynamic,512,0.97792,0.3808854250000877,2625.46144946284,2026-08-29 12:17:20.737656,2026-08-29 12:17:21.118573,False,release,max
usearch,pressure-repl-dynamic,513,0.97792,0.374219789000108,2672.226401153017,2026-08-29 12:17:21.164272,2026-08-29 12:17:21.538524,False,release,max
usearch,pressure-repl-dynamic,514,0.97792,0.3809749780002676,2624.844301452516,2026-08-29 12:17:21.584437,2026-08-29 12:17:21.965444,False,release,max
usearch,pressure-repl-dynamic,515,0.97792,0.375595837000219,2662.436325138015,2026-08-29 12:17:22.011145,2026-08-29 12:17:22.386770,False,release,max
usearch,pressure-repl-dynamic,516,0.97792,0.3754364010001154,2663.5669778852703,2026-08-29 12:17:22.431943,2026-08-29 12:17:22.807409,False,release,max
usearch,pressure-repl-dynamic,517,0.97792,0.3807514879999871,2626.3850083759457,2026-08-29 12:17:22.852672,2026-08-29 12:17:23.233453,False,release,max
usearch,pressure-repl-dynamic,518,0.97792,0.3753696650001075,2664.0405265559048,2026-08-29 12:17:23.278715,2026-08-29 12:17:23.654112,False,release,max
usearch,pressure-repl-dynamic,519,0.97792,0.3761441510000622,2658.5552303319864,2026-08-29 12:17:23.699306,2026-08-29 12:17:24.075477,False,release,max
usearch,pressure-repl-dynamic,520,0.97792,0.370656881999821,2697.912944728442,2026-08-29 12:17:24.120654,2026-08-29 12:17:24.491339,False,release,max
usearch,pressure-repl-dynamic,521,0.97792,0.3770419850002326,2652.2245261343587,2026-08-29 12:17:24.536540,2026-08-29 12:17:24.913610,False,release,max
usearch,pressure-repl-dynamic,522,0.97792,0.3744700550000743,2670.440497571432,2026-08-29 12:17:24.958909,2026-08-29 12:17:25.333409,False,release,max
usearch,pressure-repl-dynamic,523,0.97792,0.3748819560000811,2667.5063549865376,2026-08-29 12:17:25.378649,2026-08-29 12:17:25.753561,False,release,max
usearch,pressure-repl-dynamic,524,0.97792,0.3739943760001551,2673.8369990878823,2026-08-29 12:17:25.798837,2026-08-29 12:17:26.172860,False,release,max
usearch,pressure-repl-dynamic,525,0.97792,0.3823644130002321,2615.306147749144,2026-08-29 12:17:26.218048,2026-08-29 12:17:26.600440,False,release,max
usearch,pressure-repl-dynamic,526,0.97792,0.3814759450001475,2621.3972679184617,2026-08-29 12:17:26.645633,2026-08-29 12:17:27.027136,False,release,max
usearch,pressure-repl-dynamic,527,0.97792,0.3779817849999745,2645.63013267972,2026-08-29 12:17:27.072386,2026-08-29 12:17:27.450395,False,release,max
usearch,pressure-repl-dynamic,528,0.97792,0.3764883799999552,2656.1244732177897,2026-08-29 12:17:27.495537,2026-08-29 12:17:27.872052,False,release,max
usearch,pressure-repl-dynamic,529,0.97792,0.3818424159999267,2618.881397398742,2026-08-29 12:17:27.917264,2026-08-29 12:17:28.299133,False,release,max
usearch,pressure-repl-dynamic,530,0.97792,0.3743112560000554,2671.5734137576987,2026-08-29 12:17:28.344432,2026-08-29 12:17:28.718769,False,release,max
usearch,pressure-repl-dynamic,531,0.97792,0.3755407089997788,2662.82716103779,2026-08-29 12:17:28.763923,2026-08-29 12:17:29.139491,False,release,max
usearch,pressure-repl-dynamic,532,0.97792,0.3740758769999956,2673.254442440328,2026-08-29 12:17:29.184543,2026-08-29 12:17:29.558647,False,release,max
usearch,pressure-repl-dynamic,533,0.97792,0.3758452750003016,2660.669340592874,2026-08-29 12:17:29.603936,2026-08-29 12:17:29.979811,False,release,max
usearch,pressure-repl-dynamic,534,0.97792,0.3770268680000299,2652.3308678359776,2026-08-29 12:17:30.025105,2026-08-29 12:17:30.402159,False,release,max
usearch,pressure-repl-dynamic,535,0.97792,0.3763597100000879,2657.0325500563445,2026-08-29 12:17:30.447329,2026-08-29 12:17:30.823716,False,release,max
usearch,pressure-repl-dynamic,536,0.97792,0.3748226869997779,2667.928155588385,2026-08-29 12:17:30.868801,2026-08-29 12:17:31.243651,False,release,max
usearch,pressure-repl-dynamic,537,0.97792,0.3768900729996858,2653.293550665723,2026-08-29 12:17:31.288694,2026-08-29 12:17:31.665616,False,release,max
usearch,pressure-repl-dynamic,538,0.97792,0.3744562649999352,2670.538841165264,2026-08-29 12:17:31.710638,2026-08-29 12:17:32.085124,False,release,max
usearch,pressure-repl-dynamic,539,0.97792,0.3751622219997443,2665.5135868149364,2026-08-29 12:17:32.130322,2026-08-29 12:17:32.505515,False,release,max
usearch,pressure-repl-dynamic,540,0.97792,0.377017392000198,2652.3975318344856,2026-08-29 12:17:32.550582,2026-08-29 12:17:32.927627,False,release,max
usearch,pressure-repl-dynamic,541,0.97792,0.379514140000083,2634.9479363266446,2026-08-29 12:17:32.972725,2026-08-29 12:17:33.352270,False,release,max
usearch,pressure-repl-dynamic,542,0.97792,0.3815900770000553,2620.613218932984,2026-08-29 12:17:33.397432,2026-08-29 12:17:33.779049,False,release,max
usearch,pressure-repl-dynamic,543,0.97792,0.3768242539999846,2653.756995164225,2026-08-29 12:17:33.824068,2026-08-29 12:17:34.200922,False,release,max
usearch,pressure-repl-dynamic,544,0.97792,0.377182312000059,2651.2377918714374,2026-08-29 12:17:34.245934,2026-08-29 12:17:34.623149,False,release,max
usearch,pressure-repl-dynamic,545,0.97792,0.3783714219998728,2642.905731924797,2026-08-29 12:17:34.668359,2026-08-29 12:17:35.046762,False,release,max
usearch,pressure-repl-dynamic,546,0.97792,0.3746690120001403,2669.022438395907,2026-08-29 12:17:35.092340,2026-08-29 12:17:35.467039,False,release,max
usearch,pressure-repl-dynamic,547,0.97792,0.3753387339997971,2664.260065417444,2026-08-29 12:17:35.512167,2026-08-29 12:17:35.887536,False,release,max
usearch,pressure-repl-dynamic,548,0.97792,0.3765843520000089,2655.447563577937,2026-08-29 12:17:35.932609,2026-08-29 12:17:36.309220,False,release,max
usearch,pressure-repl-dynamic,549,0.97792,0.3813488860000689,2622.270673159432,2026-08-29 12:17:36.354333,2026-08-29 12:17:36.735709,False,release,max
usearch,pressure-repl-dynamic,550,0.97792,0.3765764539998599,2655.5032567181484,2026-08-29 12:17:36.780924,2026-08-29 12:17:37.157528,False,release,max
usearch,pressure-repl-dynamic,551,0.97792,0.3776799530000971,2647.744451503209,2026-08-29 12:17:37.202640,2026-08-29 12:17:37.580347,False,release,max
usearch,pressure-repl-dynamic,552,0.97792,0.3771184300003369,2651.6868984608004,2026-08-29 12:17:37.625403,2026-08-29 12:17:38.002551,False,release,max
usearch,pressure-repl-dynamic,553,0.97792,0.3756990849997237,2661.704645888971,2026-08-29 12:17:38.047721,2026-08-29 12:17:38.423448,False,release,max
usearch,pressure-repl-dynamic,554,0.97792,0.3756574750000254,2661.9994717260247,2026-08-29 12:17:38.468476,2026-08-29 12:17:38.844160,False,release,max
usearch,pressure-repl-dynamic,555,0.97792,0.3783215180001207,2643.254354883617,2026-08-29 12:17:38.889275,2026-08-29 12:17:39.267622,False,release,max
usearch,pressure-repl-dynamic,556,0.97792,0.3792861350002567,2636.5319154082,2026-08-29 12:17:39.312855,2026-08-29 12:17:39.692169,False,release,max
usearch,pressure-repl-dynamic,557,0.97792,0.379184634000012,2637.237668233065,2026-08-29 12:17:39.737429,2026-08-29 12:17:40.116641,False,release,max
usearch,pressure-repl-dynamic,558,0.97792,0.3812527410000257,2622.9319620811134,2026-08-29 12:17:40.161830,2026-08-29 12:17:40.543109,False,release,max
usearch,pressure-repl-dynamic,559,0.97792,0.3739559290002034,2674.1119004947127,2026-08-29 12:17:40.588469,2026-08-29 12:17:40.962454,False,release,max
usearch,pressure-repl-dynamic,560,0.97792,0.3755568610004047,2662.7126378045914,2026-08-29 12:17:41.007730,2026-08-29 12:17:41.383314,False,release,max
usearch,pressure-repl-dynamic,561,0.97792,0.3780420540001614,2645.2083555751,2026-08-29 12:17:41.428538,2026-08-29 12:17:41.806608,False,release,max
usearch,pressure-repl-dynamic,562,0.97792,0.3784409019999657,2642.420506650443,2026-08-29 12:17:41.851774,2026-08-29 12:17:42.230263,False,release,max
usearch,pressure-repl-dynamic,563,0.97792,0.3745655150000857,2669.759921704941,2026-08-29 12:17:42.275436,2026-08-29 12:17:42.650029,False,release,max
usearch,pressure-repl-dynamic,564,0.97792,0.3757181639998634,2661.569484301971,2026-08-29 12:17:42.695408,2026-08-29 12:17:43.071155,False,release,max
usearch,pressure-repl-dynamic,565,0.97792,0.3744539690001147,2670.55521582599,2026-08-29 12:17:43.116442,2026-08-29 12:17:43.490923,False,release,max
usearch,pressure-repl-dynamic,566,0.97792,0.3746327829999245,2669.280547186393,2026-08-29 12:17:43.536079,2026-08-29 12:17:43.910740,False,release,max
usearch,pressure-repl-dynamic,567,0.97792,0.3744565899996814,2670.536523341332,2026-08-29 12:17:43.956041,2026-08-29 12:17:44.330525,False,release,max
usearch,pressure-repl-dynamic,568,0.97792,0.3749423580002258,2667.0766283477574,2026-08-29 12:17:44.375770,2026-08-29 12:17:44.750739,False,release,max
usearch,pressure-repl-dynamic,569,0.97792,0.3768421020004098,2653.631307891687,2026-08-29 12:17:44.795980,2026-08-29 12:17:45.172850,False,release,max
usearch,pressure-repl-dynamic,570,0.97792,0.3748292049999691,2667.881762308469,2026-08-29 12:17:45.218071,2026-08-29 12:17:45.592927,False,release,max
usearch,pressure-repl-dynamic,571,0.97792,0.3817100109999956,2619.789817354336,2026-08-29 12:17:45.638266,2026-08-29 12:17:46.020006,False,release,max
usearch,pressure-repl-dynamic,572,0.97792,0.3815502470001775,2620.886784538066,2026-08-29 12:17:46.065293,2026-08-29 12:17:46.446869,False,release,max
usearch,pressure-repl-dynamic,573,0.97792,0.3761309729998174,2658.648374592872,2026-08-29 12:17:46.492267,2026-08-29 12:17:46.868425,False,release,max
usearch,pressure-repl-dynamic,574,0.97792,0.3815571390000514,2620.8394439184253,2026-08-29 12:17:46.913586,2026-08-29 12:17:47.295171,False,release,max
usearch,pressure-repl-dynamic,575,0.97792,0.3764819960001659,2656.169513082265,2026-08-29 12:17:47.340399,2026-08-29 12:17:47.716909,False,release,max
usearch,pressure-repl-dynamic,576,0.97792,0.3732489730000452,2679.176829241748,2026-08-29 12:17:47.762137,2026-08-29 12:17:48.135412,False,release,max
usearch,pressure-repl-dynamic,577,0.97792,0.3765704300003563,2655.5457368202115,2026-08-29 12:17:48.180724,2026-08-29 12:17:48.557320,False,release,max
usearch,pressure-repl-dynamic,578,0.97792,0.3727646120000827,2682.658084506633,2026-08-29 12:17:48.602765,2026-08-29 12:17:48.975558,False,release,max
usearch,pressure-repl-dynamic,579,0.97792,0.3762578850000864,2657.7516109722733,2026-08-29 12:17:49.020848,2026-08-29 12:17:49.397134,False,release,max
usearch,pressure-repl-dynamic,580,0.97792,0.3821277480001299,2616.925897775055,2026-08-29 12:17:49.442459,2026-08-29 12:17:49.824614,False,release,max
usearch,pressure-repl-dynamic,581,0.97792,0.3772520009997606,2650.748034072414,2026-08-29 12:17:49.869980,2026-08-29 12:17:50.247260,False,release,max
usearch,pressure-repl-dynamic,582,0.97792,0.3778893789999529,2646.277073588048,2026-08-29 12:17:50.292551,2026-08-29 12:17:50.670468,False,release,max
usearch,pressure-repl-dynamic,583,0.97792,0.3764562550004484,2656.351134340453,2026-08-29 12:17:50.715736,2026-08-29 12:17:51.092221,False,release,max
usearch,pressure-repl-dynamic,584,0.97792,0.377661431999968,2647.874300280905,2026-08-29 12:17:51.137498,2026-08-29 12:17:51.515186,False,release,max
usearch,pressure-repl-dynamic,585,0.97792,0.3746395849998407,2669.232083418054,2026-08-29 12:17:51.560514,2026-08-29 12:17:51.935182,False,release,max
usearch,pressure-repl-dynamic,586,0.97792,0.3778898769996885,2646.2735862088844,2026-08-29 12:17:51.980442,2026-08-29 12:17:52.358357,False,release,max
usearch,pressure-repl-dynamic,587,0.97792,0.377634752999711,2648.0613663244208,2026-08-29 12:17:52.403781,2026-08-29 12:17:52.781444,False,release,max
usearch,pressure-repl-dynamic,588,0.97792,0.3726925450000635,2683.176826088189,2026-08-29 12:17:52.826724,2026-08-29 12:17:53.199448,False,release,max
usearch,pressure-repl-dynamic,589,0.97792,0.3765463479999198,2655.715572097948,2026-08-29 12:17:53.244685,2026-08-29 12:17:53.621262,False,release,max
usearch,pressure-repl-dynamic,590,0.97792,0.3811755269998684,2623.463284410557,2026-08-29 12:17:53.666518,2026-08-29 12:17:54.047722,False,release,max
usearch,pressure-repl-dynamic,591,0.97792,0.3778090030000385,2646.840048964895,2026-08-29 12:17:54.093477,2026-08-29 12:17:54.471313,False,release,max
usearch,pressure-repl-dynamic,592,0.97792,0.376291711000249,2657.5126976404167,2026-08-29 12:17:54.516694,2026-08-29 12:17:54.893013,False,release,max
usearch,pressure-repl-dynamic,593,0.97792,0.3739284069997666,2674.308721350032,2026-08-29 12:17:54.938342,2026-08-29 12:17:55.312302,False,release,max
usearch,pressure-repl-dynamic,594,0.97792,0.3815393750001021,2620.9614669514312,2026-08-29 12:17:55.357579,2026-08-29 12:17:55.739144,False,release,max
usearch,pressure-repl-dynamic,595,0.97792,0.3821126550001281,2617.0292632670453,2026-08-29 12:17:55.784455,2026-08-29 12:17:56.166594,False,release,max
usearch,pressure-repl-dynamic,596,0.97792,0.3740857329999016,2673.1840104692333,2026-08-29 12:17:56.211855,2026-08-29 12:17:56.585969,False,release,max
usearch,pressure-repl-dynamic,597,0.97792,0.3781265080001503,2644.617552175428,2026-08-29 12:17:56.631417,2026-08-29 12:17:57.009571,False,release,max
usearch,pressure-repl-dynamic,598,0.97792,0.3738259369997649,2675.041780208602,2026-08-29 12:17:57.054946,2026-08-29 12:17:57.428800,False,release,max
usearch,pressure-repl-dynamic,599,0.97792,0.373448979999921,2677.7419501861045,2026-08-29 12:17:57.474234,2026-08-29 12:17:57.847728,False,release,max
usearch,pressure-repl-dynamic,600,0.97792,0.3807991170001514,2626.056509473477,2026-08-29 12:17:57.893094,2026-08-29 12:17:58.273921,False,release,max
usearch,pressure-repl-dynamic,601,0.97792,0.3765522469998359,2655.673968134456,2026-08-29 12:17:58.319414,2026-08-29 12:17:58.695993,False,release,max
usearch,pressure-repl-dynamic,602,0.97792,0.3816771689998859,2620.0152412058446,2026-08-29 12:17:58.741271,2026-08-29 12:17:59.122975,False,release,max
usearch,pressure-repl-dynamic,603,0.97792,0.3766970080000646,2654.6534184307307,2026-08-29 12:17:59.168327,2026-08-29 12:17:59.545053,False,release,max
usearch,pressure-repl-dynamic,604,0.97792,0.3764407639996534,2656.4604464593017,2026-08-29 12:17:59.590568,2026-08-29 12:17:59.967040,False,release,max
usearch,pressure-repl-dynamic,605,0.97792,0.3730620750002344,2680.519053027225,2026-08-29 12:18:00.012268,2026-08-29 12:18:00.385357,False,release,max
usearch,pressure-repl-dynamic,606,0.97792,0.3744989060000989,2670.234769657073,2026-08-29 12:18:00.430698,2026-08-29 12:18:00.805225,False,release,max
usearch,pressure-repl-dynamic,607,0.97792,0.3743410940001013,2671.360467840406,2026-08-29 12:18:00.850507,2026-08-29 12:18:01.224875,False,release,max
usearch,pressure-repl-dynamic,608,0.97792,0.3734307169997919,2677.872907815876,2026-08-29 12:18:01.270092,2026-08-29 12:18:01.643550,False,release,max
usearch,pressure-repl-dynamic,609,0.97792,0.3766171409997696,2655.2163752966617,2026-08-29 12:18:01.688797,2026-08-29 12:18:02.065441,False,release,max
usearch,pressure-repl-dynamic,610,0.97792,0.3725458459998663,2684.233392312094,2026-08-29 12:18:02.111065,2026-08-29 12:18:02.483639,False,release,max
usearch,pressure-repl-dynamic,611,0.97792,0.3740522899997813,2673.4230125969407,2026-08-29 12:18:02.528957,2026-08-29 12:18:02.903036,False,release,max
usearch,pressure-repl-dynamic,612,0.97792,0.382231690000026,2616.214265227281,2026-08-29 12:18:02.948385,2026-08-29 12:18:03.330643,False,release,max
usearch,pressure-repl-dynamic,613,0.97792,0.382383679999748,2615.1743714602544,2026-08-29 12:18:03.376022,2026-08-29 12:18:03.758433,False,release,max
usearch,pressure-repl-dynamic,614,0.97792,0.3771512430002985,2651.4561957819355,2026-08-29 12:18:03.803744,2026-08-29 12:18:04.180924,False,release,max
usearch,pressure-repl-dynamic,615,0.97792,0.6710171800000353,1490.2748093572618,2026-08-29 12:18:04.226630,2026-08-29 12:18:04.897672,False,release,max
usearch,pressure-repl-dynamic,616,0.97792,0.3746077949999744,2669.4586000274453,2026-08-29 12:18:04.943167,2026-08-29 12:18:05.317803,False,,
usearch,pressure-repl-dynamic,617,0.97792,0.3741722689997004,2672.565774778998,2026-08-29 12:18:05.363204,2026-08-29 12:18:05.737404,False,,
usearch,pressure-repl-dynamic,618,0.97792,0.3733870879996175,2678.1858080776065,2026-08-29 12:18:05.782769,2026-08-29 12:18:06.156184,False,,
usearch,pressure-repl-dynamic,619,0.97792,0.3746496839999054,2669.160132002814,2026-08-29 12:18:06.201466,2026-08-29 12:18:06.576144,False,,
usearch,pressure-repl-dynamic,620,0.97792,0.377719905000049,2647.4643956078253,2026-08-29 12:18:06.621679,2026-08-29 12:18:06.999429,False,,
usearch,pressure-repl-dynamic,621,0.97792,0.373411828999906,2678.0083605767395,2026-08-29 12:18:07.044752,2026-08-29 12:18:07.418191,False,,
usearch,pressure-repl-dynamic,622,0.97792,0.3733609559999422,2678.373257647633,2026-08-29 12:18:07.463555,2026-08-29 12:18:07.836942,False,,
usearch,pressure-repl-dynamic,623,0.97792,0.3730982830002176,2680.2589171910413,2026-08-29 12:18:07.882204,2026-08-29 12:18:08.255331,False,,
usearch,pressure-repl-dynamic,624,0.97792,0.3763757079996139,2656.9196118284704,2026-08-29 12:18:08.300694,2026-08-29 12:18:08.677096,False,,
usearch,pressure-repl-dynamic,625,0.97792,0.3759242579999409,2660.1103246711928,2026-08-29 12:18:08.722383,2026-08-29 12:18:09.098334,False,,
usearch,pressure-repl-dynamic,626,0.97792,0.4606145110001307,2171.0128016347194,2026-08-29 12:18:09.143750,2026-08-29 12:18:09.604393,False,,
usearch,pressure-repl-dynamic,627,0.97792,0.3733850590001566,2678.2003615189665,2026-08-29 12:18:09.649662,2026-08-29 12:18:10.023076,False,,
usearch,pressure-repl-dynamic,628,0.97792,0.3831676709996827,2609.8235203168483,2026-08-29 12:18:10.068387,2026-08-29 12:18:10.451583,False,,
usearch,pressure-repl-dynamic,629,0.97792,0.3753006940000887,2664.530111419841,2026-08-29 12:18:10.496891,2026-08-29 12:18:10.872217,False,,
usearch,pressure-repl-dynamic,630,0.97792,0.3783463949998804,2643.0805558496627,2026-08-29 12:18:10.917573,2026-08-29 12:18:11.295948,False,,
usearch,pressure-repl-dynamic,631,0.97792,0.3798223520002466,2632.8097720782653,2026-08-29 12:18:11.341300,2026-08-29 12:18:11.721149,False,,
usearch,pressure-repl-dynamic,632,0.97792,0.3810030959998585,2624.650588142127,2026-08-29 12:18:11.766494,2026-08-29 12:18:12.147526,False,,
usearch,pressure-repl-dynamic,633,0.97792,0.3761866909999298,2658.254595190308,2026-08-29 12:18:12.192778,2026-08-29 12:18:12.568991,False,,
usearch,pressure-repl-dynamic,634,0.97792,0.3739001809999536,2674.510606883403,2026-08-29 12:18:12.614532,2026-08-29 12:18:12.988461,False,,
usearch,pressure-repl-dynamic,635,0.97792,0.3802818389999629,2629.6286002763795,2026-08-29 12:18:13.033723,2026-08-29 12:18:13.414032,False,,
usearch,pressure-repl-dynamic,636,0.97792,0.4907805719999487,2037.5704684579575,2026-08-29 12:18:13.459435,2026-08-29 12:18:13.950301,False,,
usearch,pressure-repl-dynamic,637,0.97792,0.3787820729999112,2640.040464640032,2026-08-29 12:18:13.996039,2026-08-29 12:18:14.374854,False,,
usearch,pressure-repl-dynamic,638,0.97792,0.3639949330004128,2747.2909904459184,2026-08-29 12:18:14.420241,2026-08-29 12:18:14.784268,False,,
