time,total,free,available,dirty,anon,mapped,pageTable,vmallocTotal,vmallocUsed,own_VmRSS,own_RssAnon,own_RssFile,own_VmPTE,Node0_total,Node0_free,Node0_used,Node0_dirty,Node0_anon,Node0_mapped,Node0_pageTable,Node1_total,Node1_free,Node1_used,Node1_dirty,Node1_anon,Node1_mapped,Node1_pageTable
2025-07-30T15:13:57.474771,394700376,372255376,391314836,364,220936,129756,3580,34359738367,251368,16988,7168,9820,116,196531936,185227192,11304744,308,171132,40964,3044,198168440,187028184,11140256,56,49804,88792,536
2025-07-30T15:13:58.475225,394700376,371623640,390809472,1408,554416,130208,7608,34359738367,261480,16988,7168,9820,116,196531936,184930364,11601572,1352,179752,41388,4076,198168440,186693276,11475164,56,374664,88820,3532
2025-07-30T15:13:59.475797,394700376,371135804,390681536,2440,684292,130208,7740,34359738367,261480,16988,7168,9820,116,196531936,184680460,11851476,2884,186324,41388,4084,198168440,186455344,11713096,60,497968,88820,3656
2025-07-30T15:14:00.476248,394700376,371298536,391163284,1484,193232,130224,7884,34359738367,261480,16988,7168,9820,116,196531936,184432168,12099768,1420,178368,41440,4376,198168440,186861832,11306608,64,14864,88784,3508
2025-07-30T15:14:01.476783,394700376,371036408,391171960,3024,194244,130248,6792,34359738367,261480,16988,7168,9820,116,196531936,184176260,12355676,3460,178764,41400,4112,198168440,186860148,11308292,68,15480,88848,2680
2025-07-30T15:14:02.477233,394700376,371033104,390874452,524,191228,130248,6792,34359738367,261480,16988,7168,9820,116,196531936,184049848,12482088,456,176756,41400,4112,198168440,186988296,11180144,68,14472,88848,2680
2025-07-30T15:14:03.477670,394700376,381357756,391096260,536,184324,118640,6336,34359738367,261128,16988,7168,9820,116,196531936,189641948,6889988,468,170224,29844,3672,198168440,191715808,6452632,68,14100,88796,2664
2025-07-30T15:14:04.478215,394700376,392082856,391111192,536,184324,118640,6336,34359738367,261128,16988,7168,9820,116,196531936,195010148,1521788,468,170224,29844,3672,198168440,197073716,1094724,68,14100,88796,2664
2025-07-30T15:14:05.478669,394700376,392937760,391474008,604,193776,306148,8728,34359738367,262568,16988,7168,9820,116,196531936,195464700,1067236,496,172156,121608,4236,198168440,197473060,695380,108,21620,184552,4492
2025-07-30T15:14:06.479366,394700376,392693040,391357064,604,193684,561308,8728,34359738367,262552,16988,7168,9820,116,196531936,195357404,1174532,496,172064,250332,4236,198168440,197335636,832804,108,21620,310980,4492
2025-07-30T15:14:07.480030,394700376,392577056,391289992,616,193716,659576,8728,34359738367,262552,16988,7168,9820,116,196531936,195293416,1238520,496,172076,302928,4236,198168440,197283640,884800,120,21640,356648,4492
2025-07-30T15:14:08.484894,394700376,392592932,391305992,616,193688,660000,8728,34359738367,262552,16988,7168,9820,116,196531936,195307352,1224584,496,172012,303148,4236,198168440,197285580,882860,120,21676,356852,4492
2025-07-30T15:14:09.485925,394700376,392605908,391318968,628,193704,660000,8728,34359738367,262552,16988,7168,9820,116,196531936,195318860,1213076,496,172028,303148,4236,198168440,197287048,881392,132,21676,356852,4492
2025-07-30T15:14:10.486971,394700376,392620404,391333464,628,193704,660000,8728,34359738367,262552,16988,7168,9820,116,196531936,195330836,1201100,496,172028,303148,4236,198168440,197289568,878872,132,21676,356852,4492
2025-07-30T15:14:11.488062,394700376,392638052,391351112,632,193704,660000,8728,34359738367,262552,16988,7168,9820,116,196531936,195345756,1186180,500,172028,303148,4236,198168440,197292296,876144,132,21676,356852,4492
2025-07-30T15:14:12.492893,394700376,392654756,391367816,632,193708,660000,8728,34359738367,262552,16988,7168,9820,116,196531936,195358940,1172996,500,172032,303148,4236,198168440,197295816,872624,132,21676,356852,4492
2025-07-30T15:14:13.493912,394700376,392673084,391386144,632,193708,660000,8728,34359738367,262552,16988,7168,9820,116,196531936,195372436,1159500,500,172032,303148,4236,198168440,197300648,867792,132,21676,356852,4492
2025-07-30T15:14:14.494954,394700376,392692464,391405524,632,193712,660000,8728,34359738367,262552,16988,7168,9820,116,196531936,195388060,1143876,500,172036,303148,4236,198168440,197304404,864036,132,21676,356852,4492
2025-07-30T15:14:15.495999,394700376,392682216,391395688,636,193716,660000,8728,34359738367,262536,16988,7168,9820,116,196531936,195379648,1152288,504,172192,303148,4296,198168440,197302568,865872,132,21524,356852,4432
2025-07-30T15:14:16.500889,394700376,392700908,391414380,636,193716,660000,8728,34359738367,262536,16988,7168,9820,116,196531936,195395408,1136528,504,172192,303148,4296,198168440,197305500,862940,132,21524,356852,4432
2025-07-30T15:14:17.501917,394700376,392721896,391435396,344,193716,660000,8728,34359738367,262536,16988,7168,9820,116,196531936,195412860,1119076,260,172192,303148,4296,198168440,197309036,859404,84,21524,356852,4432
2025-07-30T15:14:18.502954,394700376,392738012,391451512,344,193716,660000,8728,34359738367,262536,16988,7168,9820,116,196531936,195425856,1106080,260,172192,303148,4296,198168440,197312156,856284,84,21524,356852,4432
2025-07-30T15:14:19.503988,394700376,392754856,391468356,344,193716,660000,8728,34359738367,262536,16988,7168,9820,116,196531936,195439204,1092732,260,172192,303148,4296,198168440,197315652,852788,84,21524,356852,4432
2025-07-30T15:14:20.508898,394700376,392763172,391476780,368,193796,660000,8728,34359738367,262536,16988,7168,9820,116,196531936,195445216,1086720,260,172196,303148,4296,198168440,197317956,850484,108,21600,356852,4432
2025-07-30T15:14:21.509938,394700376,392775020,391488628,380,193796,660000,8728,34359738367,262536,16988,7168,9820,116,196531936,195454672,1077264,272,172196,303148,4296,198168440,197320348,848092,108,21600,356852,4432
2025-07-30T15:14:22.510978,394700376,392786440,391500048,380,193796,660000,8728,34359738367,262536,16988,7168,9820,116,196531936,195464052,1067884,272,172196,303148,4296,198168440,197322388,846052,108,21600,356852,4432
2025-07-30T15:14:23.512015,394700376,392798784,391512392,384,193796,660000,8728,34359738367,262536,16988,7168,9820,116,196531936,195475372,1056564,276,172196,303148,4296,198168440,197323412,845028,108,21600,356852,4432
2025-07-30T15:14:24.513075,394700376,392808884,391522492,384,193796,660000,8728,34359738367,262536,16988,7168,9820,116,196531936,195484408,1047528,276,172196,303148,4296,198168440,197324476,843964,108,21600,356852,4432
2025-07-30T15:14:25.516891,394700376,392808776,391522588,388,193616,660000,8788,34359738367,262520,16988,7168,9820,116,196531936,195483772,1048164,280,172132,303148,4312,198168440,197325004,843436,108,21484,356852,4476
2025-07-30T15:14:26.517918,394700376,392818172,391531988,388,193808,660000,8732,34359738367,262520,16988,7168,9820,116,196531936,195491856,1040080,280,172132,303148,4300,198168440,197326316,842124,108,21676,356852,4432
2025-07-30T15:14:27.518953,394700376,392824272,391538132,296,193808,660000,8732,34359738367,262520,16988,7168,9820,116,196531936,195497200,1034736,200,172132,303148,4300,198168440,197327072,841368,96,21676,356852,4432
2025-07-30T15:14:28.520006,394700376,392830828,391544688,312,193840,660000,8732,34359738367,262520,16988,7168,9820,116,196531936,195501052,1030884,212,172164,303148,4300,198168440,197329776,838664,100,21676,356852,4432
2025-07-30T15:14:29.523679,394700376,392838480,391552384,316,193844,660000,8732,34359738367,262520,16988,7168,9820,116,196531936,195507940,1023996,216,172168,303148,4300,198168440,197330540,837900,100,21676,356852,4432
2025-07-30T15:14:30.524890,394700376,392841908,391555812,316,193844,660000,8732,34359738367,262520,16988,7168,9820,116,196531936,195510108,1021828,216,172168,303148,4300,198168440,197331800,836640,100,21676,356852,4432
2025-07-30T15:14:31.528902,394700376,392848416,391562320,164,193844,660000,8732,34359738367,262520,16988,7168,9820,116,196531936,195513212,1018724,76,172168,303148,4300,198168440,197335204,833236,88,21676,356852,4432
2025-07-30T15:14:32.530113,394700376,392852612,391566516,168,193848,660000,8732,34359738367,262520,16988,7168,9820,116,196531936,195516652,1015284,80,172168,303148,4300,198168440,197335960,832480,88,21680,356852,4432
2025-07-30T15:14:33.531300,394700376,392855340,391569244,180,193848,660000,8732,34359738367,262520,16988,7168,9820,116,196531936,195518372,1013564,80,172168,303148,4300,198168440,197336968,831472,100,21680,356852,4432
2025-07-30T15:14:34.532505,394700376,392859900,391573804,184,193848,660000,8732,34359738367,262520,16988,7168,9820,116,196531936,195520664,1011272,84,172168,303148,4300,198168440,197339236,829204,100,21680,356852,4432
2025-07-30T15:14:35.536901,394700376,392857944,391572012,196,193924,660000,8732,34359738367,262552,16988,7168,9820,116,196531936,195517952,1013984,88,172308,303148,4288,198168440,197339992,828448,108,21616,356852,4444
2025-07-30T15:14:36.538070,394700376,392859372,391573456,80,193924,660000,8732,34359738367,262552,16988,7168,9820,116,196531936,195518372,1013564,36,172308,303148,4288,198168440,197341000,827440,44,21616,356852,4444
2025-07-30T15:14:37.539267,394700376,392864604,391578700,124,193924,660000,8732,34359738367,262552,16988,7168,9820,116,196531936,195521336,1010600,72,172308,303148,4288,198168440,197343268,825172,52,21616,356852,4444
2025-07-30T15:14:38.540453,394700376,392869492,391583588,124,193924,660000,8732,34359738367,262552,16988,7168,9820,116,196531936,195525000,1006936,72,172308,303148,4288,198168440,197344492,823948,52,21616,356852,4444
2025-07-30T15:14:39.544901,394700376,392871724,391585820,132,193924,660000,8732,34359738367,262552,16988,7168,9820,116,196531936,195526472,1005464,80,172308,303148,4288,198168440,197345252,823188,52,21616,356852,4444
2025-07-30T15:14:40.546096,394700376,392876288,391590384,136,193924,660000,8732,34359738367,262552,16988,7168,9820,116,196531936,195528516,1003420,84,172308,303148,4288,198168440,197347772,820668,52,21616,356852,4444
2025-07-30T15:14:41.547285,394700376,392879684,391593784,72,193924,660000,8732,34359738367,262552,16988,7168,9820,116,196531936,195531156,1000780,56,172308,303148,4288,198168440,197348528,819912,16,21616,356852,4444
2025-07-30T15:14:42.548462,394700376,392880764,391594864,72,193924,660000,8732,34359738367,262552,16988,7168,9820,116,196531936,195531480,1000456,56,172308,303148,4288,198168440,197349284,819156,16,21616,356852,4444
2025-07-30T15:14:43.552901,394700376,392883788,391597888,72,193924,660000,8732,34359738367,262552,16988,7168,9820,116,196531936,195531984,999952,56,172308,303148,4288,198168440,197351804,816636,16,21616,356852,4444
2025-07-30T15:14:44.554040,394700376,392886812,391600912,72,193924,660000,8732,34359738367,262552,16988,7168,9820,116,196531936,195534252,997684,56,172308,303148,4288,198168440,197352560,815880,16,21616,356852,4444
2025-07-30T15:14:45.555218,394700376,392886788,391600920,92,193932,660000,8784,34359738367,262520,16988,7168,9820,116,196531936,195533472,998464,60,172336,303148,4352,198168440,197353316,815124,32,21596,356852,4432
2025-07-30T15:14:46.556418,394700376,392889836,391603968,104,193932,660000,8724,34359738367,262520,16988,7168,9820,116,196531936,195533976,997960,68,172336,303148,4292,198168440,197355860,812580,36,21596,356852,4432
2025-07-30T15:14:47.559258,394700376,392892860,391606992,108,193932,660000,8724,34359738367,262520,16988,7168,9820,116,196531936,195536244,995692,72,172336,303148,4292,198168440,197356616,811824,36,21596,356852,4432
2025-07-30T15:14:48.560460,394700376,392894324,391608456,108,193932,660000,8724,34359738367,262520,16988,7168,9820,116,196531936,195536952,994984,72,172336,303148,4292,198168440,197357372,811068,36,21596,356852,4432
2025-07-30T15:14:49.564904,394700376,392897768,391611900,108,193932,660000,8724,34359738367,262520,16988,7168,9820,116,196531936,195537960,993976,72,172336,303148,4292,198168440,197359808,808632,36,21596,356852,4432
2025-07-30T15:14:50.566095,394700376,392900288,391614420,132,194036,660000,8724,34359738367,262520,16988,7168,9820,116,196531936,195539724,992212,88,172440,303148,4292,198168440,197360564,807876,44,21596,356852,4432
2025-07-30T15:14:51.567247,394700376,392901548,391615684,84,194036,660000,8724,34359738367,262520,16988,7168,9820,116,196531936,195539976,991960,44,172440,303148,4292,198168440,197361572,806868,40,21596,356852,4432
2025-07-30T15:14:52.568616,394700376,392904320,391618456,104,194036,660000,8724,34359738367,262520,16988,7168,9820,116,196531936,195540732,991204,60,172440,303148,4292,198168440,197363588,804852,44,21596,356852,4432
2025-07-30T15:14:53.572903,394700376,392900556,391614692,104,194036,660000,8724,34359738367,262520,16988,7168,9820,116,196531936,195542496,989440,60,172440,303148,4292,198168440,197358060,810380,44,21596,356852,4432
2025-07-30T15:14:54.574054,394700376,392903176,391617312,104,194036,660000,8724,34359738367,262520,16988,7168,9820,116,196531936,195542748,989188,60,172440,303148,4292,198168440,197360428,808012,44,21596,356852,4432
2025-07-30T15:14:55.575230,394700376,392904892,391619188,108,194036,660000,8736,34359738367,262504,16988,7168,9820,116,196531936,195541008,990928,64,172436,303148,4304,198168440,197363884,804556,44,21600,356852,4432
2025-07-30T15:14:56.576397,394700376,392909308,391623604,108,194036,660000,8736,34359738367,262504,16988,7168,9820,116,196531936,195543184,988752,64,172436,303148,4304,198168440,197366124,802316,44,21600,356852,4432
2025-07-30T15:14:57.580906,394700376,392911628,391625924,120,194036,660000,8736,34359738367,262504,16988,7168,9820,116,196531936,195543704,988232,68,172436,303148,4304,198168440,197367924,800516,52,21600,356852,4432
2025-07-30T15:14:58.582108,394700376,392915296,391629592,120,194036,660000,8736,34359738367,262504,16988,7168,9820,116,196531936,195544476,987460,68,172436,303148,4304,198168440,197370820,797620,52,21600,356852,4432
2025-07-30T15:14:59.583287,394700376,392918028,391632324,120,194036,660000,8736,34359738367,262504,16988,7168,9820,116,196531936,195546504,985432,68,172436,303148,4304,198168440,197371524,796916,52,21600,356852,4432
2025-07-30T15:15:00.584454,394700376,392918784,391633080,128,194068,660000,8736,34359738367,262504,16988,7168,9820,116,196531936,195546756,985180,68,172468,303148,4304,198168440,197372028,796412,60,21600,356852,4432
2025-07-30T15:15:01.588901,394700376,392922188,391636484,128,194068,660000,8736,34359738367,262504,16988,7168,9820,116,196531936,195547892,984044,68,172468,303148,4304,198168440,197374296,794144,60,21600,356852,4432
2025-07-30T15:15:02.590075,394700376,392925636,391640456,336,194068,660004,8736,34359738367,262488,16988,7168,9820,116,196531936,195550836,981100,260,172468,303152,4304,198168440,197374800,793640,76,21600,356852,4432
2025-07-30T15:15:03.591263,394700376,392926868,391641688,340,194068,660004,8736,34359738367,262488,16988,7168,9820,116,196531936,195551564,980372,264,172468,303152,4304,198168440,197375304,793136,76,21600,356852,4432
2025-07-30T15:15:04.592417,394700376,392930144,391644964,340,194068,660004,8736,34359738367,262488,16988,7168,9820,116,196531936,195552572,979364,264,172468,303152,4304,198168440,197377572,790868,76,21600,356852,4432
2025-07-30T15:15:05.596906,394700376,392925052,391639980,356,194444,659936,8888,34359738367,262488,16988,7168,9820,116,196531936,195546960,984976,272,172664,303152,4392,198168440,197378092,790348,84,21780,356784,4496
2025-07-30T15:15:06.598111,394700376,392927876,391642816,356,194132,660004,8740,34359738367,262488,16988,7168,9820,116,196531936,195549280,982656,272,172424,303152,4244,198168440,197378596,789844,84,21708,356852,4496
2025-07-30T15:15:07.599278,394700376,392932368,391647308,376,194132,660004,8740,34359738367,262488,16988,7168,9820,116,196531936,195551504,980432,288,172424,303152,4244,198168440,197380864,787576,88,21708,356852,4496
2025-07-30T15:15:08.600424,394700376,392935468,391650408,384,194132,660004,8740,34359738367,262488,16988,7168,9820,116,196531936,195554100,977836,288,172424,303152,4244,198168440,197381368,787072,96,21708,356852,4496
2025-07-30T15:15:09.604903,394700376,392937512,391652452,388,194132,660004,8740,34359738367,262488,16988,7168,9820,116,196531936,195555640,976296,292,172424,303152,4244,198168440,197381872,786568,96,21708,356852,4496
2025-07-30T15:15:10.606089,394700376,392941120,391656060,388,194132,660004,8740,34359738367,262488,16988,7168,9820,116,196531936,195556980,974956,292,172424,303152,4244,198168440,197384140,784300,96,21708,356852,4496
2025-07-30T15:15:11.607290,394700376,392943216,391658156,400,194132,660004,8740,34359738367,262488,16988,7168,9820,116,196531936,195558572,973364,300,172424,303152,4244,198168440,197384644,783796,100,21708,356852,4496
2025-07-30T15:15:12.608465,394700376,392944224,391659164,368,194132,660004,8740,34359738367,262488,16988,7168,9820,116,196531936,195559076,972860,268,172424,303152,4244,198168440,197385148,783292,100,21708,356852,4496
2025-07-30T15:15:13.612906,394700376,392946360,391661300,376,194132,660004,8740,34359738367,262488,16988,7168,9820,116,196531936,195559328,972608,276,172424,303152,4244,198168440,197387032,781408,100,21708,356852,4496
2025-07-30T15:15:14.614069,394700376,392948124,391663064,376,194132,660004,8740,34359738367,262488,16988,7168,9820,116,196531936,195560588,971348,276,172424,303152,4244,198168440,197387536,780904,100,21708,356852,4496
2025-07-30T15:15:15.615204,394700376,392948684,391663668,384,194280,660216,8784,34359738367,262504,16988,7168,9820,116,196531936,195559844,972092,284,172676,303152,4352,198168440,197388840,779600,100,21604,357064,4432
2025-07-30T15:15:16.616393,394700376,392950908,391665892,384,194128,660004,8728,34359738367,262504,16988,7168,9820,116,196531936,195560556,971380,284,172524,303152,4296,198168440,197390352,778088,100,21604,356852,4432
2025-07-30T15:15:17.620901,394700376,392952840,391667824,340,194128,660004,8728,34359738367,262504,16988,7168,9820,116,196531936,195561984,969952,272,172524,303152,4296,198168440,197390856,777584,68,21604,356852,4432
2025-07-30T15:15:18.624904,394700376,392953848,391668832,340,194128,660004,8728,34359738367,262504,16988,7168,9820,116,196531936,195562488,969448,272,172524,303152,4296,198168440,197391360,777080,68,21604,356852,4432
2025-07-30T15:15:19.626083,394700376,392955900,391670884,340,194128,660004,8728,34359738367,262504,16988,7168,9820,116,196531936,195562992,968944,272,172524,303152,4296,198168440,197392908,775532,68,21604,356852,4432
2025-07-30T15:15:20.627248,394700376,392957172,391672156,364,194192,660004,8728,34359738367,262504,16988,7168,9820,116,196531936,195563760,968176,280,172588,303152,4296,198168440,197393412,775028,84,21604,356852,4432
2025-07-30T15:15:21.628423,394700376,392958180,391673164,368,194192,660004,8728,34359738367,262504,16988,7168,9820,116,196531936,195564264,967672,284,172588,303152,4296,198168440,197393916,774524,84,21604,356852,4432
2025-07-30T15:15:22.632911,394700376,392960100,391675120,260,194196,660004,8728,34359738367,262504,16988,7168,9820,116,196531936,195564516,967420,208,172592,303152,4296,198168440,197395584,772856,52,21604,356852,4432
2025-07-30T15:15:23.634089,394700376,392961612,391676632,260,194196,660004,8728,34359738367,262504,16988,7168,9820,116,196531936,195565524,966412,208,172592,303152,4296,198168440,197396088,772352,52,21604,356852,4432
2025-07-30T15:15:24.636905,394700376,392962616,391677636,264,194196,660004,8728,34359738367,262504,16988,7168,9820,116,196531936,195566028,965908,208,172592,303152,4296,198168440,197396588,771852,56,21604,356852,4432
2025-07-30T15:15:25.638080,394700376,392956712,391671796,272,194204,660004,8828,34359738367,262520,16988,7168,9820,116,196531936,195559064,972872,212,172600,303152,4396,198168440,197397648,770792,60,21604,356852,4432
2025-07-30T15:15:26.639270,394700376,392960012,391675096,276,194204,660004,8776,34359738367,262520,16988,7168,9820,116,196531936,195561840,970096,216,172600,303152,4344,198168440,197398172,770268,60,21604,356852,4432
2025-07-30T15:15:27.640443,394700376,392962676,391677760,292,194204,660004,8732,34359738367,262520,16988,7168,9820,116,196531936,195564060,967876,232,172600,303152,4300,198168440,197398616,769824,60,21604,356852,4432
2025-07-30T15:15:28.644904,394700376,392964896,391679980,292,194204,660004,8732,34359738367,262520,16988,7168,9820,116,196531936,195565492,966444,232,172600,303152,4300,198168440,197399404,769036,60,21604,356852,4432
2025-07-30T15:15:29.646079,394700376,392967948,391683032,292,194204,660004,8732,34359738367,262520,16988,7168,9820,116,196531936,195568252,963684,232,172600,303152,4300,198168440,197399696,768744,60,21604,356852,4432
2025-07-30T15:15:30.647246,394700376,392969588,391684672,296,194204,660004,8732,34359738367,262520,16988,7168,9820,116,196531936,195569612,962324,232,172600,303152,4300,198168440,197399976,768464,64,21604,356852,4432
2025-07-30T15:15:31.648390,394700376,392970616,391685700,300,194204,660004,8732,34359738367,262520,16988,7168,9820,116,196531936,195569872,962064,236,172600,303152,4300,198168440,197400744,767696,64,21604,356852,4432
2025-07-30T15:15:32.652905,394700376,392971200,391686288,292,194232,660004,8732,34359738367,262520,16988,7168,9820,116,196531936,195570456,961480,240,172628,303152,4300,198168440,197400744,767696,52,21604,356852,4432
2025-07-30T15:15:33.654060,394700376,392971704,391686792,304,194236,660004,8732,34359738367,262520,16988,7168,9820,116,196531936,195570960,960976,248,172632,303152,4300,198168440,197400744,767696,56,21604,356852,4432
2025-07-30T15:15:34.655264,394700376,392972320,391687408,104,194236,660004,8732,34359738367,262520,16988,7168,9820,116,196531936,195570960,960976,68,172632,303152,4300,198168440,197401360,767080,36,21604,356852,4432
2025-07-30T15:15:35.656408,394700376,392970560,391685652,120,194904,660360,8696,34359738367,262536,16988,7168,9820,116,196531936,195569452,962484,72,173172,303228,4204,198168440,197401108,767332,48,21732,357132,4492
2025-07-30T15:15:36.660906,394700376,392970308,391685400,120,194576,660332,8856,34359738367,262536,16988,7168,9820,116,196531936,195569200,962736,72,172844,303200,4364,198168440,197401108,767332,48,21732,357132,4492
2025-07-30T15:15:37.662080,394700376,392970308,391685400,148,194296,660004,8732,34359738367,262536,16988,7168,9820,116,196531936,195569200,962736,96,172692,303152,4300,198168440,197401108,767332,52,21604,356852,4432
2025-07-30T15:15:38.663255,394700376,392970664,391685756,152,194296,660004,8732,34359738367,262536,16988,7168,9820,116,196531936,195569556,962380,100,172692,303152,4300,198168440,197401108,767332,52,21604,356852,4432
2025-07-30T15:15:39.664413,394700376,392970664,391685756,152,194296,660004,8732,34359738367,262536,16988,7168,9820,116,196531936,195569556,962380,100,172692,303152,4300,198168440,197401108,767332,52,21604,356852,4432
2025-07-30T15:15:40.668906,394700376,392970916,391686008,152,194296,660004,8732,34359738367,262536,16988,7168,9820,116,196531936,195569808,962128,100,172692,303152,4300,198168440,197401108,767332,52,21604,356852,4432
2025-07-30T15:15:41.670038,394700376,392971172,391686264,152,194296,660004,8732,34359738367,262536,16988,7168,9820,116,196531936,195570060,961876,100,172692,303152,4300,198168440,197401112,767328,52,21604,356852,4432
2025-07-30T15:15:42.671195,394700376,392971172,391686264,152,194296,660004,8732,34359738367,262536,16988,7168,9820,116,196531936,195570060,961876,100,172692,303152,4300,198168440,197401112,767328,52,21604,356852,4432
2025-07-30T15:15:43.672400,394700376,392971680,391686772,164,194296,660004,8732,34359738367,262536,16988,7168,9820,116,196531936,195570568,961368,108,172692,303152,4300,198168440,197401112,767328,56,21604,356852,4432
2025-07-30T15:15:44.676903,394700376,392971692,391686784,176,194296,660004,8732,34359738367,262536,16988,7168,9820,116,196531936,195570580,961356,112,172692,303152,4300,198168440,197401112,767328,64,21604,356852,4432
2025-07-30T15:15:45.678092,394700376,392965392,391680484,176,194292,660004,8720,34359738367,262536,16988,7168,9820,116,196531936,195570832,961104,112,172688,303152,4288,198168440,197394560,773880,64,21604,356852,4432
2025-07-30T15:15:46.679257,394700376,392965800,391680972,180,194292,660004,8724,34359738367,262504,16988,7168,9820,116,196531936,195571016,960920,116,172688,303152,4292,198168440,197394784,773656,64,21604,356852,4432
2025-07-30T15:15:47.680456,394700376,392965832,391681004,180,194292,660004,8724,34359738367,262504,16988,7168,9820,116,196531936,195571048,960888,116,172688,303152,4292,198168440,197394784,773656,64,21604,356852,4432
2025-07-30T15:15:48.684907,394700376,392967532,391682704,152,194292,660004,8724,34359738367,262504,16988,7168,9820,116,196531936,195571048,960888,88,172688,303152,4292,198168440,197396484,771956,64,21604,356852,4432
2025-07-30T15:15:49.686110,394700376,392968704,391683916,160,194292,660004,8724,34359738367,262504,16988,7168,9820,116,196531936,195571048,960888,92,172688,303152,4292,198168440,197397656,770784,68,21604,356852,4432
2025-07-30T15:15:50.687257,394700376,392970340,391685552,172,194292,660004,8724,34359738367,262504,16988,7168,9820,116,196531936,195571164,960772,96,172688,303152,4292,198168440,197399176,769264,76,21604,356852,4432
2025-07-30T15:15:51.688449,394700376,392971636,391686848,172,194292,660004,8724,34359738367,262504,16988,7168,9820,116,196531936,195571164,960772,96,172688,303152,4292,198168440,197400472,767968,76,21604,356852,4432
2025-07-30T15:15:52.692903,394700376,392972264,391687476,184,194292,660004,8724,34359738367,262504,16988,7168,9820,116,196531936,195571164,960772,108,172688,303152,4292,198168440,197401100,767340,76,21604,356852,4432
2025-07-30T15:15:53.694058,394700376,392972288,391687500,128,194292,660004,8724,34359738367,262504,16988,7168,9820,116,196531936,195571164,960772,80,172688,303152,4292,198168440,197401124,767316,48,21604,356852,4432
2025-07-30T15:15:54.695200,394700376,392972288,391687500,140,194292,660004,8724,34359738367,262504,16988,7168,9820,116,196531936,195571164,960772,92,172688,303152,4292,198168440,197401124,767316,48,21604,356852,4432
2025-07-30T15:15:55.696371,394700376,392972040,391687348,156,195812,660004,8736,34359738367,262536,16988,7168,9820,116,196531936,195571168,960768,96,174108,303152,4240,198168440,197400872,767568,60,21704,356852,4496
2025-07-30T15:15:56.700905,394700376,392972172,391687484,156,194304,660004,8736,34359738367,262488,16988,7168,9820,116,196531936,195571300,960636,96,172596,303152,4240,198168440,197400872,767568,60,21708,356852,4496
2025-07-30T15:15:57.702095,394700376,392972324,391687636,156,194304,660004,8736,34359738367,262488,16988,7168,9820,116,196531936,195571340,960596,96,172596,303152,4240,198168440,197400984,767456,60,21708,356852,4496
2025-07-30T15:15:58.703247,394700376,392972780,391688092,88,194304,660004,8736,34359738367,262488,16988,7168,9820,116,196531936,195571676,960260,36,172596,303152,4240,198168440,197401104,767336,52,21708,356852,4496
2025-07-30T15:15:59.704434,394700376,392972880,391688192,88,194304,660004,8736,34359738367,262488,16988,7168,9820,116,196531936,195571692,960244,36,172596,303152,4240,198168440,197401188,767252,52,21708,356852,4496
2025-07-30T15:16:00.708907,394700376,392972880,391688192,88,194304,660004,8736,34359738367,262488,16988,7168,9820,116,196531936,195571692,960244,36,172596,303152,4240,198168440,197401188,767252,52,21708,356852,4496
2025-07-30T15:16:01.710089,394700376,392972640,391687952,92,194304,660004,8736,34359738367,262488,16988,7168,9820,116,196531936,195571692,960244,36,172596,303152,4240,198168440,197400948,767492,56,21708,356852,4496
2025-07-30T15:16:02.711252,394700376,392972640,391687952,112,194304,660004,8736,34359738367,262488,16988,7168,9820,116,196531936,195571692,960244,52,172596,303152,4240,198168440,197400948,767492,60,21708,356852,4496
2025-07-30T15:16:03.712431,394700376,392972640,391687952,92,194304,660004,8736,34359738367,262488,16988,7168,9820,116,196531936,195571692,960244,52,172596,303152,4240,198168440,197400948,767492,40,21708,356852,4496
2025-07-30T15:16:04.716905,394700376,392972640,391687952,100,194336,660004,8740,34359738367,262488,16988,7168,9820,116,196531936,195571692,960244,52,172628,303152,4244,198168440,197400948,767492,48,21708,356852,4496
2025-07-30T15:16:05.718071,394700376,392964684,391680256,124,186288,119608,6516,34359738367,261304,16988,7168,9820,116,196531936,195565000,966936,60,172064,30776,3852,198168440,197399684,768756,64,14224,88832,2664
2025-07-30T15:16:06.718722,394700376,393350744,391864044,364,194228,260040,8760,34359738367,262520,16988,7168,9820,116,196531936,195682688,849248,280,180004,171248,6096,198168440,197668056,500384,84,14224,88796,2664
2025-07-30T15:16:07.719624,394700376,393044048,391680568,364,194232,506208,8760,34359738367,262520,16988,7168,9820,116,196531936,195375836,1156100,280,180008,417412,6096,198168440,197668212,500228,84,14224,88796,2664
2025-07-30T15:16:08.720407,394700376,392845324,391557600,340,194248,658360,8760,34359738367,262520,16988,7168,9820,116,196531936,195175508,1356428,276,180024,569564,6096,198168440,197669816,498624,64,14224,88796,2664
2025-07-30T15:16:09.724902,394700376,392847336,391560172,340,194288,659648,8760,34359738367,262520,16988,7168,9820,116,196531936,195175508,1356428,276,180064,570852,6096,198168440,197671828,496612,64,14224,88796,2664
2025-07-30T15:16:10.726142,394700376,392850612,391563568,340,194316,659768,8760,34359738367,262520,16988,7168,9820,116,196531936,195175760,1356176,276,180092,570972,6096,198168440,197674852,493588,64,14224,88796,2664
2025-07-30T15:16:11.727470,394700376,392857704,391570660,340,194324,659768,8760,34359738367,262520,16988,7168,9820,116,196531936,195181808,1350128,276,180100,570972,6096,198168440,197675896,492544,64,14224,88796,2664
2025-07-30T15:16:12.728779,394700376,392864032,391576988,340,194340,659768,8760,34359738367,262520,16988,7168,9820,116,196531936,195187860,1344076,276,180116,570972,6096,198168440,197676172,492268,64,14224,88796,2664
2025-07-30T15:16:13.732908,394700376,392868276,391581276,340,194344,659768,8760,34359738367,262520,16988,7168,9820,116,196531936,195191712,1340224,280,180120,570972,6096,198168440,197676564,491876,60,14224,88796,2664
2025-07-30T15:16:14.734258,394700376,392873780,391586780,340,194344,659768,8760,34359738367,262520,16988,7168,9820,116,196531936,195197144,1334792,280,180120,570972,6096,198168440,197676636,491804,60,14224,88796,2664
2025-07-30T15:16:15.735592,394700376,392881304,391594304,340,194344,659768,8760,34359738367,262520,16988,7168,9820,116,196531936,195204668,1327268,280,180120,570972,6096,198168440,197676636,491804,60,14224,88796,2664
2025-07-30T15:16:16.740904,394700376,392827068,391540248,348,194136,659896,9000,34359738367,262488,16988,7168,9820,116,196531936,195145608,1386328,288,179912,571100,6336,198168440,197681460,486980,60,14224,88796,2664
2025-07-30T15:16:17.742270,394700376,392832772,391546024,348,194356,659768,8764,34359738367,262488,16988,7168,9820,116,196531936,195151264,1380672,288,180132,570972,6100,198168440,197681508,486932,60,14224,88796,2664
2025-07-30T15:16:18.743568,394700376,392840280,391553532,360,194356,659768,8764,34359738367,262488,16988,7168,9820,116,196531936,195158772,1373164,292,180132,570972,6100,198168440,197681508,486932,68,14224,88796,2664
2025-07-30T15:16:19.744924,394700376,392845724,391558976,360,194356,659768,8764,34359738367,262488,16988,7168,9820,116,196531936,195163964,1367972,292,180132,570972,6100,198168440,197681760,486680,68,14224,88796,2664
2025-07-30T15:16:20.748914,394700376,392856148,391569400,360,194356,659768,8764,34359738367,262488,16988,7168,9820,116,196531936,195174388,1357548,292,180132,570972,6100,198168440,197681760,486680,68,14224,88796,2664
2025-07-30T15:16:21.750257,394700376,392858036,391571348,376,194356,659768,8764,34359738367,262488,16988,7168,9820,116,196531936,195176276,1355660,304,180132,570972,6100,198168440,197681760,486680,72,14224,88796,2664
2025-07-30T15:16:22.751751,394700376,392860832,391574144,376,194364,659768,8764,34359738367,262488,16988,7168,9820,116,196531936,195178820,1353116,304,180140,570972,6100,198168440,197682012,486428,72,14224,88796,2664
2025-07-30T15:16:23.756911,394700376,392865800,391579112,376,194364,659768,8764,34359738367,262488,16988,7168,9820,116,196531936,195183788,1348148,304,180140,570972,6100,198168440,197682012,486428,72,14224,88796,2664
2025-07-30T15:16:24.758237,394700376,392870128,391583440,380,194364,659768,8764,34359738367,262488,16988,7168,9820,116,196531936,195188116,1343820,308,180140,570972,6100,198168440,197682012,486428,72,14224,88796,2664
2025-07-30T15:16:25.759561,394700376,392872144,391585456,380,194364,659768,8764,34359738367,262488,16988,7168,9820,116,196531936,195189880,1342056,308,180140,570972,6100,198168440,197682264,486176,72,14224,88796,2664
2025-07-30T15:16:26.764912,394700376,392842492,391555812,384,194264,660008,8944,34359738367,262488,16988,7168,9820,116,196531936,195152364,1379572,308,180040,571212,6280,198168440,197690128,478312,76,14224,88796,2664
2025-07-30T15:16:27.766236,394700376,392846048,391559488,396,194368,659768,8752,34359738367,262488,16988,7168,9820,116,196531936,195155712,1376224,312,180144,570972,6088,198168440,197690336,478104,84,14224,88796,2664
2025-07-30T15:16:28.767554,394700376,392850480,391563920,396,194368,659768,8752,34359738367,262488,16988,7168,9820,116,196531936,195159892,1372044,312,180144,570972,6088,198168440,197690588,477852,84,14224,88796,2664
2025-07-30T15:16:29.768897,394700376,392855912,391569356,332,194368,659768,8752,34359738367,262488,16988,7168,9820,116,196531936,195165324,1366612,284,180144,570972,6088,198168440,197690588,477852,48,14224,88796,2664
2025-07-30T15:16:30.772911,394700376,392863460,391576904,348,194368,659768,8752,34359738367,262488,16988,7168,9820,116,196531936,195172872,1359064,288,180144,570972,6088,198168440,197690588,477852,60,14224,88796,2664
2025-07-30T15:16:31.774237,394700376,392869320,391582764,348,194368,659768,8752,34359738367,262488,16988,7168,9820,116,196531936,195178480,1353456,288,180144,570972,6088,198168440,197690840,477600,60,14224,88796,2664
2025-07-30T15:16:32.775587,394700376,392876236,391589704,216,194368,659768,8752,34359738367,262488,16988,7168,9820,116,196531936,195185396,1346540,164,180144,570972,6088,198168440,197690840,477600,52,14224,88796,2664
2025-07-30T15:16:33.780910,394700376,392880144,391593612,216,194368,659768,8752,34359738367,262488,16988,7168,9820,116,196531936,195189304,1342632,164,180144,570972,6088,198168440,197690840,477600,52,14224,88796,2664
2025-07-30T15:16:34.782212,394700376,392882636,391596104,212,194368,659768,8752,34359738367,262488,16988,7168,9820,116,196531936,195191544,1340392,164,180144,570972,6088,198168440,197691092,477348,48,14224,88796,2664
2025-07-30T15:16:35.783497,394700376,392885816,391599284,216,194368,659768,8752,34359738367,262488,16988,7168,9820,116,196531936,195194724,1337212,168,180144,570972,6088,198168440,197691092,477348,48,14224,88796,2664
2025-07-30T15:16:36.784815,394700376,392841976,391555628,220,194208,659768,8512,34359738367,262488,16988,7168,9820,116,196531936,195148940,1382996,172,179984,570972,5848,198168440,197693036,475404,48,14224,88796,2664
2025-07-30T15:16:37.788908,394700376,392843744,391557488,168,194464,659768,8772,34359738367,262488,16988,7168,9820,116,196531936,195150456,1381480,124,180240,570972,6108,198168440,197693288,475152,44,14224,88796,2664
2025-07-30T15:16:38.790238,394700376,392849856,391563600,200,194464,659768,8772,34359738367,262488,16988,7168,9820,116,196531936,195156568,1375368,152,180240,570972,6108,198168440,197693288,475152,48,14224,88796,2664
2025-07-30T15:16:39.791601,394700376,392857556,391571308,64,194468,659768,8772,34359738367,262488,16988,7168,9820,116,196531936,195164264,1367672,40,180244,570972,6108,198168440,197693292,475148,24,14224,88796,2664
2025-07-30T15:16:40.796901,394700376,392864924,391578676,68,194468,659768,8772,34359738367,262488,16988,7168,9820,116,196531936,195171380,1360556,40,180244,570972,6108,198168440,197693544,474896,28,14224,88796,2664
2025-07-30T15:16:41.798220,394700376,392870876,391584628,72,194468,659768,8772,34359738367,262488,16988,7168,9820,116,196531936,195177332,1354604,44,180244,570972,6108,198168440,197693544,474896,28,14224,88796,2664
2025-07-30T15:16:42.799561,394700376,392876188,391589940,80,194468,659768,8772,34359738367,262488,16988,7168,9820,116,196531936,195182896,1349040,44,180244,570972,6108,198168440,197693292,475148,36,14224,88796,2664
2025-07-30T15:16:43.800901,394700376,392879544,391593296,116,194468,659768,8772,34359738367,262488,16988,7168,9820,116,196531936,195186000,1345936,80,180244,570972,6108,198168440,197693544,474896,36,14224,88796,2664
2025-07-30T15:16:44.802199,394700376,392881700,391595452,116,194468,659768,8772,34359738367,262488,16988,7168,9820,116,196531936,195188156,1343780,80,180244,570972,6108,198168440,197693544,474896,36,14224,88796,2664
2025-07-30T15:16:45.804909,394700376,392884520,391598272,120,194468,659768,8772,34359738367,262488,16988,7168,9820,116,196531936,195190976,1340960,80,180244,570972,6108,198168440,197693544,474896,40,14224,88796,2664
2025-07-30T15:16:46.806212,394700376,392822544,391536424,120,194400,659768,8652,34359738367,262552,16988,7168,9820,116,196531936,195128748,1403188,80,180176,570972,5988,198168440,197693796,474644,40,14224,88796,2664
2025-07-30T15:16:47.807554,394700376,392823064,391536952,128,194508,659752,8828,34359738367,262552,16988,7168,9820,116,196531936,195129508,1402428,88,180284,570956,6164,198168440,197693556,474884,40,14224,88796,2664
2025-07-30T15:16:48.808893,394700376,392826988,391540876,144,194468,659768,8768,34359738367,262552,16988,7168,9820,116,196531936,195133432,1398504,104,180244,570972,6104,198168440,197693556,474884,40,14224,88796,2664
2025-07-30T15:16:49.812903,394700376,392832500,391546388,144,194468,659768,8768,34359738367,262552,16988,7168,9820,116,196531936,195138692,1393244,104,180244,570972,6104,198168440,197693808,474632,40,14224,88796,2664
2025-07-30T15:16:50.814181,394700376,392841100,391554988,144,194468,659768,8768,34359738367,262552,16988,7168,9820,116,196531936,195147292,1384644,104,180244,570972,6104,198168440,197693808,474632,40,14224,88796,2664
2025-07-30T15:16:51.815519,394700376,392849420,391563308,152,194468,659768,8768,34359738367,262552,16988,7168,9820,116,196531936,195155612,1376324,112,180244,570972,6104,198168440,197693808,474632,40,14224,88796,2664
2025-07-30T15:16:52.821773,394700376,392855852,391569740,156,194468,659768,8768,34359738367,262552,16988,7168,9820,116,196531936,195161792,1370144,116,180244,570972,6104,198168440,197694060,474380,40,14224,88796,2664
2025-07-30T15:16:53.823248,394700376,392862344,391576232,160,194468,659768,8768,34359738367,262552,16988,7168,9820,116,196531936,195168284,1363652,120,180244,570972,6104,198168440,197694060,474380,40,14224,88796,2664
2025-07-30T15:16:54.824565,394700376,392865432,391579320,168,194468,659768,8768,34359738367,262552,16988,7168,9820,116,196531936,195171372,1360564,120,180244,570972,6104,198168440,197694060,474380,48,14224,88796,2664
2025-07-30T15:16:55.827092,394700376,392868432,391582320,168,194468,659768,8768,34359738367,262552,16988,7168,9820,116,196531936,195174120,1357816,120,180244,570972,6104,198168440,197694312,474128,48,14224,88796,2664
2025-07-30T15:16:56.828386,394700376,392858684,391572584,168,194536,659768,8764,34359738367,262600,16988,7168,9820,116,196531936,195164648,1367288,120,180136,570940,5980,198168440,197694312,474128,48,14224,88796,2664
2025-07-30T15:16:57.832908,394700376,392861376,391575324,172,194468,659768,8764,34359738367,262600,16988,7168,9820,116,196531936,195167064,1364872,124,180244,570972,6100,198168440,197694312,474128,48,14224,88796,2664
2025-07-30T15:16:58.834243,394700376,392862888,391576836,172,194468,659768,8764,34359738367,262600,16988,7168,9820,116,196531936,195168324,1363612,124,180244,570972,6100,198168440,197694564,473876,48,14224,88796,2664
2025-07-30T15:16:59.835576,394700376,392864640,391578588,188,194468,659768,8764,34359738367,262600,16988,7168,9820,116,196531936,195170076,1361860,136,180244,570972,6100,198168440,197694564,473876,52,14224,88796,2664
2025-07-30T15:17:00.836901,394700376,392868672,391582620,188,194468,659768,8764,34359738367,262600,16988,7168,9820,116,196531936,195174108,1357828,136,180244,570972,6100,198168440,197694564,473876,52,14224,88796,2664
2025-07-30T15:17:01.840905,394700376,392871332,391585280,188,194468,659768,8764,34359738367,262600,16988,7168,9820,116,196531936,195176516,1355420,136,180244,570972,6100,198168440,197694816,473624,52,14224,88796,2664
2025-07-30T15:17:02.842237,394700376,392873468,391588016,396,194468,659768,8764,34359738367,262584,16988,7168,9820,116,196531936,195178652,1353284,324,180244,570972,6100,198168440,197694816,473624,72,14224,88796,2664
2025-07-30T15:17:03.843570,394700376,392877320,391591868,396,194468,659768,8764,34359738367,262584,16988,7168,9820,116,196531936,195182504,1349432,324,180244,570972,6100,198168440,197694816,473624,72,14224,88796,2664
2025-07-30T15:17:04.844916,394700376,392878832,391593384,396,194468,659768,8764,34359738367,262584,16988,7168,9820,116,196531936,195183764,1348172,340,180244,570972,6100,198168440,197695068,473372,56,14224,88796,2664
2025-07-30T15:17:05.848914,394700376,392880344,391594896,408,194472,659768,8764,34359738367,262584,16988,7168,9820,116,196531936,195185276,1346660,340,180244,570972,6100,198168440,197695068,473372,68,14228,88796,2664
2025-07-30T15:17:06.850233,394700376,392873036,391587588,416,194316,659764,9036,34359738367,262632,16988,7168,9820,116,196531936,195177968,1353968,348,180088,570968,6372,198168440,197695068,473372,68,14228,88796,2664
2025-07-30T15:17:07.851595,394700376,392874300,391588944,420,194480,659768,8768,34359738367,262632,16988,7168,9820,116,196531936,195178980,1352956,352,180252,570972,6104,198168440,197695320,473120,68,14228,88796,2664
2025-07-30T15:17:08.854864,394700376,392875056,391589700,344,194512,659768,8768,34359738367,262632,16988,7168,9820,116,196531936,195179736,1352200,284,180284,570972,6104,198168440,197695320,473120,60,14228,88796,2664
2025-07-30T15:17:09.856201,394700376,392878804,391593448,364,194512,659768,8768,34359738367,262632,16988,7168,9820,116,196531936,195183484,1348452,304,180284,570972,6104,198168440,197695320,473120,60,14228,88796,2664
2025-07-30T15:17:10.857598,394700376,392881180,391595832,320,194512,659768,8768,34359738367,262632,16988,7168,9820,116,196531936,195185608,1346328,272,180284,570972,6104,198168440,197695572,472868,48,14228,88796,2664
2025-07-30T15:17:11.860902,394700376,392882188,391596840,320,194512,659768,8768,34359738367,262632,16988,7168,9820,116,196531936,195186616,1345320,272,180284,570972,6104,198168440,197695572,472868,48,14228,88796,2664
2025-07-30T15:17:12.862214,394700376,392887180,391601832,320,194512,659768,8768,34359738367,262632,16988,7168,9820,116,196531936,195191608,1340328,272,180284,570972,6104,198168440,197695572,472868,48,14228,88796,2664
2025-07-30T15:17:13.864903,394700376,392889760,391604412,320,194512,659768,8768,34359738367,262632,16988,7168,9820,116,196531936,195193932,1338004,272,180284,570972,6104,198168440,197695828,472612,48,14228,88796,2664
2025-07-30T15:17:14.866234,394700376,392890672,391605324,344,194512,659768,8768,34359738367,262632,16988,7168,9820,116,196531936,195194844,1337092,296,180284,570972,6104,198168440,197695828,472612,48,14228,88796,2664
2025-07-30T15:17:15.868908,394700376,392893948,391608600,336,194512,659768,8768,34359738367,262632,16988,7168,9820,116,196531936,195198120,1333816,296,180284,570972,6104,198168440,197695828,472612,40,14228,88796,2664
2025-07-30T15:17:16.870258,394700376,392877316,391591968,340,193896,659768,8700,34359738367,262632,16988,7168,9820,116,196531936,195181236,1350700,300,179668,570972,6036,198168440,197696080,472360,40,14228,88796,2664
2025-07-30T15:17:17.872909,394700376,392876860,391591584,352,194504,659768,8768,34359738367,262584,16988,7168,9820,116,196531936,195181020,1350916,304,180276,570972,6104,198168440,197695840,472600,48,14228,88796,2664
2025-07-30T15:17:18.874284,394700376,392879632,391594356,356,194504,659768,8768,34359738367,262584,16988,7168,9820,116,196531936,195183792,1348144,304,180276,570972,6104,198168440,197695840,472600,52,14228,88796,2664
2025-07-30T15:17:19.876905,394700376,392881900,391596624,360,194504,659768,8768,34359738367,262584,16988,7168,9820,116,196531936,195185808,1346128,308,180276,570972,6104,198168440,197696092,472348,52,14228,88796,2664
2025-07-30T15:17:20.878222,394700376,392886352,391601076,344,194504,659768,8768,34359738367,262584,16988,7168,9820,116,196531936,195190260,1341676,292,180276,570972,6104,198168440,197696092,472348,52,14228,88796,2664
2025-07-30T15:17:21.880490,394700376,392890604,391605328,360,194504,659768,8768,34359738367,262584,16988,7168,9820,116,196531936,195194512,1337424,308,180276,570972,6104,198168440,197696092,472348,52,14228,88796,2664
2025-07-30T15:17:22.883036,394700376,392894104,391608828,368,194504,659768,8768,34359738367,262584,16988,7168,9820,116,196531936,195197760,1334176,316,180276,570972,6104,198168440,197696344,472096,52,14228,88796,2664
2025-07-30T15:17:23.884438,394700376,392897640,391612364,372,194504,659768,8768,34359738367,262584,16988,7168,9820,116,196531936,195201296,1330640,316,180276,570972,6104,198168440,197696344,472096,56,14228,88796,2664
2025-07-30T15:17:24.893022,394700376,392901992,391616716,372,194504,659768,8768,34359738367,262584,16988,7168,9820,116,196531936,195205648,1326288,316,180276,570972,6104,198168440,197696344,472096,56,14228,88796,2664
2025-07-30T15:17:25.894366,394700376,392904668,391619436,336,194504,659768,8768,34359738367,262584,16988,7168,9820,116,196531936,195208072,1323864,280,180276,570972,6104,198168440,197696596,471844,56,14228,88796,2664
2025-07-30T15:17:26.895732,394700376,392899196,391613964,336,196016,659768,8768,34359738367,262616,16988,7168,9820,116,196531936,195202600,1329336,280,181788,570972,6104,198168440,197696596,471844,56,14228,88796,2664
2025-07-30T15:17:27.897080,394700376,392901468,391616272,348,194504,659768,8764,34359738367,262552,16988,7168,9820,116,196531936,195204872,1327064,292,180276,570972,6100,198168440,197696596,471844,56,14228,88796,2664
2025-07-30T15:17:28.898434,394700376,392902384,391617188,348,194504,659768,8764,34359738367,262552,16988,7168,9820,116,196531936,195205628,1326308,292,180276,570972,6100,198168440,197696756,471684,56,14228,88796,2664
2025-07-30T15:17:29.900913,394700376,392904400,391619204,356,194504,659768,8764,34359738367,262552,16988,7168,9820,116,196531936,195207644,1324292,292,180276,570972,6100,198168440,197696756,471684,64,14228,88796,2664
2025-07-30T15:17:30.904897,394700376,392908936,391623740,356,194504,659768,8764,34359738367,262552,16988,7168,9820,116,196531936,195212180,1319756,292,180276,570972,6100,198168440,197696756,471684,64,14228,88796,2664
2025-07-30T15:17:31.906209,394700376,392910828,391625632,356,194504,659768,8764,34359738367,262552,16988,7168,9820,116,196531936,195214072,1317864,292,180276,570972,6100,198168440,197696756,471684,64,14228,88796,2664
2025-07-30T15:17:32.907538,394700376,392913604,391628408,368,194504,659768,8764,34359738367,262552,16988,7168,9820,116,196531936,195216848,1315088,304,180276,570972,6100,198168440,197696756,471684,64,14228,88796,2664
2025-07-30T15:17:33.908882,394700376,392917840,391632644,164,194504,659768,8764,34359738367,262552,16988,7168,9820,116,196531936,195221084,1310852,120,180276,570972,6100,198168440,197696756,471684,44,14228,88796,2664
2025-07-30T15:17:34.912905,394700376,392918596,391633400,164,194504,659768,8764,34359738367,262552,16988,7168,9820,116,196531936,195221840,1310096,120,180276,570972,6100,198168440,197696756,471684,44,14228,88796,2664
2025-07-30T15:17:35.914231,394700376,392920496,391635308,136,194504,659768,8764,34359738367,262552,16988,7168,9820,116,196531936,195223740,1308196,120,180276,570972,6100,198168440,197696756,471684,16,14228,88796,2664
2025-07-30T15:17:36.915576,394700376,392907900,391622776,152,194664,659740,8896,34359738367,262552,16988,7168,9820,116,196531936,195211144,1320792,136,180436,570944,6232,198168440,197696756,471684,16,14228,88796,2664
2025-07-30T15:17:37.920904,394700376,392907392,391622268,156,194488,660108,9132,34359738367,262584,16988,7168,9820,116,196531936,195210636,1321300,136,180260,571312,6468,198168440,197696756,471684,20,14228,88796,2664
2025-07-30T15:17:38.922219,394700376,392909156,391624032,156,194508,659768,8764,34359738367,262584,16988,7168,9820,116,196531936,195212400,1319536,136,180280,570972,6100,198168440,197696756,471684,20,14228,88796,2664
2025-07-30T15:17:39.923534,394700376,392913188,391628088,140,194508,659768,8764,34359738367,262584,16988,7168,9820,116,196531936,195216432,1315504,120,180280,570972,6100,198168440,197696756,471684,20,14228,88796,2664
2025-07-30T15:17:40.924894,394700376,392916388,391631304,72,194540,659768,8764,34359738367,262584,16988,7168,9820,116,196531936,195219632,1312304,52,180312,570972,6100,198168440,197696756,471684,20,14228,88796,2664
2025-07-30T15:17:41.928912,394700376,392920388,391635304,96,194540,659768,8764,34359738367,262584,16988,7168,9820,116,196531936,195223632,1308304,64,180312,570972,6100,198168440,197696756,471684,32,14228,88796,2664
2025-07-30T15:17:42.930291,394700376,392925148,391640064,100,194540,659768,8764,34359738367,262584,16988,7168,9820,116,196531936,195228392,1303544,64,180312,570972,6100,198168440,197696756,471684,36,14228,88796,2664
2025-07-30T15:17:43.931587,394700376,392927676,391642592,112,194540,659768,8764,34359738367,262584,16988,7168,9820,116,196531936,195230920,1301016,68,180312,570972,6100,198168440,197696756,471684,44,14228,88796,2664
2025-07-30T15:17:44.932917,394700376,392931272,391646188,112,194540,659768,8764,34359738367,262584,16988,7168,9820,116,196531936,195234516,1297420,68,180312,570972,6100,198168440,197696756,471684,44,14228,88796,2664
2025-07-30T15:17:45.934273,394700376,392935212,391650132,104,194540,659768,8764,34359738367,262584,16988,7168,9820,116,196531936,195238456,1293480,80,180312,570972,6100,198168440,197696756,471684,24,14228,88796,2664
2025-07-30T15:17:46.936908,394700376,392907320,391622268,108,194604,659768,9324,34359738367,262568,16988,7168,9820,116,196531936,195210564,1321372,80,180376,570972,6660,198168440,197696756,471684,28,14228,88796,2664
2025-07-30T15:17:47.938225,394700376,392910080,391625040,112,194528,659980,8900,34359738367,262536,16988,7168,9820,116,196531936,195213324,1318612,84,180300,571184,6236,198168440,197696756,471684,28,14228,88796,2664
2025-07-30T15:17:48.940915,394700376,392911844,391626804,112,194540,659768,8772,34359738367,262536,16988,7168,9820,116,196531936,195215088,1316848,84,180312,570972,6108,198168440,197696756,471684,28,14228,88796,2664
2025-07-30T15:17:49.942259,394700376,392915120,391630080,112,194540,659768,8772,34359738367,262536,16988,7168,9820,116,196531936,195218364,1313572,84,180312,570972,6108,198168440,197696756,471684,28,14228,88796,2664
2025-07-30T15:17:50.949058,394700376,392920744,391635704,128,194540,659768,8772,34359738367,262536,16988,7168,9820,116,196531936,195223988,1307948,100,180312,570972,6108,198168440,197696756,471684,28,14228,88796,2664
2025-07-30T15:17:51.950371,394700376,392925932,391640892,140,194540,659768,8772,34359738367,262536,16988,7168,9820,116,196531936,195229176,1302760,112,180312,570972,6108,198168440,197696756,471684,28,14228,88796,2664
2025-07-30T15:17:52.951694,394700376,392931700,391646660,148,194540,659768,8772,34359738367,262536,16988,7168,9820,116,196531936,195234944,1296992,112,180312,570972,6108,198168440,197696756,471684,36,14228,88796,2664
2025-07-30T15:17:53.953054,394700376,392935088,391650048,148,194540,659768,8772,34359738367,262536,16988,7168,9820,116,196531936,195238332,1293604,112,180312,570972,6108,198168440,197696756,471684,36,14228,88796,2664
2025-07-30T15:17:54.956907,394700376,392939352,391654312,156,194540,659768,8772,34359738367,262536,16988,7168,9820,116,196531936,195242596,1289340,120,180312,570972,6108,198168440,197696756,471684,36,14228,88796,2664
2025-07-30T15:17:55.958519,394700376,392942284,391657244,160,194540,659768,8772,34359738367,262536,16988,7168,9820,116,196531936,195245528,1286408,120,180312,570972,6108,198168440,197696756,471684,40,14228,88796,2664
2025-07-30T15:17:56.960905,394700376,392942964,391657928,164,194440,659768,8772,34359738367,262520,16988,7168,9820,116,196531936,195246208,1285728,124,180212,570972,6108,198168440,197696756,471684,40,14228,88796,2664
2025-07-30T15:17:57.963370,394700376,392942932,391657956,164,194536,659768,8768,34359738367,262536,16988,7168,9820,116,196531936,195244336,1287600,124,180308,570972,6104,198168440,197698596,469844,40,14228,88796,2664
2025-07-30T15:17:58.964719,394700376,392944444,391659468,164,194536,659768,8768,34359738367,262536,16988,7168,9820,116,196531936,195245848,1286088,124,180308,570972,6104,198168440,197698596,469844,40,14228,88796,2664
2025-07-30T15:17:59.968909,394700376,392947232,391662256,164,194536,659768,8768,34359738367,262536,16988,7168,9820,116,196531936,195248636,1283300,124,180308,570972,6104,198168440,197698596,469844,40,14228,88796,2664
2025-07-30T15:18:00.970547,394700376,392949752,391664776,164,194536,659768,8768,34359738367,262536,16988,7168,9820,116,196531936,195251156,1280780,124,180308,570972,6104,198168440,197698596,469844,40,14228,88796,2664
2025-07-30T15:18:01.971894,394700376,392951520,391666548,156,194536,659768,8768,34359738367,262536,16988,7168,9820,116,196531936,195252924,1279012,112,180308,570972,6104,198168440,197698596,469844,44,14228,88796,2664
2025-07-30T15:18:02.976918,394700376,392954284,391669312,160,194536,659768,8768,34359738367,262536,16988,7168,9820,116,196531936,195255688,1276248,116,180308,570972,6104,198168440,197698596,469844,44,14228,88796,2664
2025-07-30T15:18:03.978244,394700376,392956688,391671716,160,194536,659768,8768,34359738367,262536,16988,7168,9820,116,196531936,195258092,1273844,116,180308,570972,6104,198168440,197698596,469844,44,14228,88796,2664
2025-07-30T15:18:04.979554,394700376,392958200,391673228,168,194536,659768,8768,34359738367,262536,16988,7168,9820,116,196531936,195259604,1272332,116,180308,570972,6104,198168440,197698596,469844,52,14228,88796,2664
2025-07-30T15:18:05.984909,394700376,392960972,391676000,176,194536,659768,8768,34359738367,262536,16988,7168,9820,116,196531936,195262376,1269560,124,180308,570972,6104,198168440,197698596,469844,52,14228,88796,2664
2025-07-30T15:18:06.986214,394700376,392935296,391650612,164,186488,119612,6520,34359738367,261272,16988,7168,9820,116,196531936,195236668,1295268,140,172256,30816,3856,198168440,197698628,469812,24,14232,88796,2664
2025-07-30T15:18:07.986888,394700376,393380092,391877832,376,194388,229252,8724,34359738367,262520,16988,7168,9820,116,196531936,195745452,786484,288,175496,85200,4856,198168440,197634640,533800,88,18892,144068,3868
2025-07-30T15:18:08.987614,394700376,393101108,391726940,376,194392,486436,8724,34359738367,262520,16988,7168,9820,116,196531936,195621952,909984,288,175496,213780,4856,198168440,197479156,689284,88,18896,272664,3868
2025-07-30T15:18:09.988290,394700376,392890184,391602196,380,194404,658552,8724,34359738367,262520,16988,7168,9820,116,196531936,195525436,1006500,292,175508,299828,4856,198168440,197364748,803692,88,18896,358724,3868
2025-07-30T15:18:10.992894,394700376,392890688,391603248,232,194456,659636,8724,34359738367,262520,16988,7168,9820,116,196531936,195525940,1005996,164,175556,300384,4856,198168440,197364748,803692,68,18900,359252,3868
2025-07-30T15:18:11.993996,394700376,392895624,391608544,200,194500,659920,8724,34359738367,262520,16988,7168,9820,116,196531936,195530372,1001564,132,175600,300528,4856,198168440,197365252,803188,68,18900,359392,3868
2025-07-30T15:18:12.995188,394700376,392908444,391621364,268,194512,659920,8724,34359738367,262520,16988,7168,9820,116,196531936,195538068,993868,188,175612,300528,4856,198168440,197370376,798064,80,18900,359392,3868
2025-07-30T15:18:13.996351,394700376,392920376,391633296,276,194512,659920,8724,34359738367,262520,16988,7168,9820,116,196531936,195548256,983680,192,175612,300528,4856,198168440,197372120,796320,84,18900,359392,3868
2025-07-30T15:18:15.000899,394700376,392925704,391638624,276,194516,659920,8724,34359738367,262520,16988,7168,9820,116,196531936,195552012,979924,192,175616,300528,4856,198168440,197373692,794748,84,18900,359392,3868
2025-07-30T15:18:16.002083,394700376,392932880,391645860,284,194516,659920,8724,34359738367,262520,16988,7168,9820,116,196531936,195556164,975772,200,175616,300528,4856,198168440,197376716,791724,84,18900,359392,3868
2025-07-30T15:18:17.003274,394700376,392940688,391653680,240,194516,659920,8724,34359738367,262520,16988,7168,9820,116,196531936,195561200,970736,168,175616,300528,4856,198168440,197379488,788952,72,18900,359392,3868
2025-07-30T15:18:18.004468,394700376,392854768,391568044,268,194512,659920,8764,34359738367,262504,16988,7168,9820,116,196531936,195512064,1019872,192,175620,300528,4880,198168440,197342704,825736,76,18892,359392,3884
2025-07-30T15:18:19.008901,394700376,392860256,391573728,268,194524,659920,8720,34359738367,262504,16988,7168,9820,116,196531936,195515784,1016152,192,175628,300528,4860,198168440,197344472,823968,76,18896,359392,3860
2025-07-30T15:18:20.010103,394700376,392866256,391579728,276,194524,659920,8720,34359738367,262504,16988,7168,9820,116,196531936,195519308,1012628,192,175628,300528,4860,198168440,197346948,821492,84,18896,359392,3860
2025-07-30T15:18:21.011301,394700376,392873976,391587448,276,194524,659920,8720,34359738367,262504,16988,7168,9820,116,196531936,195524264,1007672,192,175628,300528,4860,198168440,197349712,818728,84,18896,359392,3860
2025-07-30T15:18:22.012507,394700376,392888064,391601536,276,194524,659920,8720,34359738367,262504,16988,7168,9820,116,196531936,195532680,999256,192,175628,300528,4860,198168440,197355384,813056,84,18896,359392,3860
2025-07-30T15:18:23.016910,394700376,392898300,391611772,280,194524,659920,8720,34359738367,262504,16988,7168,9820,116,196531936,195537748,994188,196,175628,300528,4860,198168440,197360552,807888,84,18896,359392,3860
2025-07-30T15:18:24.018215,394700376,392904160,391617632,288,194528,659920,8720,34359738367,262504,16988,7168,9820,116,196531936,195542280,989656,200,175628,300528,4860,198168440,197361880,806560,88,18900,359392,3860
2025-07-30T15:18:25.019382,394700376,392909576,391623048,288,194528,659920,8720,34359738367,262504,16988,7168,9820,116,196531936,195545404,986532,200,175628,300528,4860,198168440,197364172,804268,88,18900,359392,3860
2025-07-30T15:18:26.020607,394700376,392913748,391627280,292,194528,659920,8720,34359738367,262504,16988,7168,9820,116,196531936,195546728,985208,204,175628,300528,4860,198168440,197367020,801420,88,18900,359392,3860
2025-07-30T15:18:27.024908,394700376,392916520,391630052,304,194528,659920,8720,34359738367,262504,16988,7168,9820,116,196531936,195548744,983192,216,175628,300528,4860,198168440,197367776,800664,88,18900,359392,3860
2025-07-30T15:18:28.026109,394700376,392880808,391594396,308,194052,659748,8620,34359738367,262456,16988,7168,9820,116,196531936,195526832,1005104,220,175376,300416,4804,198168440,197353976,814464,88,18676,359332,3816
2025-07-30T15:18:29.027314,394700376,392883332,391596972,316,194532,659920,8724,34359738367,262456,16988,7168,9820,116,196531936,195527840,1004096,220,175628,300528,4860,198168440,197355492,812948,96,18904,359392,3864
2025-07-30T15:18:30.028545,394700376,392886608,391600248,316,194532,659920,8724,34359738367,262456,16988,7168,9820,116,196531936,195530360,1001576,220,175628,300528,4860,198168440,197356248,812192,96,18904,359392,3864
2025-07-30T15:18:31.032906,394700376,392893332,391606972,316,194532,659920,8724,34359738367,262456,16988,7168,9820,116,196531936,195534564,997372,220,175628,300528,4860,198168440,197358768,809672,96,18904,359392,3864
2025-07-30T15:18:32.034105,394700376,392901524,391615164,320,194532,659920,8724,34359738367,262456,16988,7168,9820,116,196531936,195539660,992276,220,175628,300528,4860,198168440,197361864,806576,100,18904,359392,3864
2025-07-30T15:18:33.035267,394700376,392908772,391622412,320,194532,659920,8724,34359738367,262456,16988,7168,9820,116,196531936,195543260,988676,220,175628,300528,4860,198168440,197365512,802928,100,18904,359392,3864
2025-07-30T15:18:34.036467,394700376,392915480,391629120,324,194532,659920,8724,34359738367,262456,16988,7168,9820,116,196531936,195546568,985368,220,175628,300528,4860,198168440,197368912,799528,104,18904,359392,3864
2025-07-30T15:18:35.040904,394700376,392920532,391634172,324,194532,659920,8724,34359738367,262456,16988,7168,9820,116,196531936,195549840,982096,220,175628,300528,4860,198168440,197370692,797748,104,18904,359392,3864
2025-07-30T15:18:36.042083,394700376,392923448,391637088,324,194532,659920,8724,34359738367,262456,16988,7168,9820,116,196531936,195552000,979936,220,175628,300528,4860,198168440,197371448,796992,104,18904,359392,3864
2025-07-30T15:18:37.043243,394700376,392928476,391642116,328,194532,659920,8724,34359738367,262456,16988,7168,9820,116,196531936,195554760,977176,224,175628,300528,4860,198168440,197373716,794724,104,18904,359392,3864
2025-07-30T15:18:38.044419,394700376,392854616,391568332,312,193960,660068,9000,34359738367,262424,16988,7168,9820,116,196531936,195516428,1015508,224,175380,300604,4996,198168440,197338188,830252,88,18580,359464,4004
2025-07-30T15:18:39.048903,394700376,392855300,391569204,276,194532,659920,8724,34359738367,262424,16988,7168,9820,116,196531936,195516676,1015260,184,175628,300528,4868,198168440,197338624,829816,92,18904,359392,3856
2025-07-30T15:18:40.050099,394700376,392859740,391573644,276,194532,659920,8724,34359738367,262424,16988,7168,9820,116,196531936,195519856,1012080,184,175628,300528,4868,198168440,197339884,828556,92,18904,359392,3856
2025-07-30T15:18:41.051325,394700376,392866124,391580028,288,194532,659920,8724,34359738367,262424,16988,7168,9820,116,196531936,195524224,1007712,184,175628,300528,4868,198168440,197341900,826540,104,18904,359392,3856
2025-07-30T15:18:42.052515,394700376,392879508,391593412,288,194532,659920,8724,34359738367,262424,16988,7168,9820,116,196531936,195531016,1000920,184,175628,300528,4868,198168440,197348492,819948,104,18904,359392,3856
2025-07-30T15:18:43.053712,394700376,392888268,391602172,168,194532,659920,8724,34359738367,262424,16988,7168,9820,116,196531936,195536612,995324,116,175628,300528,4868,198168440,197351656,816784,52,18904,359392,3856
2025-07-30T15:18:44.056907,394700376,392891904,391605808,68,194532,659920,8724,34359738367,262424,16988,7168,9820,116,196531936,195539036,992900,24,175628,300528,4868,198168440,197352868,815572,44,18904,359392,3856
2025-07-30T15:18:45.058094,394700376,392896620,391610524,92,194536,659920,8724,34359738367,262424,16988,7168,9820,116,196531936,195541484,990452,48,175632,300528,4868,198168440,197355136,813304,44,18904,359392,3856
2025-07-30T15:18:46.060902,394700376,392900652,391614556,92,194536,659920,8724,34359738367,262424,16988,7168,9820,116,196531936,195543752,988184,48,175632,300528,4868,198168440,197356900,811540,44,18904,359392,3856
2025-07-30T15:18:47.062049,394700376,392902920,391616824,92,194536,659920,8724,34359738367,262424,16988,7168,9820,116,196531936,195544256,987680,48,175632,300528,4868,198168440,197358664,809776,44,18904,359392,3856
2025-07-30T15:18:48.064904,394700376,392846764,391560704,84,195300,660076,8908,34359738367,262408,16988,7168,9820,116,196531936,195521112,1010824,48,176052,300624,4944,198168440,197325652,842788,36,19248,359452,3964
2025-07-30T15:18:49.066083,394700376,392848848,391562924,108,194536,659920,8720,34359738367,262408,16988,7168,9820,116,196531936,195522848,1009088,68,175600,300528,4856,198168440,197326000,842440,40,18936,359392,3864
2025-07-30T15:18:50.073009,394700376,392851260,391565336,120,194536,659920,8720,34359738367,262408,16988,7168,9820,116,196531936,195523800,1008136,80,175600,300528,4856,198168440,197327460,840980,40,18936,359392,3864
2025-07-30T15:18:51.074185,394700376,392855040,391569116,124,194536,659920,8720,34359738367,262408,16988,7168,9820,116,196531936,195524808,1007128,84,175600,300528,4856,198168440,197330232,838208,40,18936,359392,3864
2025-07-30T15:18:52.075354,394700376,392862996,391577072,132,194536,659920,8720,34359738367,262408,16988,7168,9820,116,196531936,195528588,1003348,84,175600,300528,4856,198168440,197334408,834032,48,18936,359392,3864
2025-07-30T15:18:53.076543,394700376,392871032,391585108,136,194536,659920,8720,34359738367,262408,16988,7168,9820,116,196531936,195531748,1000188,92,175600,300528,4856,198168440,197339284,829156,44,18936,359392,3864
2025-07-30T15:18:54.077752,394700376,392880324,391594400,140,194536,659920,8720,34359738367,262408,16988,7168,9820,116,196531936,195535616,996320,92,175600,300528,4856,198168440,197344708,823732,48,18936,359392,3864
2025-07-30T15:18:55.080903,394700376,392880560,391594636,148,194536,659920,8720,34359738367,262408,16988,7168,9820,116,196531936,195540388,991548,96,175600,300528,4856,198168440,197340172,828268,52,18936,359392,3864
2025-07-30T15:18:56.082067,394700376,392883144,391597220,152,194536,659920,8720,34359738367,262392,16988,7168,9820,116,196531936,195541320,990616,96,175600,300528,4856,198168440,197341824,826616,56,18936,359392,3864
2025-07-30T15:18:57.084908,394700376,392888788,391602864,152,194536,659920,8720,34359738367,262392,16988,7168,9820,116,196531936,195543752,988184,96,175600,300528,4856,198168440,197345036,823404,56,18936,359392,3864
2025-07-30T15:18:58.086114,394700376,392846200,391560336,128,194712,659920,8852,34359738367,262360,16988,7168,9820,116,196531936,195527372,1004564,68,175724,300528,4912,198168440,197318828,849612,60,18988,359392,3940
2025-07-30T15:18:59.088898,394700376,392845756,391559988,144,194528,659920,8720,34359738367,262360,16988,7168,9820,116,196531936,195526624,1005312,84,175612,300528,4856,198168440,197319132,849308,60,18916,359392,3864
2025-07-30T15:19:00.090053,394700376,392851176,391565408,148,194528,659920,8720,34359738367,262360,16988,7168,9820,116,196531936,195528640,1003296,88,175612,300528,4856,198168440,197322536,845904,60,18916,359392,3864
2025-07-30T15:19:01.092904,394700376,392853972,391568204,148,194528,659920,8720,34359738367,262360,16988,7168,9820,116,196531936,195530152,1001784,88,175612,300528,4856,198168440,197323820,844620,60,18916,359392,3864
2025-07-30T15:19:02.094260,394700376,392859396,391573628,152,194528,659920,8720,34359738367,262360,16988,7168,9820,116,196531936,195532420,999516,92,175612,300528,4856,198168440,197326976,841464,60,18916,359392,3864
2025-07-30T15:19:03.096906,394700376,392867436,391581668,152,194528,659920,8720,34359738367,262360,16988,7168,9820,116,196531936,195534416,997520,92,175612,300528,4856,198168440,197333524,834916,60,18916,359392,3864
2025-07-30T15:19:04.098115,394700376,392872080,391586328,160,194528,659920,8720,34359738367,262360,16988,7168,9820,116,196531936,195536740,995196,92,175612,300528,4856,198168440,197335340,833100,68,18916,359392,3864
2025-07-30T15:19:05.100900,394700376,392876620,391590868,160,194528,659920,8720,34359738367,262360,16988,7168,9820,116,196531936,195538684,993252,92,175612,300528,4856,198168440,197337936,830504,68,18916,359392,3864
2025-07-30T15:19:06.102072,394700376,392881676,391595924,164,194528,659920,8720,34359738367,262360,16988,7168,9820,116,196531936,195539944,991992,92,175612,300528,4856,198168440,197341732,826708,72,18916,359392,3864
2025-07-30T15:19:07.104901,394700376,392885372,391599620,164,194528,659920,8720,34359738367,262360,16988,7168,9820,116,196531936,195542212,989724,92,175612,300528,4856,198168440,197343160,825280,72,18916,359392,3864
2025-07-30T15:19:08.106069,394700376,392861692,391575944,144,194180,659920,8556,34359738367,262344,16988,7168,9820,116,196531936,195525084,1006852,96,175432,300528,4772,198168440,197336608,831832,48,18748,359392,3784
2025-07-30T15:19:09.108909,394700376,392863072,391577400,148,194532,659920,8728,34359738367,262344,16988,7168,9820,116,196531936,195524364,1007572,100,175616,300528,4864,198168440,197338708,829732,48,18916,359392,3864
2025-07-30T15:19:10.110076,394700376,392865160,391579488,156,194532,659920,8728,34359738367,262344,16988,7168,9820,116,196531936,195525948,1005988,108,175616,300528,4864,198168440,197339212,829228,48,18916,359392,3864
2025-07-30T15:19:11.112903,394700376,392869120,391583448,156,194532,659920,8728,34359738367,262344,16988,7168,9820,116,196531936,195528396,1003540,108,175616,300528,4864,198168440,197340724,827716,48,18916,359392,3864
2025-07-30T15:19:12.114073,394700376,392874716,391589044,172,194532,659920,8728,34359738367,262344,16988,7168,9820,116,196531936,195530968,1000968,124,175616,300528,4864,198168440,197343748,824692,48,18916,359392,3864
2025-07-30T15:19:13.116899,394700376,392877864,391592192,172,194532,659920,8728,34359738367,262344,16988,7168,9820,116,196531936,195533612,998324,124,175616,300528,4864,198168440,197344252,824188,48,18916,359392,3864
2025-07-30T15:19:14.118051,394700376,392882076,391596404,172,194532,659920,8728,34359738367,262344,16988,7168,9820,116,196531936,195535448,996488,124,175616,300528,4864,198168440,197346628,821812,48,18916,359392,3864
2025-07-30T15:19:15.120906,394700376,392886168,391600524,116,194532,659920,8728,34359738367,262344,16988,7168,9820,116,196531936,195537216,994720,72,175616,300528,4864,198168440,197348952,819488,44,18916,359392,3864
2025-07-30T15:19:16.122069,394700376,392888792,391603148,128,194532,659920,8728,34359738367,262344,16988,7168,9820,116,196531936,195538832,993104,72,175616,300528,4864,198168440,197349960,818480,56,18916,359392,3864
2025-07-30T15:19:17.124900,394700376,392891808,391606164,144,194532,659920,8728,34359738367,262344,16988,7168,9820,116,196531936,195540588,991348,84,175616,300528,4864,198168440,197351220,817220,60,18916,359392,3864
2025-07-30T15:19:18.126091,394700376,392824416,391538772,156,195572,659920,8752,34359738367,262328,16988,7168,9820,116,196531936,195512756,1019180,88,176164,300528,4880,198168440,197311660,856780,68,19408,359392,3872
2025-07-30T15:19:19.128905,394700376,392821516,391535944,124,194532,659920,8728,34359738367,262296,16988,7168,9820,116,196531936,195515132,1016804,76,175616,300528,4864,198168440,197306384,862056,48,18916,359392,3864
2025-07-30T15:19:20.130090,394700376,392826056,391540484,124,194532,659920,8728,34359738367,262296,16988,7168,9820,116,196531936,195518664,1013272,76,175616,300528,4864,198168440,197307392,861048,48,18916,359392,3864
2025-07-30T15:19:21.132912,394700376,392832652,391547080,132,194532,659920,8728,34359738367,262296,16988,7168,9820,116,196531936,195522488,1009448,84,175616,300528,4864,198168440,197310164,858276,48,18916,359392,3864
2025-07-30T15:19:22.134111,394700376,392840288,391554716,140,194532,659920,8728,34359738367,262296,16988,7168,9820,116,196531936,195526752,1005184,92,175616,300528,4864,198168440,197313536,854904,48,18916,359392,3864
2025-07-30T15:19:23.136908,394700376,392845484,391559912,152,194532,659920,8728,34359738367,262296,16988,7168,9820,116,196531936,195527128,1004808,100,175616,300528,4864,198168440,197318356,850084,52,18916,359392,3864
2025-07-30T15:19:24.138115,394700376,392856032,391570468,88,194532,659920,8728,34359738367,262296,16988,7168,9820,116,196531936,195531364,1000572,64,175616,300528,4864,198168440,197324668,843772,24,18916,359392,3864
2025-07-30T15:19:25.140906,394700376,392866960,391581396,88,194532,659920,8728,34359738367,262296,16988,7168,9820,116,196531936,195536592,995344,64,175616,300528,4864,198168440,197330368,838072,24,18916,359392,3864
2025-07-30T15:19:26.142103,394700376,392875880,391590316,88,194532,659920,8728,34359738367,262296,16988,7168,9820,116,196531936,195541592,990344,64,175616,300528,4864,198168440,197334288,834152,24,18916,359392,3864
2025-07-30T15:19:27.144902,394700376,392882832,391597268,88,194532,659920,8728,34359738367,262296,16988,7168,9820,116,196531936,195545036,986900,64,175616,300528,4864,198168440,197337796,830644,24,18916,359392,3864
2025-07-30T15:19:28.146075,394700376,392885656,391600092,124,194400,659920,8568,34359738367,262312,16988,7168,9820,116,196531936,195546908,985028,92,175516,300528,4780,198168440,197338748,829692,32,18884,359392,3788
2025-07-30T15:19:29.148909,394700376,392875136,391589576,136,194536,659920,8724,34359738367,262328,16988,7168,9820,116,196531936,195544696,987240,100,175616,300528,4864,198168440,197330440,838000,36,18920,359392,3860
2025-07-30T15:19:30.150073,394700376,392878572,391593012,136,194536,659920,8724,34359738367,262328,16988,7168,9820,116,196531936,195545864,986072,100,175616,300528,4864,198168440,197332708,835732,36,18920,359392,3860
2025-07-30T15:19:31.152924,394700376,392874388,391588828,140,194536,659920,8724,34359738367,262328,16988,7168,9820,116,196531936,195548132,983804,104,175616,300528,4864,198168440,197326256,842184,36,18920,359392,3860
2025-07-30T15:19:32.156900,394700376,392879416,391593856,148,194536,659920,8724,34359738367,262328,16988,7168,9820,116,196531936,195550136,981800,112,175616,300528,4864,198168440,197329280,839160,36,18920,359392,3860
2025-07-30T15:19:33.158054,394700376,392884036,391598476,148,194536,659920,8724,34359738367,262328,16988,7168,9820,116,196531936,195551144,980792,112,175616,300528,4864,198168440,197332892,835548,36,18920,359392,3860
2025-07-30T15:19:34.159216,394700376,392882568,391597008,112,194536,659920,8724,34359738367,262328,16988,7168,9820,116,196531936,195552908,979028,76,175616,300528,4864,198168440,197329660,838780,36,18920,359392,3860
2025-07-30T15:19:35.160433,394700376,392886672,391601112,124,194536,659920,8724,34359738367,262328,16988,7168,9820,116,196531936,195554924,977012,80,175616,300528,4864,198168440,197332000,836440,44,18920,359392,3860
2025-07-30T15:19:36.161673,394700376,392891584,391606024,124,194536,659920,8724,34359738367,262328,16988,7168,9820,116,196531936,195556436,975500,80,175616,300528,4864,198168440,197335148,833292,44,18920,359392,3860
2025-07-30T15:19:37.164903,394700376,392894672,391609112,124,194536,659920,8724,34359738367,262328,16988,7168,9820,116,196531936,195558200,973736,80,175616,300528,4864,198168440,197336472,831968,44,18920,359392,3860
2025-07-30T15:19:38.166082,394700376,392870232,391584672,128,194536,659920,8724,34359738367,262360,16988,7168,9820,116,196531936,195553920,978016,84,175616,300528,4864,198168440,197316312,852128,44,18920,359392,3860
2025-07-30T15:19:39.168901,394700376,392869796,391584308,120,194532,659920,8724,34359738367,262360,16988,7168,9820,116,196531936,195553720,978216,88,175616,300528,4864,198168440,197316076,852364,32,18916,359392,3860
2025-07-30T15:19:40.170085,394700376,392872952,391587464,132,194532,659920,8724,34359738367,262360,16988,7168,9820,116,196531936,195555484,976452,88,175616,300528,4864,198168440,197317468,850972,44,18916,359392,3860
2025-07-30T15:19:41.172910,394700376,392875980,391590492,136,194532,659920,8724,34359738367,262360,16988,7168,9820,116,196531936,195557000,974936,88,175616,300528,4864,198168440,197318980,849460,48,18916,359392,3860
2025-07-30T15:19:42.174078,394700376,392881776,391596288,148,194532,659920,8724,34359738367,262360,16988,7168,9820,116,196531936,195559016,972920,100,175616,300528,4864,198168440,197322760,845680,48,18916,359392,3860
2025-07-30T15:19:43.176908,394700376,392884500,391599012,148,194532,659920,8724,34359738367,262360,16988,7168,9820,116,196531936,195560024,971912,100,175616,300528,4864,198168440,197324476,843964,48,18916,359392,3860
2025-07-30T15:19:44.178075,394700376,392891420,391605932,156,194532,659920,8724,34359738367,262360,16988,7168,9820,116,196531936,195562980,968956,108,175616,300528,4864,198168440,197328440,840000,48,18916,359392,3860
2025-07-30T15:19:45.180904,394700376,392897268,391611780,156,194532,659920,8724,34359738367,262360,16988,7168,9820,116,196531936,195563744,968192,108,175616,300528,4864,198168440,197333524,834916,48,18916,359392,3860
2025-07-30T15:19:46.182052,394700376,392901292,391615804,156,194532,659920,8724,34359738367,262360,16988,7168,9820,116,196531936,195565256,966680,108,175616,300528,4864,198168440,197336036,832404,48,18916,359392,3860
2025-07-30T15:19:47.184907,394700376,392904908,391619420,160,194532,659920,8724,34359738367,262360,16988,7168,9820,116,196531936,195567272,964664,112,175616,300528,4864,198168440,197337636,830804,48,18916,359392,3860
2025-07-30T15:19:48.186103,394700376,392906712,391621224,108,194572,659920,8764,34359738367,262360,16988,7168,9820,116,196531936,195567020,964916,60,175628,300528,4884,198168440,197339692,828748,48,18944,359392,3880
2025-07-30T15:19:49.188898,394700376,392901940,391616484,92,194364,659708,8668,34359738367,262392,16988,7168,9820,116,196531936,195566020,965916,52,175508,300420,4832,198168440,197335920,832520,40,18856,359288,3836
2025-07-30T15:19:50.190117,394700376,392904208,391618752,92,194540,659920,8732,34359738367,262392,16988,7168,9820,116,196531936,195567028,964908,52,175600,300528,4868,198168440,197337180,831260,40,18940,359392,3864
2025-07-30T15:19:51.192907,394700376,392907988,391622532,100,194540,659920,8732,34359738367,262392,16988,7168,9820,116,196531936,195569044,962892,52,175600,300528,4868,198168440,197338944,829496,48,18940,359392,3864
2025-07-30T15:19:52.194073,394700376,392913032,391627576,104,194540,659920,8732,34359738367,262392,16988,7168,9820,116,196531936,195571568,960368,52,175600,300528,4868,198168440,197341464,826976,52,18940,359392,3864
2025-07-30T15:19:53.196903,394700376,392915300,391629844,136,194540,659920,8732,34359738367,262392,16988,7168,9820,116,196531936,195572324,959612,80,175600,300528,4868,198168440,197342976,825464,56,18940,359392,3864
2025-07-30T15:19:54.198111,394700376,392919168,391633772,124,194540,659920,8732,34359738367,262392,16988,7168,9820,116,196531936,195574592,957344,72,175600,300528,4868,198168440,197344576,823864,52,18940,359392,3864
2025-07-30T15:19:55.200905,394700376,392923416,391638020,132,194540,659920,8732,34359738367,262392,16988,7168,9820,116,196531936,195576320,955616,76,175600,300528,4868,198168440,197347096,821344,56,18940,359392,3864
2025-07-30T15:19:56.202047,394700376,392925792,391640396,132,194540,659920,8732,34359738367,262392,16988,7168,9820,116,196531936,195577184,954752,76,175600,300528,4868,198168440,197348608,819832,56,18940,359392,3864
2025-07-30T15:19:57.204898,394700376,392929124,391643728,132,194540,659920,8732,34359738367,262392,16988,7168,9820,116,196531936,195578752,953184,76,175600,300528,4868,198168440,197350372,818068,56,18940,359392,3864
2025-07-30T15:19:58.206068,394700376,392931684,391646288,136,194352,659920,8564,34359738367,262408,16988,7168,9820,116,196531936,195579664,952272,80,175508,300528,4776,198168440,197352020,816420,56,18844,359392,3788
2025-07-30T15:19:59.208905,394700376,392926648,391641272,136,194556,660068,8700,34359738367,262408,16988,7168,9820,116,196531936,195578660,953276,84,175580,300600,4840,198168440,197347988,820452,52,18976,359468,3860
2025-07-30T15:20:00.210093,394700376,392928556,391643180,140,194536,659920,8720,34359738367,262408,16988,7168,9820,116,196531936,195579560,952376,84,175616,300528,4860,198168440,197348996,819444,56,18920,359392,3860
2025-07-30T15:20:01.212907,394700376,392931980,391646604,140,194536,659920,8720,34359738367,262408,16988,7168,9820,116,196531936,195581220,950716,84,175616,300528,4860,198168440,197350760,817680,56,18920,359392,3860
2025-07-30T15:20:02.214062,394700376,392936516,391651140,140,194536,659920,8720,34359738367,262408,16988,7168,9820,116,196531936,195582732,949204,84,175616,300528,4860,198168440,197353784,814656,56,18920,359392,3860
2025-07-30T15:20:03.216906,394700376,392939392,391654016,148,194536,659920,8720,34359738367,262408,16988,7168,9820,116,196531936,195584092,947844,84,175616,300528,4860,198168440,197355300,813140,64,18920,359392,3860
2025-07-30T15:20:04.218057,394700376,392942424,391657048,168,194536,659920,8720,34359738367,262408,16988,7168,9820,116,196531936,195584856,947080,100,175616,300528,4860,198168440,197357568,810872,68,18920,359392,3860
2025-07-30T15:20:05.220901,394700376,392946704,391661328,168,194536,659920,8720,34359738367,262408,16988,7168,9820,116,196531936,195586620,945316,100,175616,300528,4860,198168440,197360084,808356,68,18920,359392,3860
2025-07-30T15:20:06.222106,394700376,392948696,391663320,168,194536,659920,8720,34359738367,262408,16988,7168,9820,116,196531936,195587280,944656,100,175616,300528,4860,198168440,197361416,807024,68,18920,359392,3860
2025-07-30T15:20:07.224905,394700376,392943656,391658280,168,194536,659920,8720,34359738367,262408,16988,7168,9820,116,196531936,195588288,943648,100,175616,300528,4860,198168440,197355368,813072,68,18920,359392,3860
2025-07-30T15:20:08.226090,394700376,392916800,391631452,180,188088,119992,7372,34359738367,261272,16988,7168,9820,116,196531936,195570392,961544,108,172156,30540,4176,198168440,197346408,822032,72,15932,89452,3196
