,,SKT0,SKT0,SKT0,SKT0,SKT0,SKT0,SKT0,SKT0,SKT0,SKT0,SKT0,SKT0,SKT0,SKT0,SKT0,SKT0,SKT0,SKT0,SKT0,SKT0,SKT0,SKT0,SKT0,SKT0,SKT0,SKT0,SKT0,SKT0,SKT0,SKT0,SKT0,SKT0,SKT0,SKT1,SKT1,SKT1,SKT1,SKT1,SKT1,SKT1,SKT1,SKT1,SKT1,SKT1,SKT1,SKT1,SKT1,SKT1,SKT1,SKT1,SKT1,SKT1,SKT1,SKT1,SKT1,SKT1,SKT1,SKT1,SKT1,SKT1,SKT1,SKT1,SKT1,SKT1,SKT1,SKT1,System,System,System,System,System,System,System
Date,Time,Ch0Read,Ch0Write,Ch0PMM_Read,Ch0PMM_Write,Ch1Read,Ch1Write,Ch1PMM_Read,Ch1PMM_Write,Ch2Read,Ch2Write,Ch2PMM_Read,Ch2PMM_Write,Ch3Read,Ch3Write,Ch3PMM_Read,Ch3PMM_Write,Ch4Read,Ch4Write,Ch4PMM_Read,Ch4PMM_Write,Ch5Read,Ch5Write,Ch5PMM_Read,Ch5PMM_Write,Mem Read (MB/s),Mem Write (MB/s),PMM_Read (MB/s), PMM_Write (MB/s),iMC0 NM read hit rate,iMC1 NM read hit rate,iMC2 NM read hit rate,iMC3 NM read hit rate,Memory (MB/s),Ch0Read,Ch0Write,Ch0PMM_Read,Ch0PMM_Write,Ch1Read,Ch1Write,Ch1PMM_Read,Ch1PMM_Write,Ch2Read,Ch2Write,Ch2PMM_Read,Ch2PMM_Write,Ch3Read,Ch3Write,Ch3PMM_Read,Ch3PMM_Write,Ch4Read,Ch4Write,Ch4PMM_Read,Ch4PMM_Write,Ch5Read,Ch5Write,Ch5PMM_Read,Ch5PMM_Write,Mem Read (MB/s),Mem Write (MB/s),PMM_Read (MB/s), PMM_Write (MB/s),iMC0 NM read hit rate,iMC1 NM read hit rate,iMC2 NM read hit rate,iMC3 NM read hit rate,Memory (MB/s),DRAMRead,DRAMWrite,PMMREAD,PMMWrite,Read,Write,Memory
2026-08-23,23:44:06.851,  551.32,  785.69,    0.00,    0.00,  551.07,  785.93,    0.00,    0.00,  551.64,  786.32,    0.00,    0.00,  543.24,  776.02,    0.00,    0.00,  543.36,  775.83,    0.00,    0.00,  543.25,  776.34,    0.00,    0.00, 3283.88, 4686.13,    0.00,    0.00,    1.00,    1.00,    0.00,    0.00, 7970.00,   39.52,   38.84,    0.00,    0.00,   39.33,   39.10,    0.00,    0.00,   38.93,   38.71,    0.00,    0.00,   36.19,   37.69,    0.00,    0.00,   36.10,   37.42,    0.00,    0.00,   36.57,   37.75,    0.00,    0.00,  226.66,  229.51,    0.00,    0.00,    0.99,    0.99,    0.00,    0.00,  456.16,   3510.53,   4915.63,      0.00,      0.00,   3510.53,   4915.63,   8426.17
2026-08-23,23:44:07.851,    3.60,    2.37,    0.00,    0.00,    3.57,    2.38,    0.00,    0.00,    3.48,    2.32,    0.00,    0.00,    2.75,    1.87,    0.00,    0.00,    2.82,    1.89,    0.00,    0.00,    2.82,    1.91,    0.00,    0.00,   19.06,   12.73,    0.00,    0.00,    0.89,    0.86,    0.00,    0.00,   31.79,   32.62,   28.94,    0.00,    0.00,   32.15,   28.99,    0.00,    0.00,   32.16,   28.91,    0.00,    0.00,   29.14,   28.11,    0.00,    0.00,   29.42,   28.09,    0.00,    0.00,   29.51,   28.15,    0.00,    0.00,  184.99,  171.20,    0.00,    0.00,    0.99,    0.99,    0.00,    0.00,  356.19,    204.05,    183.93,      0.00,      0.00,    204.05,    183.93,    387.97
2026-08-23,23:44:08.851,   48.02,   45.65,    0.00,    0.00,   47.83,   45.68,    0.00,    0.00,   48.09,   45.87,    0.00,    0.00,   43.63,   44.45,    0.00,    0.00,   44.14,   44.76,    0.00,    0.00,   43.68,   44.48,    0.00,    0.00,  275.40,  270.90,    0.00,    0.00,    0.99,    0.99,    0.00,    0.00,  546.30,   71.95,   74.86,    0.00,    0.00,   72.22,   75.82,    0.00,    0.00,   71.17,   74.78,    0.00,    0.00,   65.45,   73.16,    0.00,    0.00,   65.73,   73.26,    0.00,    0.00,   66.24,   73.37,    0.00,    0.00,  412.77,  445.24,    0.00,    0.00,    1.00,    1.00,    0.00,    0.00,  858.01,    688.17,    716.14,      0.00,      0.00,    688.17,    716.14,   1404.32
2026-08-23,23:44:09.858, 3949.66, 1145.51,    0.00,    0.00, 3946.58, 1146.50,    0.00,    0.00, 3947.96, 1145.10,    0.00,    0.00, 3941.51, 1141.64,    0.00,    0.00, 3943.61, 1142.86,    0.00,    0.00, 3939.60, 1141.96,    0.00,    0.00,23668.94, 6863.57,    0.00,    0.00,    1.00,    1.00,    0.00,    0.00,30532.51, 3328.54,  899.17,    0.00,    0.00, 3324.54,  901.10,    0.00,    0.00, 3328.14,  899.89,    0.00,    0.00, 3320.92,  881.53,    0.00,    0.00, 3323.02,  881.96,    0.00,    0.00, 3318.34,  880.69,    0.00,    0.00,19943.51, 5344.35,    0.00,    0.00,    1.00,    1.00,    0.00,    0.00,25287.86,  43612.45,  12207.92,      0.00,      0.00,  43612.45,  12207.92,  55820.37
2026-08-23,23:44:10.858, 9042.33,  888.93,    0.00,    0.00, 9034.70,  889.37,    0.00,    0.00, 9037.50,  889.56,    0.00,    0.00, 9026.31,  883.45,    0.00,    0.00, 9027.20,  883.50,    0.00,    0.00, 9019.65,  883.75,    0.00,    0.00,54187.70, 5318.56,    0.00,    0.00,    1.00,    1.00,    0.00,    0.00,59506.25, 7749.37,  802.24,    0.00,    0.00, 7737.16,  804.95,    0.00,    0.00, 7742.60,  803.31,    0.00,    0.00, 7738.36,  793.20,    0.00,    0.00, 7741.88,  792.92,    0.00,    0.00, 7731.00,  792.59,    0.00,    0.00,46440.37, 4789.21,    0.00,    0.00,    1.00,    1.00,    0.00,    0.00,51229.58, 100628.06,  10107.77,      0.00,      0.00, 100628.06,  10107.77, 110735.83
2026-08-23,23:44:11.858, 9064.93,  651.27,    0.00,    0.00, 9057.13,  651.28,    0.00,    0.00, 9060.41,  650.76,    0.00,    0.00, 9048.42,  646.11,    0.00,    0.00, 9048.73,  646.53,    0.00,    0.00, 9041.69,  646.38,    0.00,    0.00,54321.30, 3892.32,    0.00,    0.00,    1.00,    1.00,    0.00,    0.00,58213.63, 7665.01,  554.65,    0.00,    0.00, 7652.49,  555.83,    0.00,    0.00, 7656.68,  554.16,    0.00,    0.00, 7653.85,  549.55,    0.00,    0.00, 7656.25,  549.30,    0.00,    0.00, 7645.62,  549.66,    0.00,    0.00,45929.89, 3313.16,    0.00,    0.00,    1.00,    1.00,    0.00,    0.00,49243.05, 100251.20,   7205.48,      0.00,      0.00, 100251.20,   7205.48, 107456.67
2026-08-23,23:44:12.858, 9088.48,  576.44,    0.00,    0.00, 9080.06,  577.09,    0.00,    0.00, 9083.72,  575.94,    0.00,    0.00, 9071.30,  571.62,    0.00,    0.00, 9072.01,  571.85,    0.00,    0.00, 9064.87,  572.14,    0.00,    0.00,54460.44, 3445.08,    0.00,    0.00,    1.00,    1.00,    0.00,    0.00,57905.52, 7624.73,  523.37,    0.00,    0.00, 7612.07,  523.63,    0.00,    0.00, 7616.98,  522.17,    0.00,    0.00, 7613.50,  518.44,    0.00,    0.00, 7615.31,  518.52,    0.00,    0.00, 7605.50,  518.87,    0.00,    0.00,45688.09, 3124.98,    0.00,    0.00,    1.00,    1.00,    0.00,    0.00,48813.07, 100148.53,   6570.06,      0.00,      0.00, 100148.53,   6570.06, 106718.59
2026-08-23,23:44:13.861, 9050.92,  574.60,    0.00,    0.00, 9043.04,  574.05,    0.00,    0.00, 9045.44,  574.07,    0.00,    0.00, 9033.40,  570.12,    0.00,    0.00, 9033.90,  570.22,    0.00,    0.00, 9026.11,  569.96,    0.00,    0.00,54232.79, 3433.02,    0.00,    0.00,    1.00,    1.00,    0.00,    0.00,57665.82, 7787.04,  515.96,    0.00,    0.00, 7773.75,  517.01,    0.00,    0.00, 7778.54,  515.76,    0.00,    0.00, 7774.92,  512.29,    0.00,    0.00, 7777.66,  511.94,    0.00,    0.00, 7767.18,  512.36,    0.00,    0.00,46659.09, 3085.32,    0.00,    0.00,    1.00,    1.00,    0.00,    0.00,49744.41, 100891.88,   6518.34,      0.00,      0.00, 100891.88,   6518.34, 107410.22
2026-08-23,23:44:14.858, 8991.97,  560.69,    0.00,    0.00, 8983.25,  559.59,    0.00,    0.00, 8986.94,  560.03,    0.00,    0.00, 8974.96,  556.05,    0.00,    0.00, 8975.70,  556.20,    0.00,    0.00, 8967.78,  555.58,    0.00,    0.00,53880.60, 3348.14,    0.00,    0.00,    1.00,    1.00,    0.00,    0.00,57228.74, 7723.26,  464.33,    0.00,    0.00, 7709.24,  464.75,    0.00,    0.00, 7714.27,  463.83,    0.00,    0.00, 7710.97,  460.33,    0.00,    0.00, 7713.16,  460.18,    0.00,    0.00, 7703.18,  460.42,    0.00,    0.00,46274.07, 2773.84,    0.00,    0.00,    1.00,    1.00,    0.00,    0.00,49047.91, 100154.67,   6121.98,      0.00,      0.00, 100154.67,   6121.98, 106276.66
2026-08-23,23:44:15.862, 9055.56,  516.25,    0.00,    0.00, 9046.67,  515.19,    0.00,    0.00, 9050.04,  515.08,    0.00,    0.00, 9038.17,  511.80,    0.00,    0.00, 9038.97,  512.32,    0.00,    0.00, 9030.91,  511.73,    0.00,    0.00,54260.32, 3082.36,    0.00,    0.00,    1.00,    1.00,    0.00,    0.00,57342.68, 7635.43,  439.87,    0.00,    0.00, 7622.54,  440.00,    0.00,    0.00, 7626.99,  439.25,    0.00,    0.00, 7624.38,  436.29,    0.00,    0.00, 7626.54,  436.21,    0.00,    0.00, 7616.04,  436.11,    0.00,    0.00,45751.92, 2627.75,    0.00,    0.00,    1.00,    1.00,    0.00,    0.00,48379.66, 100012.23,   5710.11,      0.00,      0.00, 100012.23,   5710.11, 105722.34
2026-08-23,23:44:16.859, 9011.08,  541.21,    0.00,    0.00, 9002.77,  540.40,    0.00,    0.00, 9006.29,  540.32,    0.00,    0.00, 8994.27,  536.83,    0.00,    0.00, 8994.32,  536.96,    0.00,    0.00, 8986.50,  536.59,    0.00,    0.00,53995.23, 3232.32,    0.00,    0.00,    1.00,    1.00,    0.00,    0.00,57227.55, 7698.17,  482.12,    0.00,    0.00, 7685.52,  482.81,    0.00,    0.00, 7689.86,  481.42,    0.00,    0.00, 7685.85,  478.42,    0.00,    0.00, 7688.18,  478.36,    0.00,    0.00, 7678.86,  478.44,    0.00,    0.00,46126.45, 2881.56,    0.00,    0.00,    1.00,    1.00,    0.00,    0.00,49008.01, 100121.68,   6113.88,      0.00,      0.00, 100121.68,   6113.88, 106235.55
2026-08-23,23:44:17.861, 9056.51,  546.19,    0.00,    0.00, 9047.61,  545.39,    0.00,    0.00, 9051.61,  545.05,    0.00,    0.00, 9039.66,  541.77,    0.00,    0.00, 9039.74,  542.14,    0.00,    0.00, 9032.22,  541.73,    0.00,    0.00,54267.36, 3262.27,    0.00,    0.00,    1.00,    1.00,    0.00,    0.00,57529.63, 7639.16,  436.86,    0.00,    0.00, 7625.80,  437.84,    0.00,    0.00, 7630.46,  436.20,    0.00,    0.00, 7627.38,  433.30,    0.00,    0.00, 7630.14,  432.92,    0.00,    0.00, 7619.60,  433.47,    0.00,    0.00,45772.54, 2610.58,    0.00,    0.00,    1.00,    1.00,    0.00,    0.00,48383.12, 100039.91,   5872.85,      0.00,      0.00, 100039.91,   5872.85, 105912.76
2026-08-23,23:44:18.861, 9134.22,  514.02,    0.00,    0.00, 9125.71,  513.23,    0.00,    0.00, 9129.32,  513.14,    0.00,    0.00, 9117.42,  509.88,    0.00,    0.00, 9117.82,  509.97,    0.00,    0.00, 9110.18,  509.55,    0.00,    0.00,54734.67, 3069.79,    0.00,    0.00,    1.00,    1.00,    0.00,    0.00,57804.46, 7674.78,  433.47,    0.00,    0.00, 7661.36,  434.39,    0.00,    0.00, 7665.66,  432.80,    0.00,    0.00, 7663.19,  430.23,    0.00,    0.00, 7665.36,  429.66,    0.00,    0.00, 7655.91,  430.12,    0.00,    0.00,45986.26, 2590.67,    0.00,    0.00,    1.00,    1.00,    0.00,    0.00,48576.93, 100720.92,   5660.46,      0.00,      0.00, 100720.92,   5660.46, 106381.38
2026-08-23,23:44:19.862, 9090.67,  521.86,    0.00,    0.00, 9081.82,  521.17,    0.00,    0.00, 9085.41,  521.39,    0.00,    0.00, 9074.00,  518.21,    0.00,    0.00, 9074.33,  517.90,    0.00,    0.00, 9066.43,  517.54,    0.00,    0.00,54472.66, 3118.07,    0.00,    0.00,    1.00,    1.00,    0.00,    0.00,57590.72, 7655.13,  447.58,    0.00,    0.00, 7642.71,  448.50,    0.00,    0.00, 7646.28,  447.13,    0.00,    0.00, 7643.58,  444.38,    0.00,    0.00, 7646.55,  444.09,    0.00,    0.00, 7636.69,  444.66,    0.00,    0.00,45870.94, 2676.35,    0.00,    0.00,    1.00,    1.00,    0.00,    0.00,48547.29, 100343.59,   5794.41,      0.00,      0.00, 100343.59,   5794.41, 106138.01
2026-08-23,23:44:20.864, 8979.50,  519.98,    0.00,    0.00, 8970.84,  519.16,    0.00,    0.00, 8973.90,  519.25,    0.00,    0.00, 8961.98,  515.96,    0.00,    0.00, 8962.57,  516.08,    0.00,    0.00, 8954.74,  515.52,    0.00,    0.00,53803.55, 3105.93,    0.00,    0.00,    1.00,    1.00,    0.00,    0.00,56909.48, 7638.90,  449.52,    0.00,    0.00, 7626.15,  450.55,    0.00,    0.00, 7629.91,  449.46,    0.00,    0.00, 7626.14,  446.60,    0.00,    0.00, 7629.01,  446.14,    0.00,    0.00, 7619.23,  446.80,    0.00,    0.00,45769.34, 2689.08,    0.00,    0.00,    1.00,    1.00,    0.00,    0.00,48458.41,  99572.88,   5795.01,      0.00,      0.00,  99572.88,   5795.01, 105367.89
2026-08-23,23:44:21.865, 9106.91,  492.93,    0.00,    0.00, 9099.05,  492.52,    0.00,    0.00, 9101.78,  492.28,    0.00,    0.00, 9090.38,  489.18,    0.00,    0.00, 9090.25,  489.39,    0.00,    0.00, 9083.18,  488.95,    0.00,    0.00,54571.55, 2945.25,    0.00,    0.00,    1.00,    1.00,    0.00,    0.00,57516.81, 7688.66,  438.59,    0.00,    0.00, 7674.72,  439.15,    0.00,    0.00, 7679.65,  437.89,    0.00,    0.00, 7675.88,  435.02,    0.00,    0.00, 7678.82,  435.11,    0.00,    0.00, 7668.71,  435.35,    0.00,    0.00,46066.46, 2621.11,    0.00,    0.00,    1.00,    1.00,    0.00,    0.00,48687.57, 100638.02,   5566.36,      0.00,      0.00, 100638.02,   5566.36, 106204.38
2026-08-23,23:44:22.866, 9152.92,  488.39,    0.00,    0.00, 9143.39,  487.94,    0.00,    0.00, 9148.05,  487.69,    0.00,    0.00, 9136.17,  484.56,    0.00,    0.00, 9136.15,  484.41,    0.00,    0.00, 9127.61,  484.45,    0.00,    0.00,54844.29, 2917.45,    0.00,    0.00,    1.00,    1.00,    0.00,    0.00,57761.74, 7591.17,  440.30,    0.00,    0.00, 7578.71,  441.09,    0.00,    0.00, 7583.96,  439.48,    0.00,    0.00, 7580.42,  436.68,    0.00,    0.00, 7583.17,  436.78,    0.00,    0.00, 7572.46,  437.30,    0.00,    0.00,45489.88, 2631.63,    0.00,    0.00,    1.00,    1.00,    0.00,    0.00,48121.51, 100334.17,   5549.08,      0.00,      0.00, 100334.17,   5549.08, 105883.25
2026-08-23,23:44:23.863, 9093.72,  538.51,    0.00,    0.00, 9084.97,  537.96,    0.00,    0.00, 9088.40,  538.14,    0.00,    0.00, 9077.01,  534.88,    0.00,    0.00, 9077.65,  534.89,    0.00,    0.00, 9069.58,  534.64,    0.00,    0.00,54491.34, 3219.01,    0.00,    0.00,    1.00,    1.00,    0.00,    0.00,57710.35, 7624.48,  438.00,    0.00,    0.00, 7610.75,  438.62,    0.00,    0.00, 7615.20,  437.50,    0.00,    0.00, 7611.69,  434.69,    0.00,    0.00, 7614.77,  434.49,    0.00,    0.00, 7604.01,  434.93,    0.00,    0.00,45680.91, 2618.23,    0.00,    0.00,    1.00,    1.00,    0.00,    0.00,48299.14, 100172.24,   5837.25,      0.00,      0.00, 100172.24,   5837.25, 106009.48
2026-08-23,23:44:24.866, 9065.10,  503.70,    0.00,    0.00, 9055.48,  503.30,    0.00,    0.00, 9059.05,  503.42,    0.00,    0.00, 9047.66,  500.01,    0.00,    0.00, 9047.87,  500.03,    0.00,    0.00, 9039.30,  499.64,    0.00,    0.00,54314.46, 3010.10,    0.00,    0.00,    1.00,    1.00,    0.00,    0.00,57324.56, 7725.18,  428.21,    0.00,    0.00, 7711.31,  429.10,    0.00,    0.00, 7716.20,  427.34,    0.00,    0.00, 7712.17,  424.74,    0.00,    0.00, 7715.88,  424.98,    0.00,    0.00, 7704.21,  425.10,    0.00,    0.00,46284.95, 2559.48,    0.00,    0.00,    1.00,    1.00,    0.00,    0.00,48844.43, 100599.41,   5569.57,      0.00,      0.00, 100599.41,   5569.57, 106168.98
2026-08-23,23:44:25.863, 9119.96,  514.14,    0.00,    0.00, 9111.85,  513.85,    0.00,    0.00, 9114.78,  513.65,    0.00,    0.00, 9103.28,  510.58,    0.00,    0.00, 9103.31,  510.55,    0.00,    0.00, 9095.51,  510.65,    0.00,    0.00,54648.70, 3073.42,    0.00,    0.00,    1.00,    1.00,    0.00,    0.00,57722.11, 7645.56,  428.75,    0.00,    0.00, 7632.67,  429.30,    0.00,    0.00, 7637.10,  427.63,    0.00,    0.00, 7633.81,  424.97,    0.00,    0.00, 7636.57,  425.25,    0.00,    0.00, 7625.93,  425.25,    0.00,    0.00,45811.64, 2561.15,    0.00,    0.00,    1.00,    1.00,    0.00,    0.00,48372.79, 100460.34,   5634.56,      0.00,      0.00, 100460.34,   5634.56, 106094.90
2026-08-23,23:44:26.865, 9106.26,  494.55,    0.00,    0.00, 9098.03,  493.97,    0.00,    0.00, 9101.46,  493.87,    0.00,    0.00, 9089.62,  490.75,    0.00,    0.00, 9089.34,  490.60,    0.00,    0.00, 9082.14,  490.50,    0.00,    0.00,54566.85, 2954.24,    0.00,    0.00,    1.00,    1.00,    0.00,    0.00,57521.09, 7633.81,  444.39,    0.00,    0.00, 7619.83,  444.86,    0.00,    0.00, 7624.91,  443.32,    0.00,    0.00, 7620.88,  440.57,    0.00,    0.00, 7624.44,  440.83,    0.00,    0.00, 7613.71,  440.85,    0.00,    0.00,45737.58, 2654.83,    0.00,    0.00,    1.00,    1.00,    0.00,    0.00,48392.41, 100304.43,   5609.07,      0.00,      0.00, 100304.43,   5609.07, 105913.50
2026-08-23,23:44:27.862, 5451.33,  274.61,    0.00,    0.00, 5446.02,  273.63,    0.00,    0.00, 5447.45,  273.87,    0.00,    0.00, 5440.62,  272.17,    0.00,    0.00, 5441.11,  272.47,    0.00,    0.00, 5436.77,  272.18,    0.00,    0.00,32663.31, 1638.93,    0.00,    0.00,    1.00,    1.00,    0.00,    0.00,34302.24, 4678.06,  271.90,    0.00,    0.00, 4669.63,  272.15,    0.00,    0.00, 4673.08,  271.57,    0.00,    0.00, 4672.70,  269.61,    0.00,    0.00, 4674.29,  269.51,    0.00,    0.00, 4667.93,  269.72,    0.00,    0.00,28035.69, 1624.46,    0.00,    0.00,    1.00,    1.00,    0.00,    0.00,29660.15,  60699.00,   3263.39,      0.00,      0.00,  60699.00,   3263.39,  63962.39
2026-08-23,23:44:28.866, 8238.08,  500.26,    0.00,    0.00, 8228.98,  499.21,    0.00,    0.00, 8232.93,  499.57,    0.00,    0.00, 8219.05,  493.98,    0.00,    0.00, 8220.00,  493.55,    0.00,    0.00, 8212.27,  493.24,    0.00,    0.00,49351.31, 2979.81,    0.00,    0.00,    1.00,    1.00,    0.00,    0.00,52331.12, 7022.44,  410.62,    0.00,    0.00, 7011.86,  413.30,    0.00,    0.00, 7017.96,  412.37,    0.00,    0.00, 7010.25,  405.82,    0.00,    0.00, 7013.12,  405.21,    0.00,    0.00, 7003.91,  406.14,    0.00,    0.00,42079.55, 2453.47,    0.00,    0.00,    1.00,    1.00,    0.00,    0.00,44533.02,  91430.86,   5433.27,      0.00,      0.00,  91430.86,   5433.27,  96864.13
2026-08-23,23:44:29.868, 8999.00,  510.60,    0.00,    0.00, 8992.89,  510.41,    0.00,    0.00, 8995.02,  510.30,    0.00,    0.00, 8983.03,  507.06,    0.00,    0.00, 8982.15,  506.86,    0.00,    0.00, 8976.79,  507.04,    0.00,    0.00,53928.87, 3052.27,    0.00,    0.00,    1.00,    1.00,    0.00,    0.00,56981.14, 7686.26,  433.22,    0.00,    0.00, 7674.14,  433.93,    0.00,    0.00, 7679.42,  432.75,    0.00,    0.00, 7674.47,  428.93,    0.00,    0.00, 7677.33,  428.17,    0.00,    0.00, 7667.33,  428.95,    0.00,    0.00,46058.95, 2585.96,    0.00,    0.00,    1.00,    1.00,    0.00,    0.00,48644.91,  99987.82,   5638.23,      0.00,      0.00,  99987.82,   5638.23, 105626.05
2026-08-23,23:44:30.866, 9115.57,  498.46,    0.00,    0.00, 9107.99,  498.23,    0.00,    0.00, 9110.47,  498.14,    0.00,    0.00, 9098.65,  494.75,    0.00,    0.00, 9098.78,  494.62,    0.00,    0.00, 9092.44,  494.65,    0.00,    0.00,54623.90, 2978.86,    0.00,    0.00,    1.00,    1.00,    0.00,    0.00,57602.75, 7684.23,  404.60,    0.00,    0.00, 7670.81,  405.63,    0.00,    0.00, 7675.19,  403.93,    0.00,    0.00, 7671.62,  400.04,    0.00,    0.00, 7675.35,  399.58,    0.00,    0.00, 7665.02,  400.28,    0.00,    0.00,46042.22, 2414.06,    0.00,    0.00,    1.00,    1.00,    0.00,    0.00,48456.28, 100666.12,   5392.92,      0.00,      0.00, 100666.12,   5392.92, 106059.04
2026-08-23,23:44:31.869, 9080.96,  517.20,    0.00,    0.00, 9072.43,  516.63,    0.00,    0.00, 9075.74,  517.04,    0.00,    0.00, 9064.01,  513.69,    0.00,    0.00, 9063.81,  513.52,    0.00,    0.00, 9056.40,  513.26,    0.00,    0.00,54413.34, 3091.34,    0.00,    0.00,    1.00,    1.00,    0.00,    0.00,57504.69, 7685.74,  427.75,    0.00,    0.00, 7672.81,  428.49,    0.00,    0.00, 7678.68,  427.04,    0.00,    0.00, 7673.80,  423.29,    0.00,    0.00, 7677.10,  422.73,    0.00,    0.00, 7666.04,  423.52,    0.00,    0.00,46054.17, 2552.82,    0.00,    0.00,    1.00,    1.00,    0.00,    0.00,48606.99, 100467.52,   5644.17,      0.00,      0.00, 100467.52,   5644.17, 106111.68
2026-08-23,23:44:32.869, 8988.46,  523.64,    0.00,    0.00, 8980.12,  523.10,    0.00,    0.00, 8983.21,  523.71,    0.00,    0.00, 8971.92,  519.86,    0.00,    0.00, 8971.76,  519.57,    0.00,    0.00, 8964.27,  519.33,    0.00,    0.00,53859.74, 3129.21,    0.00,    0.00,    1.00,    1.00,    0.00,    0.00,56988.95, 7704.45,  441.86,    0.00,    0.00, 7691.47,  442.61,    0.00,    0.00, 7695.97,  440.93,    0.00,    0.00, 7692.33,  438.14,    0.00,    0.00, 7694.72,  438.01,    0.00,    0.00, 7684.09,  438.40,    0.00,    0.00,46163.02, 2639.96,    0.00,    0.00,    1.00,    1.00,    0.00,    0.00,48802.98, 100022.77,   5769.17,      0.00,      0.00, 100022.77,   5769.17, 105791.94
2026-08-23,23:44:33.866, 9094.01,  502.65,    0.00,    0.00, 9084.37,  501.92,    0.00,    0.00, 9088.12,  502.27,    0.00,    0.00, 9076.66,  498.89,    0.00,    0.00, 9077.42,  498.79,    0.00,    0.00, 9068.86,  498.51,    0.00,    0.00,54489.44, 3003.03,    0.00,    0.00,    1.00,    1.00,    0.00,    0.00,57492.47, 7569.82,  417.94,    0.00,    0.00, 7555.94,  418.50,    0.00,    0.00, 7561.05,  416.73,    0.00,    0.00, 7558.21,  414.52,    0.00,    0.00, 7560.79,  414.14,    0.00,    0.00, 7550.26,  414.65,    0.00,    0.00,45356.08, 2496.46,    0.00,    0.00,    1.00,    1.00,    0.00,    0.00,47852.54,  99845.52,   5499.49,      0.00,      0.00,  99845.52,   5499.49, 105345.01
2026-08-23,23:44:34.870, 9043.84,  496.07,    0.00,    0.00, 9036.01,  495.59,    0.00,    0.00, 9038.88,  495.94,    0.00,    0.00, 9027.29,  492.42,    0.00,    0.00, 9027.40,  492.29,    0.00,    0.00, 9020.46,  492.22,    0.00,    0.00,54193.89, 2964.53,    0.00,    0.00,    1.00,    1.00,    0.00,    0.00,57158.41, 7736.26,  420.22,    0.00,    0.00, 7723.64,  420.79,    0.00,    0.00, 7728.26,  419.47,    0.00,    0.00, 7725.37,  417.28,    0.00,    0.00, 7727.21,  416.51,    0.00,    0.00, 7717.41,  416.91,    0.00,    0.00,46358.15, 2511.18,    0.00,    0.00,    1.00,    1.00,    0.00,    0.00,48869.33, 100552.03,   5475.71,      0.00,      0.00, 100552.03,   5475.71, 106027.73
2026-08-23,23:44:35.867, 9092.20,  487.21,    0.00,    0.00, 9082.98,  486.33,    0.00,    0.00, 9087.02,  486.70,    0.00,    0.00, 9075.88,  483.40,    0.00,    0.00, 9075.64,  483.50,    0.00,    0.00, 9067.71,  482.98,    0.00,    0.00,54481.41, 2910.12,    0.00,    0.00,    1.00,    1.00,    0.00,    0.00,57391.53, 7675.83,  418.36,    0.00,    0.00, 7663.64,  419.09,    0.00,    0.00, 7667.81,  417.75,    0.00,    0.00, 7664.67,  415.39,    0.00,    0.00, 7666.50,  414.84,    0.00,    0.00, 7656.88,  415.21,    0.00,    0.00,45995.33, 2500.65,    0.00,    0.00,    1.00,    1.00,    0.00,    0.00,48495.98, 100476.75,   5410.77,      0.00,      0.00, 100476.75,   5410.77, 105887.52
2026-08-23,23:44:36.870, 9042.21,  496.76,    0.00,    0.00, 9034.56,  496.50,    0.00,    0.00, 9037.39,  496.80,    0.00,    0.00, 9026.54,  493.34,    0.00,    0.00, 9025.25,  492.87,    0.00,    0.00, 9018.70,  492.84,    0.00,    0.00,54184.65, 2969.11,    0.00,    0.00,    1.00,    1.00,    0.00,    0.00,57153.76, 7670.30,  425.46,    0.00,    0.00, 7657.31,  425.91,    0.00,    0.00, 7662.03,  424.22,    0.00,    0.00, 7658.74,  422.17,    0.00,    0.00, 7661.03,  421.68,    0.00,    0.00, 7650.75,  422.13,    0.00,    0.00,45960.17, 2541.56,    0.00,    0.00,    1.00,    1.00,    0.00,    0.00,48501.73, 100144.81,   5510.68,      0.00,      0.00, 100144.81,   5510.68, 105655.48
2026-08-23,23:44:37.868, 9092.64,  494.49,    0.00,    0.00, 9083.37,  494.05,    0.00,    0.00, 9087.28,  494.15,    0.00,    0.00, 9075.32,  490.75,    0.00,    0.00, 9075.94,  490.73,    0.00,    0.00, 9068.00,  490.50,    0.00,    0.00,54482.54, 2954.69,    0.00,    0.00,    1.00,    1.00,    0.00,    0.00,57437.23, 7620.61,  425.93,    0.00,    0.00, 7607.85,  426.80,    0.00,    0.00, 7611.90,  425.19,    0.00,    0.00, 7609.24,  423.07,    0.00,    0.00, 7611.31,  422.73,    0.00,    0.00, 7601.56,  423.21,    0.00,    0.00,45662.46, 2546.93,    0.00,    0.00,    1.00,    1.00,    0.00,    0.00,48209.39, 100145.00,   5501.61,      0.00,      0.00, 100145.00,   5501.61, 105646.61
2026-08-23,23:44:38.870, 9079.84,  485.75,    0.00,    0.00, 9071.59,  485.44,    0.00,    0.00, 9074.57,  485.54,    0.00,    0.00, 9063.25,  481.98,    0.00,    0.00, 9063.58,  481.84,    0.00,    0.00, 9055.61,  481.92,    0.00,    0.00,54408.44, 2902.46,    0.00,    0.00,    1.00,    1.00,    0.00,    0.00,57310.90, 7736.65,  429.54,    0.00,    0.00, 7722.95,  430.14,    0.00,    0.00, 7727.71,  428.67,    0.00,    0.00, 7723.54,  426.38,    0.00,    0.00, 7726.62,  425.99,    0.00,    0.00, 7715.85,  426.13,    0.00,    0.00,46353.31, 2566.84,    0.00,    0.00,    1.00,    1.00,    0.00,    0.00,48920.15, 100761.75,   5469.30,      0.00,      0.00, 100761.75,   5469.30, 106231.05
2026-08-23,23:44:39.869, 9092.95,  481.50,    0.00,    0.00, 9084.54,  481.30,    0.00,    0.00, 9087.24,  481.50,    0.00,    0.00, 9075.57,  478.24,    0.00,    0.00, 9075.74,  477.84,    0.00,    0.00, 9068.64,  477.64,    0.00,    0.00,54484.67, 2878.02,    0.00,    0.00,    1.00,    1.00,    0.00,    0.00,57362.69, 7641.07,  418.20,    0.00,    0.00, 7628.30,  419.03,    0.00,    0.00, 7632.45,  417.38,    0.00,    0.00, 7628.81,  415.40,    0.00,    0.00, 7631.51,  414.73,    0.00,    0.00, 7621.33,  415.39,    0.00,    0.00,45783.48, 2500.14,    0.00,    0.00,    1.00,    1.00,    0.00,    0.00,48283.62, 100268.16,   5378.16,      0.00,      0.00, 100268.16,   5378.16, 105646.31
2026-08-23,23:44:40.868, 9094.55,  526.04,    0.00,    0.00, 9085.94,  525.21,    0.00,    0.00, 9089.39,  525.81,    0.00,    0.00, 9078.05,  522.22,    0.00,    0.00, 9077.98,  522.16,    0.00,    0.00, 9070.41,  521.72,    0.00,    0.00,54496.33, 3143.17,    0.00,    0.00,    1.00,    1.00,    0.00,    0.00,57639.50, 7623.52,  419.32,    0.00,    0.00, 7609.64,  420.00,    0.00,    0.00, 7614.02,  418.15,    0.00,    0.00, 7610.25,  416.36,    0.00,    0.00, 7614.01,  415.67,    0.00,    0.00, 7602.96,  416.18,    0.00,    0.00,45674.41, 2505.67,    0.00,    0.00,    1.00,    1.00,    0.00,    0.00,48180.08, 100170.73,   5648.84,      0.00,      0.00, 100170.73,   5648.84, 105819.57
2026-08-23,23:44:41.869, 9057.34,  503.03,    0.00,    0.00, 9048.34,  502.60,    0.00,    0.00, 9051.52,  502.68,    0.00,    0.00, 9039.06,  499.54,    0.00,    0.00, 9040.06,  499.39,    0.00,    0.00, 9031.74,  499.24,    0.00,    0.00,54268.06, 3006.48,    0.00,    0.00,    1.00,    1.00,    0.00,    0.00,57274.54, 7622.33,  375.00,    0.00,    0.00, 7608.73,  375.81,    0.00,    0.00, 7613.62,  374.26,    0.00,    0.00, 7611.37,  372.01,    0.00,    0.00, 7614.77,  371.44,    0.00,    0.00, 7603.32,  372.10,    0.00,    0.00,45674.13, 2240.61,    0.00,    0.00,    1.00,    1.00,    0.00,    0.00,47914.74,  99942.20,   5247.09,      0.00,      0.00,  99942.20,   5247.09, 105189.28
2026-08-23,23:44:42.869, 9088.03,  506.30,    0.00,    0.00, 9078.00,  505.41,    0.00,    0.00, 9082.45,  505.98,    0.00,    0.00, 9070.83,  502.53,    0.00,    0.00, 9071.50,  502.43,    0.00,    0.00, 9062.60,  501.70,    0.00,    0.00,54453.41, 3024.35,    0.00,    0.00,    1.00,    1.00,    0.00,    0.00,57477.76, 7678.55,  408.55,    0.00,    0.00, 7665.19,  409.17,    0.00,    0.00, 7670.00,  407.49,    0.00,    0.00, 7666.76,  405.31,    0.00,    0.00, 7669.79,  404.83,    0.00,    0.00, 7658.68,  405.39,    0.00,    0.00,46008.96, 2440.74,    0.00,    0.00,    1.00,    1.00,    0.00,    0.00,48449.70, 100462.38,   5465.08,      0.00,      0.00, 100462.38,   5465.08, 105927.45
2026-08-23,23:44:43.869, 9034.20,  497.54,    0.00,    0.00, 9024.61,  496.81,    0.00,    0.00, 9028.63,  497.24,    0.00,    0.00, 9017.14,  493.93,    0.00,    0.00, 9017.52,  493.79,    0.00,    0.00, 9009.04,  493.31,    0.00,    0.00,54131.14, 2972.62,    0.00,    0.00,    1.00,    1.00,    0.00,    0.00,57103.76, 7762.06,  402.13,    0.00,    0.00, 7748.52,  402.53,    0.00,    0.00, 7754.05,  400.86,    0.00,    0.00, 7750.43,  398.78,    0.00,    0.00, 7753.10,  398.25,    0.00,    0.00, 7741.69,  398.90,    0.00,    0.00,46509.84, 2401.46,    0.00,    0.00,    1.00,    1.00,    0.00,    0.00,48911.30, 100640.98,   5374.09,      0.00,      0.00, 100640.98,   5374.09, 106015.07
2026-08-23,23:44:44.869, 9094.43,  527.75,    0.00,    0.00, 9086.19,  526.84,    0.00,    0.00, 9089.87,  527.23,    0.00,    0.00, 9078.26,  523.77,    0.00,    0.00, 9078.05,  523.72,    0.00,    0.00, 9069.73,  523.37,    0.00,    0.00,54496.53, 3152.68,    0.00,    0.00,    1.00,    1.00,    0.00,    0.00,57649.20, 7653.57,  427.48,    0.00,    0.00, 7639.04,  428.23,    0.00,    0.00, 7644.75,  426.48,    0.00,    0.00, 7641.08,  423.97,    0.00,    0.00, 7644.46,  423.27,    0.00,    0.00, 7632.34,  423.96,    0.00,    0.00,45855.24, 2553.39,    0.00,    0.00,    1.00,    1.00,    0.00,    0.00,48408.63, 100351.77,   5706.06,      0.00,      0.00, 100351.77,   5706.06, 106057.83
2026-08-23,23:44:45.868, 7457.25,  406.62,    0.00,    0.00, 7450.48,  406.00,    0.00,    0.00, 7453.69,  406.05,    0.00,    0.00, 7444.08,  404.67,    0.00,    0.00, 7444.73,  404.42,    0.00,    0.00, 7438.68,  404.55,    0.00,    0.00,44688.89, 2432.32,    0.00,    0.00,    1.00,    1.00,    0.00,    0.00,47121.21, 6336.10,  255.22,    0.00,    0.00, 6324.42,  255.35,    0.00,    0.00, 6328.80,  254.15,    0.00,    0.00, 6325.58,  251.21,    0.00,    0.00, 6326.73,  251.64,    0.00,    0.00, 6318.49,  251.68,    0.00,    0.00,37960.12, 1519.26,    0.00,    0.00,    1.00,    1.00,    0.00,    0.00,39479.38,  82649.02,   3951.58,      0.00,      0.00,  82649.02,   3951.58,  86600.60
2026-08-23,23:44:46.868, 3056.39,  161.12,    0.00,    0.00, 3053.68,  161.55,    0.00,    0.00, 3054.91,  161.01,    0.00,    0.00, 3051.13,  163.05,    0.00,    0.00, 3052.07,  162.88,    0.00,    0.00, 3049.64,  163.52,    0.00,    0.00,18317.82,  973.13,    0.00,    0.00,    1.00,    1.00,    0.00,    0.00,19290.95, 2587.75,   19.51,    0.00,    0.00, 2582.19,   19.12,    0.00,    0.00, 2583.99,   18.95,    0.00,    0.00, 2580.50,   17.06,    0.00,    0.00, 2579.94,   17.73,    0.00,    0.00, 2577.13,   17.58,    0.00,    0.00,15491.49,  109.95,    0.00,    0.00,    1.00,    1.00,    0.00,    0.00,15601.45,  33809.31,   1083.08,      0.00,      0.00,  33809.31,   1083.08,  34892.39
2026-08-23,23:44:47.874, 8486.55,  472.03,    0.00,    0.00, 8477.67,  471.37,    0.00,    0.00, 8481.60,  471.76,    0.00,    0.00, 8468.19,  466.36,    0.00,    0.00, 8468.69,  465.77,    0.00,    0.00, 8461.52,  466.11,    0.00,    0.00,50844.21, 2813.39,    0.00,    0.00,    1.00,    1.00,    0.00,    0.00,53657.60, 7180.91,  425.30,    0.00,    0.00, 7170.63,  428.05,    0.00,    0.00, 7175.67,  426.23,    0.00,    0.00, 7167.74,  420.05,    0.00,    0.00, 7171.04,  420.03,    0.00,    0.00, 7160.85,  420.51,    0.00,    0.00,43026.85, 2540.17,    0.00,    0.00,    1.00,    1.00,    0.00,    0.00,45567.01,  93871.06,   5353.56,      0.00,      0.00,  93871.06,   5353.56,  99224.62
2026-08-23,23:44:48.870, 9090.84,  508.01,    0.00,    0.00, 9083.33,  507.91,    0.00,    0.00, 9086.37,  508.18,    0.00,    0.00, 9073.86,  503.85,    0.00,    0.00, 9073.87,  503.40,    0.00,    0.00, 9067.14,  503.83,    0.00,    0.00,54475.41, 3035.18,    0.00,    0.00,    1.00,    1.00,    0.00,    0.00,57510.59, 7588.45,  428.16,    0.00,    0.00, 7575.59,  429.36,    0.00,    0.00, 7580.33,  427.59,    0.00,    0.00, 7576.67,  424.92,    0.00,    0.00, 7579.17,  424.80,    0.00,    0.00, 7568.92,  425.02,    0.00,    0.00,45469.12, 2559.85,    0.00,    0.00,    1.00,    1.00,    0.00,    0.00,48028.97,  99944.52,   5595.04,      0.00,      0.00,  99944.52,   5595.04, 105539.56
2026-08-23,23:44:49.877, 9053.76,  484.02,    0.00,    0.00, 9045.34,  483.71,    0.00,    0.00, 9048.16,  483.89,    0.00,    0.00, 9036.42,  479.65,    0.00,    0.00, 9036.85,  479.65,    0.00,    0.00, 9029.35,  479.57,    0.00,    0.00,54249.88, 2890.49,    0.00,    0.00,    1.00,    1.00,    0.00,    0.00,57140.37, 7773.64,  417.80,    0.00,    0.00, 7761.56,  418.35,    0.00,    0.00, 7765.64,  416.74,    0.00,    0.00, 7761.79,  414.12,    0.00,    0.00, 7764.64,  414.03,    0.00,    0.00, 7754.50,  413.97,    0.00,    0.00,46581.77, 2495.01,    0.00,    0.00,    1.00,    1.00,    0.00,    0.00,49076.78, 100831.66,   5385.49,      0.00,      0.00, 100831.66,   5385.49, 106217.15
2026-08-23,23:44:50.869, 9056.12,  491.77,    0.00,    0.00, 9048.30,  491.78,    0.00,    0.00, 9051.74,  491.94,    0.00,    0.00, 9039.80,  487.72,    0.00,    0.00, 9039.38,  487.11,    0.00,    0.00, 9032.56,  487.43,    0.00,    0.00,54267.88, 2937.75,    0.00,    0.00,    1.00,    1.00,    0.00,    0.00,57205.63, 7648.76,  438.83,    0.00,    0.00, 7636.23,  439.84,    0.00,    0.00, 7640.45,  437.75,    0.00,    0.00, 7637.04,  435.40,    0.00,    0.00, 7639.80,  435.55,    0.00,    0.00, 7629.10,  435.58,    0.00,    0.00,45831.37, 2622.96,    0.00,    0.00,    1.00,    1.00,    0.00,    0.00,48454.33, 100099.25,   5560.71,      0.00,      0.00, 100099.25,   5560.71, 105659.96
2026-08-23,23:44:51.874, 9159.45,  498.02,    0.00,    0.00, 9150.76,  497.46,    0.00,    0.00, 9154.70,  498.06,    0.00,    0.00, 9143.55,  494.37,    0.00,    0.00, 9143.06,  493.78,    0.00,    0.00, 9135.13,  493.66,    0.00,    0.00,54886.64, 2975.35,    0.00,    0.00,    1.00,    1.00,    0.00,    0.00,57861.99, 7756.73,  417.27,    0.00,    0.00, 7744.31,  418.39,    0.00,    0.00, 7748.30,  416.32,    0.00,    0.00, 7744.64,  414.09,    0.00,    0.00, 7746.71,  413.95,    0.00,    0.00, 7737.79,  414.32,    0.00,    0.00,46478.49, 2494.33,    0.00,    0.00,    1.00,    1.00,    0.00,    0.00,48972.83, 101365.13,   5469.68,      0.00,      0.00, 101365.13,   5469.68, 106834.82
2026-08-23,23:44:52.870, 9053.56,  517.28,    0.00,    0.00, 9045.69,  516.96,    0.00,    0.00, 9049.16,  516.94,    0.00,    0.00, 9037.32,  513.44,    0.00,    0.00, 9037.67,  513.43,    0.00,    0.00, 9030.43,  513.50,    0.00,    0.00,54253.83, 3091.56,    0.00,    0.00,    1.00,    1.00,    0.00,    0.00,57345.39, 7634.55,  413.93,    0.00,    0.00, 7620.59,  414.89,    0.00,    0.00, 7625.72,  413.33,    0.00,    0.00, 7621.93,  411.31,    0.00,    0.00, 7624.79,  410.97,    0.00,    0.00, 7614.05,  411.11,    0.00,    0.00,45741.62, 2475.54,    0.00,    0.00,    1.00,    1.00,    0.00,    0.00,48217.17,  99995.45,   5567.10,      0.00,      0.00,  99995.45,   5567.10, 105562.55
2026-08-23,23:44:53.874, 9021.64,  479.49,    0.00,    0.00, 9012.62,  479.00,    0.00,    0.00, 9016.42,  479.30,    0.00,    0.00, 9005.23,  475.97,    0.00,    0.00, 9005.62,  475.51,    0.00,    0.00, 8996.86,  475.49,    0.00,    0.00,54058.38, 2864.76,    0.00,    0.00,    1.00,    1.00,    0.00,    0.00,56923.14, 7710.03,  421.47,    0.00,    0.00, 7697.73,  422.03,    0.00,    0.00, 7702.36,  420.54,    0.00,    0.00, 7698.38,  418.48,    0.00,    0.00, 7700.14,  418.14,    0.00,    0.00, 7690.60,  418.45,    0.00,    0.00,46199.25, 2519.11,    0.00,    0.00,    1.00,    1.00,    0.00,    0.00,48718.36, 100257.62,   5383.87,      0.00,      0.00, 100257.62,   5383.87, 105641.50
2026-08-23,23:44:54.870, 9032.54,  497.16,    0.00,    0.00, 9023.72,  496.69,    0.00,    0.00, 9026.98,  496.93,    0.00,    0.00, 9014.80,  493.33,    0.00,    0.00, 9015.33,  493.19,    0.00,    0.00, 9007.48,  493.09,    0.00,    0.00,54120.86, 2970.39,    0.00,    0.00,    1.00,    1.00,    0.00,    0.00,57091.25, 7588.53,  397.93,    0.00,    0.00, 7576.50,  398.68,    0.00,    0.00, 7579.78,  396.91,    0.00,    0.00, 7576.83,  395.13,    0.00,    0.00, 7579.71,  394.57,    0.00,    0.00, 7570.24,  394.71,    0.00,    0.00,45471.59, 2377.93,    0.00,    0.00,    1.00,    1.00,    0.00,    0.00,47849.52,  99592.45,   5348.32,      0.00,      0.00,  99592.45,   5348.32, 104940.77
2026-08-23,23:44:55.873, 9119.06,  506.12,    0.00,    0.00, 9110.04,  505.61,    0.00,    0.00, 9113.79,  505.64,    0.00,    0.00, 9102.21,  502.33,    0.00,    0.00, 9102.36,  502.34,    0.00,    0.00, 9094.08,  502.17,    0.00,    0.00,54641.55, 3024.21,    0.00,    0.00,    1.00,    1.00,    0.00,    0.00,57665.76, 7591.08,  398.35,    0.00,    0.00, 7577.35,  398.75,    0.00,    0.00, 7582.63,  397.20,    0.00,    0.00, 7579.96,  395.29,    0.00,    0.00, 7582.30,  395.20,    0.00,    0.00, 7571.99,  395.13,    0.00,    0.00,45485.31, 2379.93,    0.00,    0.00,    1.00,    1.00,    0.00,    0.00,47865.24, 100126.86,   5404.14,      0.00,      0.00, 100126.86,   5404.14, 105531.00
2026-08-23,23:44:56.870, 9026.63,  482.98,    0.00,    0.00, 9018.28,  482.36,    0.00,    0.00, 9022.21,  482.64,    0.00,    0.00, 9010.67,  479.31,    0.00,    0.00, 9010.08,  478.94,    0.00,    0.00, 9003.16,  478.86,    0.00,    0.00,54091.02, 2885.08,    0.00,    0.00,    1.00,    1.00,    0.00,    0.00,56976.10, 7786.03,  406.53,    0.00,    0.00, 7771.49,  407.17,    0.00,    0.00, 7776.58,  405.61,    0.00,    0.00, 7772.24,  403.29,    0.00,    0.00, 7775.21,  403.11,    0.00,    0.00, 7764.67,  402.98,    0.00,    0.00,46646.22, 2428.68,    0.00,    0.00,    1.00,    1.00,    0.00,    0.00,49074.90, 100737.23,   5313.76,      0.00,      0.00, 100737.23,   5313.76, 106051.00
