System,System,System,System,System,System,System,System,System,System,System,System,System,System,System,System,System,System,System,System,System,System,System,System,System Core C-States,System Core C-States,System Core C-States,System Pack C-States,System Pack C-States,System Pack C-States,System,System,System,Socket 0,Socket 0,Socket 0,Socket 0,Socket 0,Socket 0,Socket 0,Socket 0,Socket 0,Socket 0,Socket 0,Socket 0,Socket 0,Socket 0,Socket 0,Socket 0,Socket 0,Socket 0,Socket 0,Socket 0,Socket 0,Socket 1,Socket 1,Socket 1,Socket 1,Socket 1,Socket 1,Socket 1,Socket 1,Socket 1,Socket 1,Socket 1,Socket 1,Socket 1,Socket 1,Socket 1,Socket 1,Socket 1,Socket 1,Socket 1,Socket 1,Socket 1,Socket 2,Socket 2,Socket 2,Socket 2,Socket 2,Socket 2,Socket 2,Socket 2,Socket 2,Socket 2,Socket 2,Socket 2,Socket 2,Socket 2,Socket 2,Socket 2,Socket 2,Socket 2,Socket 2,Socket 2,Socket 2,Socket 3,Socket 3,Socket 3,Socket 3,Socket 3,Socket 3,Socket 3,Socket 3,Socket 3,Socket 3,Socket 3,Socket 3,Socket 3,Socket 3,Socket 3,Socket 3,Socket 3,Socket 3,Socket 3,Socket 3,Socket 3,SKT0dataIn,SKT0dataIn,SKT0dataIn,SKT0dataIn (percent),SKT0dataIn (percent),SKT0dataIn (percent),SKT1dataIn,SKT1dataIn,SKT1dataIn,SKT1dataIn (percent),SKT1dataIn (percent),SKT1dataIn (percent),SKT2dataIn,SKT2dataIn,SKT2dataIn,SKT2dataIn (percent),SKT2dataIn (percent),SKT2dataIn (percent),SKT3dataIn,SKT3dataIn,SKT3dataIn,SKT3dataIn (percent),SKT3dataIn (percent),SKT3dataIn (percent),SKT0trafficOut,SKT0trafficOut,SKT0trafficOut,SKT0trafficOut (percent),SKT0trafficOut (percent),SKT0trafficOut (percent),SKT1trafficOut,SKT1trafficOut,SKT1trafficOut,SKT1trafficOut (percent),SKT1trafficOut (percent),SKT1trafficOut (percent),SKT2trafficOut,SKT2trafficOut,SKT2trafficOut,SKT2trafficOut (percent),SKT2trafficOut (percent),SKT2trafficOut (percent),SKT3trafficOut,SKT3trafficOut,SKT3trafficOut,SKT3trafficOut (percent),SKT3trafficOut (percent),SKT3trafficOut (percent),SKT0 Core C-State,SKT0 Core C-State,SKT0 Core C-State,SKT0 Package C-State,SKT0 Package C-State,SKT0 Package C-State,SKT1 Core C-State,SKT1 Core C-State,SKT1 Core C-State,SKT1 Package C-State,SKT1 Package C-State,SKT1 Package C-State,SKT2 Core C-State,SKT2 Core C-State,SKT2 Core C-State,SKT2 Package C-State,SKT2 Package C-State,SKT2 Package C-State,SKT3 Core C-State,SKT3 Core C-State,SKT3 Core C-State,SKT3 Package C-State,SKT3 Package C-State,SKT3 Package C-State,Proc Energy (Joules),Proc Energy (Joules),Proc Energy (Joules),Proc Energy (Joules),DRAM Energy (Joules),DRAM Energy (Joules),DRAM Energy (Joules),DRAM Energy (Joules),UncFREQ (Ghz),UncFREQ (Ghz),UncFREQ (Ghz),UncFREQ (Ghz),
Date,Time,EXEC,IPC,FREQ,AFREQ,L3MISS,L2MISS,L3HIT,L3MPI,L2MPI,READ,WRITE,LOCAL,INST,ACYC,TIME(ticks),PhysIPC,PhysIPC%,INSTnom,INSTnom%,TotalUPIin,UPItoMC,TotalUPIout,C0res%,C1res%,C6res%,C0res%,C2res%,C6res%,Proc Energy (Joules),DRAM Energy (Joules),UncFREQ (Ghz),EXEC,IPC,FREQ,AFREQ,L3MISS,L2MISS,L3HIT,L3MPI,L2MPI,L3OCC,READ,WRITE,LOCAL,TEMP,INST,ACYC,TIME(ticks),PhysIPC,PhysIPC%,INSTnom,INSTnom%,EXEC,IPC,FREQ,AFREQ,L3MISS,L2MISS,L3HIT,L3MPI,L2MPI,L3OCC,READ,WRITE,LOCAL,TEMP,INST,ACYC,TIME(ticks),PhysIPC,PhysIPC%,INSTnom,INSTnom%,EXEC,IPC,FREQ,AFREQ,L3MISS,L2MISS,L3HIT,L3MPI,L2MPI,L3OCC,READ,WRITE,LOCAL,TEMP,INST,ACYC,TIME(ticks),PhysIPC,PhysIPC%,INSTnom,INSTnom%,EXEC,IPC,FREQ,AFREQ,L3MISS,L2MISS,L3HIT,L3MPI,L2MPI,L3OCC,READ,WRITE,LOCAL,TEMP,INST,ACYC,TIME(ticks),PhysIPC,PhysIPC%,INSTnom,INSTnom%,UPI0,UPI1,UPI2,UPI0,UPI1,UPI2,UPI0,UPI1,UPI2,UPI0,UPI1,UPI2,UPI0,UPI1,UPI2,UPI0,UPI1,UPI2,UPI0,UPI1,UPI2,UPI0,UPI1,UPI2,UPI0,UPI1,UPI2,UPI0,UPI1,UPI2,UPI0,UPI1,UPI2,UPI0,UPI1,UPI2,UPI0,UPI1,UPI2,UPI0,UPI1,UPI2,UPI0,UPI1,UPI2,UPI0,UPI1,UPI2,C0res%,C1res%,C6res%,C0res%,C2res%,C6res%,C0res%,C1res%,C6res%,C0res%,C2res%,C6res%,C0res%,C1res%,C6res%,C0res%,C2res%,C6res%,C0res%,C1res%,C6res%,C0res%,C2res%,C6res%,SKT0,SKT1,SKT2,SKT3,SKT0,SKT1,SKT2,SKT3,SKT0,SKT1,SKT2,SKT3,
2026-08-18,17:24:31.542,0.01,1.46,0.01,0.97,0.63,1.37,0.53,0.0002,0.0004,0.33,0.57,3,3215.27,2205.94,2104.73,2.92,72.88,0.02,0.60,576.97,0.64,1324.09,0.85,1.38,97.77,29.31,70.69,0.00,199.02,27.93,2.33,0.00,0.54,0.00,0.50,0.02,0.48,0.96,0.0008,0.0210, 22976,0.28,0.51,0,55,22.79,42.53,2104.73,1.07,26.80,0.00,0.02,0.00,0.33,0.00,0.56,0.02,0.07,0.75,0.0030,0.0121, 22592,0.02,0.03,9,56,5.62,17.12,2104.73,0.66,16.40,0.00,0.00,0.00,0.42,0.00,0.53,0.02,0.06,0.71,0.0026,0.0091, 22848,0.02,0.03,8,59,6.64,15.83,2104.73,0.84,20.98,0.00,0.00,0.05,1.49,0.03,1.00,0.58,0.76,0.23,0.0002,0.0002, 25472,0.01,0.01,79,60,3180.22,2130.47,2104.73,2.99,74.64,0.09,2.36,249.58,2.10,1.43,  1%,  0%,  0%,2.09,1.58,11.05,  0%,  0%,  0%,2.11,12.09,1.32,  0%,  0%,  0%,13.65,268.50,11.47,  0%,  1%,  0%,562.30,11.95,11.18,  2%,  0%,  0%,11.69,8.24,26.68,  0%,  0%,  0%,7.75,30.01,11.06,  0%,  0%,  0%,30.99,584.10,28.16,  0%,  2%,  0%,0.13,0.83,99.04,10.39,89.61,0.00,0.05,0.40,99.56,3.89,96.11,0.00,0.04,0.32,99.64,2.95,97.05,0.00,3.16,3.98,92.86,100.00,0.00,0.00,46.88,50.08,47.49,54.57,6.88 ,5.51 ,6.05 ,9.50 ,2.30,2.30,2.30,2.40,
2026-08-18,17:24:32.540,0.01,1.06,0.01,0.93,1.68,3.42,0.51,0.0008,0.0016,0.42,0.55,17,2111.33,1983.59,2092.96,2.13,53.22,0.02,0.39,575.81,0.60,1653.03,0.80,1.44,97.76,29.24,70.73,0.03,198.19,28.00,2.32,0.00,0.51,0.00,0.57,0.03,0.39,0.93,0.0011,0.0171, 22976,0.13,0.18,2,55,22.85,44.90,2092.96,1.02,25.45,0.00,0.02,0.01,1.17,0.01,0.86,0.19,1.07,0.82,0.0003,0.0015, 23040,0.16,0.24,23,55,735.44,630.25,2092.96,2.33,58.35,0.02,0.55,0.00,0.42,0.00,0.56,0.01,0.05,0.79,0.0017,0.0086, 22208,0.07,0.08,1,60,6.21,14.67,2092.96,0.85,21.16,0.00,0.00,0.02,1.04,0.02,1.00,1.46,1.90,0.23,0.0011,0.0014, 24384,0.05,0.04,66,61,1346.83,1293.77,2092.96,2.08,52.05,0.04,1.00,91.06,13.07,1.86,  0%,  0%,  0%,19.97,9.23,95.83,  0%,  0%,  0%,7.64,33.79,1.57,  0%,  0%,  0%,57.72,113.61,130.47,  0%,  0%,  0%,240.64,94.03,33.17,  1%,  0%,  0%,91.10,67.44,292.48,  0%,  0%,  1%,65.33,119.38,33.50,  0%,  0%,  0%,105.96,235.78,274.21,  0%,  1%,  1%,0.12,0.77,99.11,9.69,90.28,0.03,1.09,2.46,96.45,44.92,55.05,0.03,0.04,0.19,99.77,2.06,97.91,0.03,1.94,2.35,95.71,60.30,39.68,0.03,46.50,52.69,47.22,51.79,6.37 ,7.93 ,6.19 ,7.52 ,2.30,2.34,2.30,2.36,
2026-08-18,17:24:33.540,0.05,0.67,0.07,0.99,0.38,2.67,0.86,0.0000,0.0002,0.10,0.16,55,12430.95,18600.33,2095.42,1.34,33.42,0.09,2.32,69.55,0.27,348.83,7.01,7.48,85.52,36.64,63.21,0.14,218.19,28.99,2.33,0.04,0.59,0.07,1.00,0.04,0.25,0.82,0.0000,0.0001, 23040,0.01,0.01,48,55,2583.51,4370.13,2095.42,1.18,29.56,0.08,1.93,0.07,0.85,0.08,0.97,0.23,2.20,0.90,0.0000,0.0005, 23296,0.06,0.12,57,55,4703.53,5545.31,2095.42,1.70,42.41,0.14,3.51,0.04,0.59,0.06,1.00,0.06,0.13,0.50,0.0000,0.0001, 23296,0.01,0.01,60,59,2421.88,4093.21,2095.42,1.18,29.58,0.07,1.81,0.04,0.59,0.07,1.00,0.05,0.10,0.51,0.0000,0.0000, 23680,0.01,0.01,46,61,2722.04,4591.68,2095.42,1.19,29.64,0.08,2.03,2.06,4.68,1.98,  0%,  0%,  0%,38.67,4.46,5.82,  0%,  0%,  0%,3.42,1.61,1.50,  0%,  0%,  0%,1.09,1.28,2.97,  0%,  0%,  0%,6.44,98.09,6.63,  0%,  0%,  0%,74.79,34.73,34.86,  0%,  0%,  0%,33.32,5.46,6.97,  0%,  0%,  0%,5.84,6.90,34.79,  0%,  0%,  0%,6.55,6.88,86.57,19.33,80.53,0.14,8.50,10.56,80.94,99.73,0.13,0.14,6.12,6.27,87.62,13.87,85.96,0.16,6.86,6.20,86.94,13.64,86.22,0.14,51.57,60.99,52.27,53.36,6.62 ,10.58 ,6.64 ,5.15 ,2.31,2.40,2.31,2.31,
2026-08-18,17:24:34.540,0.05,0.69,0.07,0.99,0.38,3.00,0.87,0.0000,0.0002,0.10,0.13,65,12929.63,18783.03,2095.25,1.38,34.42,0.10,2.41,51.88,0.23,268.58,7.06,7.82,85.12,37.97,62.02,0.02,218.05,29.03,2.33,0.04,0.60,0.06,0.99,0.04,0.25,0.83,0.0000,0.0001, 22848,0.01,0.01,51,55,2587.96,4339.36,2095.25,1.19,29.82,0.08,1.93,0.08,0.90,0.09,0.98,0.25,2.53,0.90,0.0000,0.0005, 22592,0.06,0.10,68,54,5184.15,5783.99,2095.25,1.79,44.81,0.15,3.87,0.04,0.59,0.06,1.00,0.05,0.12,0.56,0.0000,0.0000, 22400,0.01,0.01,60,59,2579.86,4336.81,2095.25,1.19,29.74,0.08,1.92,0.04,0.60,0.06,1.00,0.04,0.11,0.60,0.0000,0.0000, 24064,0.01,0.01,47,61,2577.66,4322.87,2095.25,1.19,29.81,0.08,1.92,2.07,4.16,2.02,  0%,  0%,  0%,26.83,3.68,4.59,  0%,  0%,  0%,2.12,1.08,1.71,  0%,  0%,  0%,0.85,1.06,1.73,  0%,  0%,  0%,5.65,70.64,6.42,  0%,  0%,  0%,54.90,27.02,27.39,  0%,  0%,  0%,26.45,4.40,6.73,  0%,  0%,  0%,4.63,6.44,27.91,  0%,  0%,  0%,6.51,7.16,86.33,20.97,79.02,0.02,8.77,10.52,80.71,99.94,0.04,0.02,6.49,6.78,86.73,15.49,84.49,0.02,6.47,6.80,86.73,15.47,84.52,0.02,51.32,61.20,52.38,53.16,6.66 ,10.60 ,6.67 ,5.10 ,2.31,2.40,2.31,2.31,
2026-08-18,17:24:35.540,0.01,1.63,0.01,0.91,0.27,2.58,0.89,0.0001,0.0009,0.12,0.15,72,2967.55,1823.94,2095.75,3.25,81.35,0.02,0.55,47.87,0.18,294.60,0.75,1.47,97.78,28.47,71.53,0.00,198.43,27.09,2.32,0.00,0.40,0.00,0.54,0.02,0.27,0.93,0.0013,0.0174, 22848,0.01,0.01,38,55,15.46,38.38,2095.75,0.81,20.15,0.00,0.01,0.04,1.68,0.03,0.94,0.23,2.15,0.89,0.0001,0.0007, 23616,0.10,0.13,76,54,2937.20,1746.19,2095.75,3.36,84.10,0.09,2.19,0.00,0.44,0.00,0.56,0.02,0.09,0.79,0.0018,0.0086, 22400,0.01,0.01,39,60,10.12,23.07,2095.75,0.88,21.92,0.00,0.01,0.00,0.29,0.00,0.50,0.01,0.07,0.86,0.0020,0.0149, 23872,0.01,0.01,16,61,4.77,16.30,2095.75,0.58,14.62,0.00,0.00,1.89,5.54,1.96,  0%,  0%,  0%,24.13,2.31,3.25,  0%,  0%,  0%,4.28,0.78,1.48,  0%,  0%,  0%,0.69,0.97,0.58,  0%,  0%,  0%,4.29,73.26,4.80,  0%,  0%,  0%,62.49,37.20,32.61,  0%,  0%,  0%,32.27,2.62,5.32,  0%,  0%,  0%,2.78,5.03,31.92,  0%,  0%,  0%,0.11,0.68,99.22,8.09,91.91,0.00,2.78,4.55,92.68,99.99,0.01,0.00,0.06,0.38,99.56,3.77,96.22,0.00,0.05,0.29,99.66,2.04,97.96,0.00,46.41,56.71,47.25,48.06,5.94 ,10.60 ,6.06 ,4.50 ,2.30,2.40,2.30,2.30,
2026-08-18,17:24:36.541,0.01,1.59,0.01,0.92,0.32,2.68,0.88,0.0001,0.0009,0.11,0.12,73,3018.73,1901.47,2095.51,3.18,79.38,0.02,0.56,39.52,0.17,195.74,0.77,1.76,97.46,29.98,70.02,0.00,199.54,27.17,2.33,0.00,0.38,0.00,0.53,0.02,0.20,0.92,0.0014,0.0169, 22720,0.01,0.01,29,55,11.69,30.77,2095.51,0.76,18.99,0.00,0.01,0.04,1.65,0.03,0.95,0.26,2.29,0.89,0.0001,0.0008, 23104,0.08,0.09,78,55,2979.56,1802.36,2095.51,3.31,82.66,0.09,2.22,0.00,0.44,0.00,0.54,0.01,0.06,0.79,0.0015,0.0073, 22016,0.01,0.01,21,60,8.26,18.69,2095.51,0.88,22.10,0.00,0.01,0.00,0.39,0.00,0.62,0.04,0.13,0.70,0.0020,0.0068, 23616,0.02,0.01,54,61,19.23,49.66,2095.51,0.77,19.36,0.00,0.01,2.29,2.20,0.96,  0%,  0%,  0%,20.22,2.18,4.42,  0%,  0%,  0%,1.06,2.22,0.78,  0%,  0%,  0%,1.10,1.27,0.82,  0%,  0%,  0%,5.41,51.35,2.88,  0%,  0%,  0%,39.83,17.69,20.01,  0%,  0%,  0%,17.07,4.71,3.10,  0%,  0%,  0%,5.72,6.32,21.63,  0%,  0%,  0%,0.09,0.61,99.31,8.36,91.64,0.00,2.84,4.05,93.11,100.00,0.00,0.00,0.05,0.45,99.50,5.94,94.06,0.00,0.12,1.94,97.94,5.60,94.40,0.00,46.48,56.92,47.39,48.74,5.93 ,10.61 ,6.05 ,4.58 ,2.30,2.40,2.30,2.30,
2026-08-18,17:24:37.542,0.01,1.63,0.01,0.94,0.21,3.11,0.93,0.0001,0.0010,0.09,0.10,77,3192.09,1959.57,2095.67,3.26,81.45,0.02,0.59,28.63,0.15,166.28,0.77,1.26,97.96,27.73,72.27,0.00,198.66,26.99,2.32,0.00,0.37,0.00,0.54,0.01,0.18,0.93,0.0012,0.0170, 22720,0.01,0.01,29,55,10.45,28.56,2095.67,0.73,18.30,0.00,0.01,0.05,1.67,0.03,0.96,0.19,2.84,0.93,0.0001,0.0009, 21696,0.07,0.08,83,55,3172.06,1905.10,2095.67,3.33,83.25,0.09,2.36,0.00,0.45,0.00,0.56,0.01,0.05,0.80,0.0015,0.0075, 22080,0.01,0.00,30,60,6.12,13.66,2095.67,0.90,22.41,0.00,0.00,0.00,0.28,0.00,0.57,0.01,0.04,0.83,0.0019,0.0117, 23424,0.01,0.01,14,61,3.45,12.26,2095.67,0.56,14.08,0.00,0.00,1.24,2.48,0.71,  0%,  0%,  0%,14.97,1.77,3.36,  0%,  0%,  0%,1.04,0.39,0.63,  0%,  0%,  0%,0.66,0.84,0.54,  0%,  0%,  0%,3.46,42.18,2.52,  0%,  0%,  0%,34.79,17.96,18.56,  0%,  0%,  0%,16.97,2.13,2.62,  0%,  0%,  0%,1.95,3.70,19.42,  0%,  0%,  0%,0.08,0.52,99.40,6.99,93.01,0.00,2.95,4.14,92.91,100.00,0.00,0.00,0.04,0.20,99.77,2.06,97.94,0.00,0.03,0.19,99.78,1.88,98.12,0.00,46.42,56.91,47.25,48.08,5.93 ,10.59 ,6.00 ,4.47 ,2.30,2.40,2.30,2.30,
2026-08-18,17:24:38.542,0.01,1.61,0.01,0.92,0.39,2.88,0.86,0.0001,0.0010,0.13,0.14,79,2913.56,1811.79,2099.96,3.22,80.41,0.02,0.54,36.52,0.13,246.40,0.73,1.38,97.89,27.76,71.28,0.96,198.16,26.78,2.30,0.00,0.35,0.00,0.54,0.02,0.16,0.88,0.0017,0.0142, 22656,0.01,0.01,47,56,11.62,33.32,2099.96,0.70,17.43,0.00,0.01,0.04,1.66,0.03,0.95,0.35,2.58,0.86,0.0001,0.0009, 23680,0.11,0.12,83,55,2890.74,1746.16,2099.96,3.31,82.77,0.09,2.15,0.00,0.40,0.00,0.57,0.01,0.06,0.86,0.0014,0.0098, 21824,0.01,0.01,23,60,6.41,15.84,2099.96,0.81,20.23,0.00,0.00,0.00,0.29,0.00,0.63,0.01,0.07,0.87,0.0018,0.0140, 23360,0.01,0.01,17,62,4.79,16.46,2099.96,0.58,14.56,0.00,0.00,1.39,2.42,0.77,  0%,  0%,  0%,21.03,2.00,4.32,  0%,  0%,  0%,1.09,0.44,0.75,  0%,  0%,  0%,0.67,0.88,0.75,  0%,  0%,  0%,3.66,62.15,2.82,  0%,  0%,  0%,51.06,27.54,30.23,  0%,  0%,  0%,25.82,2.25,2.87,  0%,  0%,  0%,2.09,4.07,31.84,  0%,  0%,  0%,0.09,0.62,99.29,7.42,91.63,0.95,2.75,4.24,93.01,98.85,0.20,0.95,0.04,0.35,99.61,2.32,96.68,1.00,0.04,0.32,99.64,2.46,96.58,0.95,46.31,56.51,47.08,48.26,5.92 ,10.50 ,5.94 ,4.41 ,2.28,2.38,2.28,2.28,
2026-08-18,17:24:39.542,0.00,0.56,0.00,0.54,0.09,0.73,0.88,0.0007,0.0057,0.04,0.06,53,129.98,232.20,2092.36,1.12,27.99,0.00,0.02,25.45,0.25,100.79,0.16,1.24,98.60,11.03,27.51,61.45,89.49,10.24,0.53,0.00,0.63,0.00,0.54,0.03,0.50,0.93,0.0003,0.0046, 20864,0.01,0.02,91,57,107.70,169.81,2092.36,1.27,31.71,0.00,0.08,0.00,0.35,0.00,0.53,0.03,0.11,0.70,0.0034,0.0114, 21056,0.02,0.03,26,57,9.49,27.10,2092.36,0.70,17.51,0.00,0.01,0.00,0.40,0.00,0.59,0.01,0.07,0.78,0.0018,0.0086, 22080,0.01,0.01,33,61,8.07,20.02,2092.36,0.81,20.16,0.00,0.01,0.00,0.31,0.00,0.53,0.01,0.06,0.85,0.0019,0.0128, 23552,0.01,0.01,19,63,4.71,15.26,2092.36,0.62,15.43,0.00,0.00,2.19,3.20,1.13,  0%,  0%,  0%,8.98,1.21,1.32,  0%,  0%,  0%,0.98,0.74,3.43,  0%,  0%,  0%,0.75,1.11,0.42,  0%,  0%,  0%,7.71,25.84,10.35,  0%,  0%,  0%,20.48,3.66,3.11,  0%,  0%,  0%,3.85,2.64,8.20,  0%,  0%,  0%,2.62,8.41,3.92,  0%,  0%,  0%,0.47,3.91,95.62,31.54,7.36,61.10,0.08,0.53,99.40,6.51,32.33,61.16,0.05,0.28,99.66,3.63,33.96,62.40,0.04,0.24,99.71,2.45,36.39,61.16,25.95,23.25,18.10,22.19,3.59 ,2.52 ,2.54 ,1.58 ,0.55,0.54,0.51,0.53,
2026-08-18,17:24:40.542,0.00,0.63,0.00,0.58,0.13,0.97,0.85,0.0005,0.0037,0.05,0.07,60,263.95,421.98,2096.23,1.25,31.28,0.00,0.05,35.70,0.29,167.87,0.27,1.96,97.77,15.63,39.93,44.44,108.60,14.57,0.88,0.00,0.72,0.00,0.58,0.05,0.73,0.93,0.0002,0.0031, 20352,0.02,0.03,94,57,232.55,322.70,2096.23,1.44,36.03,0.01,0.17,0.00,0.32,0.00,0.55,0.02,0.08,0.68,0.0027,0.0084, 22016,0.02,0.03,14,57,9.20,28.67,2096.23,0.64,16.05,0.00,0.01,0.00,0.34,0.00,0.61,0.03,0.09,0.64,0.0023,0.0066, 22464,0.01,0.01,58,62,13.18,38.36,2096.23,0.69,17.17,0.00,0.01,0.00,0.28,0.00,0.66,0.03,0.08,0.62,0.0031,0.0084, 24000,0.01,0.01,55,63,9.03,32.25,2096.23,0.56,14.01,0.00,0.01,2.70,3.46,3.90,  0%,  0%,  0%,15.55,1.44,0.68,  0%,  0%,  0%,2.93,0.73,2.10,  0%,  0%,  0%,0.74,1.06,0.41,  0%,  0%,  0%,15.84,41.82,17.61,  0%,  0%,  0%,29.88,7.78,3.89,  0%,  0%,  0%,6.25,3.08,18.30,  0%,  0%,  0%,3.05,16.33,4.05,  0%,  0%,  0%,0.84,6.55,92.61,50.20,5.71,44.09,0.08,0.48,99.44,4.61,51.24,44.15,0.09,0.45,99.46,4.53,50.10,45.36,0.07,0.34,99.59,3.19,52.66,44.15,30.32,27.91,23.54,26.84,5.46 ,3.29 ,3.44 ,2.38 ,0.92,0.87,0.85,0.87,
2026-08-18,17:24:41.543,0.00,0.58,0.00,0.58,0.13,1.15,0.88,0.0006,0.0050,0.04,0.06,79,228.58,395.24,2095.61,1.16,28.92,0.00,0.04,16.63,0.18,113.37,0.25,1.97,97.78,16.41,37.46,46.12,109.97,13.98,0.93,0.00,0.66,0.00,0.58,0.04,0.84,0.95,0.0002,0.0045, 21632,0.01,0.03,95,57,187.19,283.01,2095.61,1.32,33.07,0.01,0.14,0.00,0.33,0.00,0.57,0.02,0.08,0.68,0.0030,0.0097, 22144,0.01,0.01,40,58,8.01,24.24,2095.61,0.66,16.52,0.00,0.01,0.00,0.44,0.00,0.57,0.02,0.08,0.70,0.0019,0.0065, 22656,0.01,0.01,63,62,12.29,28.17,2095.61,0.87,21.80,0.00,0.01,0.00,0.35,0.00,0.64,0.04,0.15,0.76,0.0017,0.0071, 23616,0.01,0.01,62,63,21.09,59.81,2095.61,0.71,17.63,0.00,0.02,2.44,1.70,1.16,  0%,  0%,  0%,2.72,1.12,1.09,  0%,  0%,  0%,0.95,1.53,0.90,  0%,  0%,  0%,1.07,1.28,0.68,  0%,  0%,  0%,15.54,16.83,13.25,  0%,  0%,  0%,15.08,3.44,3.80,  0%,  0%,  0%,3.61,4.21,12.87,  0%,  0%,  0%,4.67,15.79,4.30,  0%,  0%,  0%,0.73,5.09,94.18,47.92,6.37,45.71,0.06,0.46,99.47,5.25,48.96,45.79,0.07,0.56,99.37,6.66,46.13,47.22,0.14,1.77,98.09,5.83,48.38,45.79,30.37,28.30,23.65,27.65,5.11 ,3.18 ,3.31 ,2.37 ,0.98,0.92,0.90,0.93,
2026-08-18,17:24:42.543,0.00,0.75,0.00,0.59,0.09,0.98,0.89,0.0003,0.0031,0.04,0.07,85,315.71,423.33,2096.06,1.49,37.29,0.00,0.06,14.28,0.14,131.15,0.27,2.00,97.73,17.37,46.11,36.52,130.08,16.71,1.27,0.00,0.82,0.01,0.58,0.04,0.75,0.93,0.0001,0.0026, 21632,0.02,0.05,97,57,293.36,355.81,2096.06,1.65,41.22,0.01,0.22,0.00,0.30,0.00,0.62,0.02,0.09,0.79,0.0026,0.0123, 21504,0.01,0.01,40,57,7.60,25.15,2096.06,0.60,15.11,0.00,0.01,0.00,0.38,0.00,0.62,0.02,0.06,0.75,0.0020,0.0081, 22464,0.01,0.01,55,62,8.00,21.00,2096.06,0.76,19.04,0.00,0.01,0.00,0.32,0.00,0.60,0.02,0.07,0.75,0.0025,0.0102, 22976,0.01,0.01,44,63,6.75,21.37,2096.06,0.63,15.80,0.00,0.01,1.95,2.28,0.91,  0%,  0%,  0%,1.97,1.01,0.96,  0%,  0%,  0%,1.04,0.68,0.64,  0%,  0%,  0%,0.81,1.17,0.86,  0%,  0%,  0%,19.10,20.68,17.40,  0%,  0%,  0%,19.37,3.63,3.57,  0%,  0%,  0%,3.59,2.72,16.59,  0%,  0%,  0%,2.63,18.39,3.47,  0%,  0%,  0%,0.91,6.84,92.25,59.45,4.35,36.20,0.06,0.45,99.49,4.55,59.20,36.26,0.05,0.38,99.57,2.75,59.91,37.35,0.05,0.35,99.60,2.74,61.00,36.26,35.25,33.42,29.00,32.41,6.49 ,3.62 ,3.89 ,2.70 ,1.32,1.26,1.24,1.26,
2026-08-18,17:24:43.542,0.00,0.95,0.00,0.68,0.12,1.05,0.86,0.0002,0.0017,0.05,0.12,92,617.97,652.61,2093.71,1.89,47.35,0.00,0.12,12.19,0.07,227.32,0.36,2.55,97.09,19.15,52.65,28.20,155.10,19.05,1.65,0.01,1.00,0.01,0.69,0.08,0.81,0.87,0.0001,0.0014, 20160,0.03,0.10,99,57,598.94,600.97,2093.71,1.99,49.83,0.02,0.45,0.00,0.35,0.00,0.63,0.02,0.11,0.85,0.0021,0.0146, 21824,0.01,0.01,29,57,7.42,20.95,2093.71,0.71,17.71,0.00,0.01,0.00,0.44,0.00,0.67,0.01,0.07,0.84,0.0016,0.0099, 22400,0.00,0.00,44,61,7.19,16.47,2093.71,0.87,21.83,0.00,0.01,0.00,0.31,0.00,0.60,0.01,0.06,0.85,0.0019,0.0129, 23168,0.01,0.01,21,63,4.41,14.22,2093.71,0.62,15.51,0.00,0.00,2.40,2.77,0.94,  0%,  0%,  0%,1.45,0.59,0.33,  0%,  0%,  0%,0.79,0.39,0.56,  0%,  0%,  0%,0.64,1.01,0.32,  0%,  0%,  0%,37.01,38.02,34.99,  0%,  0%,  0%,35.90,2.88,2.19,  0%,  0%,  0%,2.58,1.96,32.54,  0%,  0%,  0%,1.76,35.18,2.31,  0%,  0%,  0%,1.31,9.51,89.18,69.47,2.51,28.02,0.05,0.29,99.66,3.06,68.89,28.05,0.04,0.21,99.75,2.13,69.17,28.70,0.04,0.20,99.76,1.94,70.02,28.05,41.45,39.82,35.54,38.29,7.60 ,4.01 ,4.34 ,3.10 ,1.70,1.63,1.62,1.63,
2026-08-18,17:24:44.542,0.00,0.97,0.00,0.69,0.10,0.99,0.87,0.0002,0.0016,0.04,0.11,92,625.71,646.14,2095.25,1.94,48.42,0.00,0.12,12.88,0.08,218.11,0.35,2.68,96.97,18.11,49.98,31.91,148.58,18.16,1.54,0.01,1.01,0.01,0.71,0.07,0.82,0.88,0.0001,0.0013, 20544,0.03,0.10,99,57,610.12,603.74,2095.25,2.02,50.53,0.02,0.45,0.00,0.36,0.00,0.54,0.01,0.07,0.80,0.0025,0.0124, 21632,0.01,0.01,28,57,5.70,15.81,2095.25,0.72,18.03,0.00,0.00,0.00,0.41,0.00,0.58,0.01,0.04,0.81,0.0015,0.0078, 22336,0.00,0.00,33,62,5.73,14.00,2095.25,0.82,20.47,0.00,0.00,0.00,0.33,0.00,0.55,0.01,0.05,0.82,0.0023,0.0130, 23040,0.01,0.01,25,63,4.16,12.59,2095.25,0.66,16.54,0.00,0.00,2.54,3.00,0.97,  0%,  0%,  0%,1.52,0.63,0.50,  0%,  0%,  0%,0.83,0.40,0.54,  0%,  0%,  0%,0.63,0.97,0.35,  0%,  0%,  0%,35.01,36.23,33.05,  0%,  0%,  0%,34.50,3.05,2.49,  0%,  0%,  0%,2.88,2.04,30.87,  0%,  0%,  0%,1.85,33.50,2.65,  0%,  0%,  0%,1.28,10.03,88.69,64.75,3.59,31.66,0.04,0.27,99.69,3.05,65.25,31.70,0.04,0.24,99.73,2.59,64.83,32.58,0.03,0.19,99.77,2.05,66.24,31.71,40.03,38.09,33.78,36.70,7.21 ,3.87 ,4.14 ,2.93 ,1.59,1.53,1.51,1.53,
2026-08-18,17:24:45.543,0.00,1.01,0.00,0.72,0.14,1.04,0.82,0.0002,0.0012,0.08,0.18,83,863.73,858.50,2095.45,2.01,50.30,0.01,0.16,34.47,0.14,333.47,0.44,3.30,96.26,20.66,56.14,23.20,162.88,20.82,1.77,0.01,1.06,0.01,0.74,0.11,0.86,0.81,0.0001,0.0010, 21376,0.04,0.13,99,57,846.74,799.14,2095.45,2.12,52.98,0.03,0.63,0.00,0.29,0.00,0.56,0.02,0.08,0.80,0.0024,0.0121, 21504,0.03,0.03,8,57,6.84,23.39,2095.45,0.59,14.63,0.00,0.01,0.00,0.33,0.00,0.53,0.01,0.06,0.81,0.0017,0.0088, 22336,0.01,0.01,20,61,6.25,19.09,2095.45,0.65,16.36,0.00,0.00,0.00,0.23,0.00,0.52,0.01,0.05,0.87,0.0017,0.0130, 23104,0.01,0.01,15,63,3.90,16.88,2095.45,0.46,11.56,0.00,0.00,2.84,13.48,1.91,  0%,  0%,  0%,8.78,0.72,0.56,  0%,  0%,  0%,0.89,0.38,2.73,  0%,  0%,  0%,0.66,1.11,0.40,  0%,  0%,  0%,45.75,68.59,48.12,  0%,  0%,  0%,66.78,3.59,3.00,  0%,  0%,  0%,3.34,2.20,43.62,  0%,  0%,  0%,1.92,43.41,3.18,  0%,  0%,  0%,1.60,11.99,86.40,74.78,2.17,23.05,0.06,0.48,99.46,3.39,73.53,23.07,0.05,0.37,99.57,2.37,74.04,23.59,0.05,0.36,99.59,2.09,74.82,23.08,43.52,41.67,37.63,40.06,8.41 ,4.37 ,4.68 ,3.36 ,1.83,1.75,1.74,1.75,
2026-08-18,17:24:46.543,0.00,0.70,0.00,0.56,0.08,0.96,0.90,0.0003,0.0039,0.03,0.06,81,248.15,353.40,2095.63,1.40,35.11,0.00,0.05,14.03,0.16,108.02,0.23,2.37,97.40,16.06,42.37,41.57,136.60,15.61,1.33,0.00,0.77,0.00,0.56,0.04,0.73,0.94,0.0002,0.0032, 20928,0.01,0.04,96,57,227.01,296.62,2095.63,1.53,38.27,0.01,0.17,0.00,0.37,0.00,0.56,0.02,0.11,0.83,0.0021,0.0124, 22272,0.01,0.01,34,58,8.60,23.21,2095.63,0.74,18.54,0.00,0.01,0.00,0.39,0.00,0.56,0.01,0.06,0.80,0.0018,0.0089, 22592,0.01,0.00,46,62,7.15,18.33,2095.63,0.78,19.52,0.00,0.01,0.00,0.35,0.00,0.53,0.01,0.06,0.79,0.0023,0.0112, 23232,0.01,0.01,35,63,5.38,15.24,2095.63,0.71,17.66,0.00,0.00,1.94,2.23,0.80,  0%,  0%,  0%,3.19,1.10,0.69,  0%,  0%,  0%,0.96,0.45,0.60,  0%,  0%,  0%,0.66,0.90,0.53,  0%,  0%,  0%,14.92,18.76,13.51,  0%,  0%,  0%,16.65,3.38,2.75,  0%,  0%,  0%,3.44,2.20,12.79,  0%,  0%,  0%,2.05,14.79,2.77,  0%,  0%,  0%,0.79,8.30,90.91,54.40,4.33,41.27,0.06,0.50,99.44,4.75,53.94,41.32,0.05,0.34,99.61,2.57,55.09,42.35,0.04,0.31,99.64,2.53,56.14,41.33,37.11,35.31,30.43,33.75,6.06 ,3.43 ,3.62 ,2.50 ,1.38,1.32,1.30,1.32,
2026-08-18,17:24:47.544,0.00,0.71,0.00,0.57,0.11,1.07,0.89,0.0004,0.0036,0.04,0.07,84,297.39,421.49,2096.30,1.41,35.28,0.00,0.06,14.93,0.14,129.69,0.27,2.57,97.16,17.46,40.46,42.08,131.12,15.47,1.26,0.00,0.80,0.00,0.57,0.04,0.76,0.94,0.0002,0.0029, 21376,0.02,0.05,97,58,260.25,323.94,2096.30,1.61,40.17,0.01,0.19,0.00,0.37,0.00,0.53,0.02,0.09,0.77,0.0029,0.0124, 22528,0.01,0.01,35,58,7.54,20.28,2096.30,0.74,18.58,0.00,0.01,0.00,0.43,0.00,0.61,0.01,0.07,0.80,0.0015,0.0074, 22080,0.00,0.00,45,62,9.51,21.99,2096.30,0.87,21.63,0.00,0.01,0.00,0.36,0.00,0.60,0.03,0.15,0.79,0.0016,0.0075, 23872,0.01,0.01,58,63,20.09,55.27,2096.30,0.73,18.17,0.00,0.01,2.63,2.10,0.97,  0%,  0%,  0%,2.07,0.68,0.84,  0%,  0%,  0%,0.89,1.05,0.69,  0%,  0%,  0%,0.97,1.34,0.69,  0%,  0%,  0%,19.52,19.66,16.43,  0%,  0%,  0%,18.38,3.04,3.63,  0%,  0%,  0%,2.83,3.58,15.61,  0%,  0%,  0%,3.73,19.46,3.83,  0%,  0%,  0%,0.85,7.34,91.81,53.16,5.13,41.71,0.06,0.44,99.50,4.89,53.33,41.78,0.05,0.50,99.44,6.16,50.78,43.06,0.14,1.98,97.88,5.63,52.60,41.78,35.62,33.88,28.83,32.79,5.89 ,3.40 ,3.60 ,2.58 ,1.31,1.26,1.23,1.26,
2026-08-18,17:24:48.544,0.00,0.64,0.00,0.58,0.10,1.02,0.89,0.0004,0.0044,0.04,0.06,77,234.67,366.72,2096.27,1.28,32.00,0.00,0.04,20.15,0.19,122.48,0.24,1.49,98.27,13.76,38.09,48.15,107.47,13.52,0.87,0.00,0.69,0.00,0.57,0.04,0.78,0.94,0.0002,0.0041, 20736,0.01,0.04,95,58,189.70,273.11,2096.27,1.39,34.73,0.01,0.14,0.00,0.44,0.00,0.58,0.02,0.08,0.71,0.0019,0.0067, 22976,0.01,0.01,41,58,11.55,26.21,2096.27,0.88,22.03,0.00,0.01,0.00,0.55,0.00,0.66,0.02,0.10,0.75,0.0009,0.0038, 22208,0.02,0.01,57,63,26.23,47.53,2096.27,1.10,27.59,0.00,0.02,0.00,0.36,0.00,0.53,0.02,0.06,0.72,0.0024,0.0089, 23808,0.01,0.01,48,64,7.19,19.88,2096.27,0.72,18.09,0.00,0.01,2.18,2.15,3.39,  0%,  0%,  0%,1.74,3.36,0.76,  0%,  0%,  0%,1.54,0.96,1.03,  0%,  0%,  0%,1.51,0.99,0.53,  0%,  0%,  0%,14.45,15.58,15.60,  0%,  0%,  0%,14.99,6.59,2.97,  0%,  0%,  0%,8.18,4.93,17.03,  0%,  0%,  0%,4.37,14.61,3.18,  0%,  0%,  0%,0.71,4.99,94.30,45.65,6.70,47.65,0.07,0.36,99.57,3.46,48.81,47.73,0.11,0.34,99.55,3.00,47.53,49.47,0.06,0.28,99.66,2.94,49.33,47.73,29.83,27.80,23.03,26.80,5.07 ,3.08 ,3.20 ,2.17 ,0.91,0.87,0.84,0.87,
2026-08-18,17:24:49.543,0.00,0.82,0.00,0.63,0.14,1.09,0.85,0.0003,0.0023,0.06,0.09,84,477.23,579.16,2093.63,1.65,41.20,0.00,0.09,22.30,0.15,194.49,0.34,2.20,97.45,19.25,51.26,29.49,139.86,18.68,1.42,0.01,0.90,0.01,0.64,0.07,0.85,0.90,0.0002,0.0019, 22080,0.03,0.07,95,58,445.57,496.60,2093.63,1.79,44.86,0.01,0.33,0.00,0.33,0.00,0.53,0.02,0.07,0.75,0.0025,0.0104, 23424,0.01,0.01,29,58,6.51,19.75,2093.63,0.66,16.48,0.00,0.00,0.00,0.44,0.00,0.61,0.03,0.09,0.67,0.0020,0.0062, 22720,0.01,0.01,71,62,14.64,32.94,2093.63,0.89,22.22,0.00,0.01,0.00,0.35,0.00,0.59,0.02,0.09,0.74,0.0021,0.0082, 24256,0.01,0.01,41,63,10.50,29.86,2093.63,0.70,17.59,0.00,0.01,4.47,4.25,1.79,  0%,  0%,  0%,1.58,0.98,0.51,  0%,  0%,  0%,1.32,1.30,2.08,  0%,  0%,  0%,0.94,2.35,0.73,  0%,  0%,  0%,30.08,28.63,27.18,  0%,  0%,  0%,28.73,4.75,4.08,  0%,  0%,  0%,4.46,3.71,24.92,  0%,  0%,  0%,4.05,30.01,3.88,  0%,  0%,  0%,1.16,7.85,90.99,67.62,3.14,29.24,0.06,0.32,99.63,3.34,67.37,29.29,0.08,0.32,99.60,3.28,66.57,30.15,0.08,0.33,99.60,2.74,67.98,29.28,37.59,35.75,31.82,34.69,7.40 ,3.97 ,4.26 ,3.05 ,1.47,1.40,1.39,1.40,
2026-08-18,17:24:50.546,0.00,0.45,0.01,0.90,0.68,1.73,0.59,0.0010,0.0025,1.53,1.54,98,705.41,1558.42,2095.72,0.91,22.63,0.01,0.13,44.16,0.01,3126.12,0.64,1.69,97.67,23.46,63.19,13.35,177.72,24.63,1.99,0.01,0.46,0.02,0.93,0.64,1.48,0.54,0.0009,0.0022, 22848,1.48,1.49,99,56,684.70,1500.79,2095.72,0.91,22.81,0.02,0.51,0.00,0.32,0.00,0.55,0.02,0.09,0.83,0.0022,0.0134, 22912,0.03,0.03,5,58,7.06,22.17,2095.72,0.64,15.92,0.00,0.01,0.00,0.44,0.00,0.50,0.01,0.07,0.82,0.0016,0.0091, 23168,0.01,0.01,31,61,8.07,18.20,2095.72,0.89,22.18,0.00,0.01,0.00,0.32,0.00,0.53,0.01,0.09,0.85,0.0023,0.0153, 23744,0.01,0.01,12,62,5.58,17.25,2095.72,0.65,16.17,0.00,0.00,8.63,25.06,1.98,  0%,  0%,  0%,2.84,0.80,0.40,  0%,  0%,  0%,0.90,0.45,0.68,  0%,  0%,  0%,0.72,1.20,0.51,  0%,  0%,  0%,542.79,543.94,528.99,  2%,  2%,  2%,509.56,3.82,3.25,  2%,  0%,  0%,3.50,2.44,480.94,  0%,  0%,  2%,2.28,501.43,3.17,  0%,  2%,  0%,2.41,5.74,91.85,85.30,1.45,13.24,0.06,0.37,99.57,3.40,83.34,13.26,0.05,0.32,99.63,2.71,83.67,13.62,0.05,0.31,99.64,2.42,84.32,13.26,47.78,44.83,41.50,43.61,10.75 ,4.81 ,5.23 ,3.83 ,2.05,1.97,1.96,1.97,
2026-08-18,17:24:51.551,0.02,0.10,0.23,1.00,4.73,6.64,0.27,0.0008,0.0011,3.69,2.59,83,6081.95,62925.71,2105.76,0.19,4.83,0.05,1.13,1069.35,0.17,4416.56,23.38,1.32,75.30,44.17,55.82,0.01,227.98,32.89,2.34,0.04,0.17,0.25,1.00,3.62,4.79,0.23,0.0013,0.0017, 24064,3.39,2.14,88,55,2885.63,16948.77,2105.76,0.34,8.51,0.09,2.14,0.01,0.06,0.23,1.00,0.37,0.57,0.30,0.0004,0.0007, 23360,0.21,0.22,33,56,853.81,15329.97,2105.76,0.11,2.78,0.03,0.63,0.02,0.10,0.23,0.99,0.38,0.72,0.43,0.0003,0.0005, 22528,0.05,0.18,33,60,1490.06,15268.88,2105.76,0.20,4.88,0.04,1.10,0.01,0.06,0.23,1.00,0.35,0.56,0.31,0.0004,0.0007, 24832,0.03,0.05,72,61,852.45,15378.09,2105.76,0.11,2.77,0.03,0.63,25.89,58.37,142.37,  0%,  0%,  0%,192.33,93.51,27.67,  0%,  0%,  0%,34.54,18.38,193.34,  0%,  0%,  0%,75.04,171.93,35.98,  0%,  0%,  0%,576.82,655.21,670.21,  2%,  2%,  2%,531.89,187.73,128.55,  2%,  0%,  0%,231.99,160.31,603.93,  0%,  0%,  2%,109.23,439.69,120.98,  0%,  1%,  0%,25.15,3.58,71.28,99.97,0.02,0.01,22.78,0.59,76.63,25.75,74.23,0.01,22.76,0.56,76.68,25.44,74.55,0.01,22.82,0.55,76.64,25.51,74.48,0.01,59.27,57.94,55.17,55.59,13.25 ,6.78 ,7.20 ,5.66 ,2.40,2.32,2.32,2.32,
2026-08-18,17:24:52.544,0.04,0.07,0.62,1.00,7.90,10.37,0.16,0.0007,0.0009,4.67,5.75,56,11898.14,164567.54,2084.85,0.14,3.61,0.09,2.23,4041.48,0.39,14726.76,61.92,1.34,36.74,75.38,24.62,0.00,276.22,40.09,2.37,0.04,0.06,0.62,1.00,1.60,2.21,0.20,0.0006,0.0009, 22208,2.41,1.55,33,56,2482.85,40972.88,2084.85,0.12,3.03,0.07,1.87,0.04,0.06,0.62,1.00,2.09,2.60,0.12,0.0008,0.0010, 20864,1.04,1.36,60,57,2522.92,41000.15,2084.85,0.12,3.08,0.08,1.90,0.07,0.11,0.62,1.00,2.34,3.13,0.19,0.0005,0.0007, 22848,0.77,2.20,68,60,4384.35,41581.43,2084.85,0.21,5.27,0.13,3.29,0.04,0.06,0.62,1.00,1.87,2.43,0.15,0.0007,0.0010, 21632,0.45,0.64,83,62,2508.01,41013.09,2084.85,0.12,3.06,0.08,1.88,71.32,135.68,333.52,  0%,  0%,  1%,413.57,394.07,113.22,  1%,  1%,  0%,330.42,208.30,1237.00,  1%,  0%,  5%,330.39,324.40,149.59,  1%,  1%,  0%,879.30,1018.41,2712.13,  3%,  4%, 11%,839.67,1462.40,575.10,  3%,  6%,  2%,1526.88,1291.63,2044.68,  6%,  5%,  8%,1143.07,687.42,546.07,  4%,  2%,  2%,61.59,0.84,37.57,68.59,31.41,0.00,61.62,0.58,37.80,65.35,34.65,0.00,62.80,2.18,35.02,100.00,0.00,0.00,61.68,1.75,36.58,67.56,32.44,0.00,66.20,71.31,71.08,67.62,10.78 ,9.36 ,11.97 ,7.97 ,2.36,2.36,2.40,2.36,
2026-08-18,17:24:53.544,0.02,2.58,0.01,0.98,0.11,0.36,0.70,0.0000,0.0001,0.25,0.36,77,5590.57,2166.78,2095.07,5.16,129.01,0.04,1.04,108.51,0.18,687.79,0.82,1.09,98.09,27.23,72.77,0.00,197.16,26.98,2.32,0.00,0.30,0.00,0.69,0.01,0.11,0.87,0.0019,0.0147, 22656,0.09,0.09,1,56,7.34,24.24,2095.07,0.61,15.13,0.00,0.01,0.00,0.30,0.00,0.54,0.01,0.06,0.82,0.0021,0.0124, 21632,0.02,0.01,9,57,4.62,15.53,2095.07,0.60,14.89,0.00,0.00,0.08,2.64,0.03,1.00,0.07,0.14,0.45,0.0000,0.0000, 23360,0.13,0.25,99,59,5574.49,2113.87,2095.07,5.27,131.85,0.17,4.16,0.00,0.31,0.00,0.51,0.01,0.06,0.84,0.0022,0.0138, 22144,0.01,0.01,14,62,4.12,13.13,2095.07,0.63,15.68,0.00,0.00,1.35,1.11,1.02,  0%,  0%,  0%,1.31,8.27,0.35,  0%,  0%,  0%,3.30,3.48,86.45,  0%,  0%,  0%,0.77,0.76,0.35,  0%,  0%,  0%,3.14,6.83,197.48,  0%,  0%,  0%,6.40,79.64,4.80,  0%,  0%,  0%,92.73,79.15,135.59,  0%,  0%,  0%,73.63,3.44,4.95,  0%,  0%,  0%,0.05,0.36,99.59,3.94,96.06,0.00,0.04,0.28,99.68,2.87,97.13,0.00,3.15,3.53,93.32,100.00,0.00,0.00,0.04,0.19,99.77,2.09,97.91,0.00,46.35,49.66,53.16,47.99,6.06 ,5.36 ,11.07 ,4.48 ,2.30,2.30,2.40,2.30,
2026-08-18,17:24:54.544,0.02,2.70,0.01,0.98,0.07,0.32,0.78,0.0000,0.0001,0.17,0.19,96,5853.24,2170.43,2095.01,5.39,134.84,0.04,1.09,15.25,0.04,280.66,0.82,1.19,97.99,27.30,72.70,0.00,196.91,26.77,2.33,0.00,0.33,0.00,0.63,0.01,0.13,0.89,0.0016,0.0153, 22528,0.01,0.01,39,56,8.44,25.47,2095.01,0.66,16.57,0.00,0.01,0.00,0.28,0.00,0.56,0.01,0.05,0.84,0.0018,0.0116, 21824,0.01,0.01,21,57,4.72,16.61,2095.01,0.57,14.21,0.00,0.00,0.09,2.76,0.03,1.00,0.04,0.08,0.53,0.0000,0.0000, 23552,0.15,0.17,99,59,5836.08,2113.85,2095.01,5.52,138.04,0.17,4.35,0.00,0.28,0.00,0.58,0.01,0.05,0.83,0.0021,0.0124, 22208,0.01,0.01,19,62,4.01,14.51,2095.01,0.55,13.81,0.00,0.00,1.43,1.31,0.98,  0%,  0%,  0%,1.43,0.70,0.44,  0%,  0%,  0%,2.87,2.38,1.56,  0%,  0%,  0%,0.75,1.02,0.37,  0%,  0%,  0%,3.55,4.63,40.55,  0%,  0%,  0%,4.39,42.52,2.58,  0%,  0%,  0%,45.15,44.66,44.38,  0%,  0%,  0%,41.71,3.78,2.77,  0%,  0%,  0%,0.06,0.41,99.53,4.02,95.98,0.00,0.04,0.37,99.59,2.95,97.05,0.00,3.15,3.71,93.14,100.00,0.00,0.00,0.04,0.28,99.68,2.25,97.75,0.00,46.13,49.66,53.12,48.00,5.92 ,5.34 ,11.01 ,4.50 ,2.30,2.30,2.40,2.30,
2026-08-18,17:24:55.544,0.02,2.73,0.01,0.98,0.07,0.32,0.79,0.0000,0.0001,0.18,0.15,94,5947.44,2180.62,2095.32,5.45,136.37,0.04,1.11,19.70,0.06,189.69,0.83,1.25,97.92,27.19,72.81,0.00,196.84,26.82,2.33,0.00,0.41,0.00,0.64,0.02,0.14,0.87,0.0013,0.0106, 23936,0.01,0.01,50,56,12.95,31.38,2095.32,0.83,20.64,0.00,0.01,0.00,0.29,0.00,0.50,0.01,0.06,0.84,0.0018,0.0117, 21632,0.01,0.01,20,57,5.07,17.52,2095.32,0.58,14.47,0.00,0.00,0.09,2.80,0.03,1.00,0.03,0.07,0.59,0.0000,0.0000, 23168,0.16,0.14,97,59,5925.12,2116.34,2095.32,5.60,139.98,0.18,4.42,0.00,0.28,0.00,0.52,0.01,0.05,0.81,0.0021,0.0111, 22592,0.01,0.01,25,62,4.30,15.37,2095.32,0.56,13.98,0.00,0.00,1.35,1.32,5.45,  0%,  0%,  0%,1.49,0.62,0.42,  0%,  0%,  0%,3.43,1.71,1.97,  0%,  0%,  0%,0.71,0.89,0.35,  0%,  0%,  0%,3.30,5.07,27.97,  0%,  0%,  0%,4.73,27.32,2.80,  0%,  0%,  0%,27.60,26.08,33.77,  0%,  0%,  0%,24.44,3.61,3.00,  0%,  0%,  0%,0.07,0.47,99.46,3.91,96.09,0.00,0.05,0.39,99.56,2.82,97.18,0.00,3.16,3.83,93.02,100.00,0.00,0.00,0.04,0.33,99.63,2.04,97.96,0.00,46.15,49.62,53.07,48.00,5.95 ,5.35 ,11.03 ,4.50 ,2.30,2.30,2.40,2.30,
2026-08-18,17:24:56.544,0.02,2.65,0.01,0.98,0.07,0.30,0.77,0.0000,0.0001,0.20,0.27,96,5746.63,2164.68,2095.60,5.31,132.74,0.04,1.07,17.16,0.04,438.55,0.82,1.10,98.08,27.09,72.91,0.00,196.87,26.90,2.32,0.00,0.36,0.00,0.60,0.01,0.11,0.91,0.0014,0.0151, 23424,0.01,0.01,30,56,7.43,20.77,2095.60,0.72,17.89,0.00,0.01,0.00,0.32,0.00,0.53,0.01,0.06,0.84,0.0017,0.0110, 21440,0.01,0.01,17,57,5.19,16.21,2095.60,0.64,16.00,0.00,0.00,0.09,2.71,0.03,1.00,0.04,0.09,0.50,0.0000,0.0000, 23616,0.17,0.26,99,59,5730.52,2115.98,2095.60,5.42,135.41,0.17,4.27,0.00,0.30,0.00,0.55,0.01,0.05,0.85,0.0020,0.0129, 22464,0.01,0.01,14,62,3.49,11.71,2095.60,0.60,14.92,0.00,0.00,1.24,1.13,1.09,  0%,  0%,  0%,1.32,0.94,0.31,  0%,  0%,  0%,4.48,2.95,1.87,  0%,  0%,  0%,0.78,0.77,0.28,  0%,  0%,  0%,2.92,4.94,65.22,  0%,  0%,  0%,4.62,68.97,2.92,  0%,  0%,  0%,73.32,71.50,71.47,  0%,  0%,  0%,66.26,3.28,3.13,  0%,  0%,  0%,0.05,0.29,99.66,3.31,96.69,0.00,0.05,0.33,99.63,3.22,96.78,0.00,3.16,3.57,93.27,100.00,0.00,0.00,0.03,0.21,99.76,1.84,98.16,0.00,46.02,49.67,53.14,48.03,5.97 ,5.36 ,11.11 ,4.47 ,2.30,2.30,2.40,2.30,
2026-08-18,17:24:57.544,0.02,2.79,0.01,0.98,0.04,0.26,0.83,0.0000,0.0000,0.19,0.10,96,6022.17,2158.59,2094.80,5.58,139.49,0.04,1.12,12.01,0.04,40.55,0.82,1.06,98.12,27.02,72.98,0.00,196.82,26.85,2.33,0.00,0.32,0.00,0.68,0.01,0.10,0.90,0.0014,0.0142, 23360,0.00,0.00,43,56,6.91,21.29,2094.80,0.65,16.24,0.00,0.01,0.00,0.31,0.00,0.52,0.01,0.05,0.84,0.0018,0.0117, 21568,0.01,0.01,18,57,4.37,13.95,2094.80,0.63,15.65,0.00,0.00,0.09,2.84,0.03,1.00,0.02,0.06,0.71,0.0000,0.0000, 22464,0.17,0.09,99,59,6007.06,2111.79,2094.80,5.69,142.23,0.18,4.48,0.00,0.33,0.00,0.51,0.01,0.04,0.85,0.0017,0.0112, 22464,0.01,0.00,23,63,3.83,11.57,2094.80,0.66,16.56,0.00,0.00,1.20,1.07,0.72,  0%,  0%,  0%,1.31,0.47,0.25,  0%,  0%,  0%,3.20,1.05,0.94,  0%,  0%,  0%,0.67,0.76,0.38,  0%,  0%,  0%,2.85,4.57,2.49,  0%,  0%,  0%,4.17,6.25,2.62,  0%,  0%,  0%,4.27,2.51,2.39,  0%,  0%,  0%,2.67,3.10,2.65,  0%,  0%,  0%,0.05,0.29,99.66,3.39,96.61,0.00,0.04,0.26,99.70,2.79,97.21,0.00,3.15,3.51,93.34,100.00,0.00,0.00,0.03,0.19,99.78,1.89,98.11,0.00,46.09,49.60,53.06,48.08,5.97 ,5.35 ,11.05 ,4.48 ,2.30,2.30,2.40,2.30,
2026-08-18,17:24:58.551,0.07,0.41,0.18,1.00,23.97,104.34,0.72,0.0012,0.0052,18.33,9.51,69,20004.41,49381.84,2107.62,0.81,20.25,0.15,3.71,8213.15,0.29,23271.72,18.33,6.54,75.13,45.06,54.94,0.00,254.21,38.84,2.34,0.06,0.31,0.18,1.00,5.07,24.59,0.74,0.0014,0.0066, 23680,1.46,1.75,99,54,3725.05,11935.10,2107.62,0.62,15.61,0.11,2.76,0.05,0.30,0.18,1.00,4.75,25.51,0.77,0.0013,0.0072, 24000,1.48,1.70,98,54,3563.31,11905.58,2107.62,0.60,14.96,0.11,2.64,0.13,0.66,0.20,1.00,9.30,28.60,0.61,0.0010,0.0032, 24384,13.89,4.34,53,58,9030.94,13598.91,2107.62,1.33,33.20,0.27,6.69,0.05,0.31,0.18,1.00,4.85,25.64,0.77,0.0013,0.0070, 24128,1.50,1.71,98,60,3685.10,11942.25,2107.62,0.62,15.43,0.11,2.73,66.92,48.04,2749.90,  0%,  0%, 11%,58.08,2541.80,21.32,  0%, 10%,  0%,33.08,52.94,57.40,  0%,  0%,  0%,2548.92,20.19,14.57, 10%,  0%,  0%,757.58,794.34,2276.07,  3%,  3%,  9%,796.92,2243.83,690.27,  3%,  9%,  2%,3971.15,3990.35,4132.43, 16%, 17%, 17%,2133.84,791.90,693.02,  9%,  3%,  2%,17.72,5.56,76.72,27.68,72.32,0.00,17.67,5.48,76.84,25.45,74.55,0.00,20.17,8.31,71.52,100.00,0.00,0.00,17.76,6.81,75.43,27.11,72.89,0.00,59.61,63.89,68.12,62.59,8.35 ,7.68 ,15.99 ,6.82 ,2.32,2.32,2.40,2.32,
2026-08-18,17:24:59.550,0.13,0.17,0.75,0.98,76.61,107.25,0.23,0.0023,0.0032,62.07,7.30,44,33477.40,201919.23,2091.08,0.33,8.29,0.25,6.26,37983.78,0.55,75968.38,77.00,22.31,0.69,100.00,0.00,0.00,379.17,62.03,2.40,0.09,0.12,0.77,0.99,10.94,16.83,0.28,0.0018,0.0027, 24960,0.87,0.77,99,53,6124.87,51606.87,2091.08,0.24,5.93,0.18,4.58,0.09,0.12,0.75,0.99,10.48,17.26,0.30,0.0017,0.0028, 22592,1.09,0.95,89,53,6225.26,50289.34,2091.08,0.25,6.19,0.19,4.65,0.22,0.29,0.74,0.96,43.91,55.09,0.17,0.0030,0.0038, 23872,59.15,4.81,40,57,14488.46,49186.40,2091.08,0.59,14.73,0.43,10.83,0.10,0.13,0.76,0.99,11.28,18.08,0.31,0.0017,0.0027, 24832,0.95,0.77,94,59,6638.81,50836.62,2091.08,0.26,6.53,0.20,4.96,61.32,64.06,12503.76,  0%,  0%, 53%,25.75,12470.91,39.63,  0%, 53%,  0%,82.87,104.13,46.05,  0%,  0%,  0%,12517.51,19.40,48.40, 53%,  0%,  0%,387.82,454.27,7913.45,  1%,  1%, 34%,490.94,7974.82,465.51,  2%, 34%,  2%,16727.14,16706.04,16718.18, 72%, 72%, 72%,7252.09,422.48,455.65, 31%,  1%,  1%,78.10,21.21,0.69,100.00,0.00,0.00,76.05,22.83,1.12,100.00,0.00,0.00,76.74,22.73,0.53,100.00,0.00,0.00,77.11,22.47,0.42,100.00,0.00,0.00,88.32,95.93,103.42,91.50,11.95 ,11.42 ,28.47 ,10.19 ,2.40,2.40,2.40,2.40,
2026-08-18,17:25:00.557,0.15,0.21,0.68,0.96,90.95,130.17,0.27,0.0023,0.0033,53.43,6.65,43,39287.42,183552.65,2105.02,0.43,10.70,0.29,7.28,33357.10,0.56,67146.20,71.03,20.40,8.58,95.89,4.11,0.00,359.79,59.20,2.40,0.13,0.19,0.66,0.96,16.24,25.15,0.33,0.0019,0.0030, 25280,0.73,0.72,90,52,8517.84,44593.00,2105.02,0.38,9.55,0.25,6.31,0.12,0.19,0.66,0.96,16.38,24.99,0.32,0.0020,0.0030, 23872,1.03,0.97,76,52,8315.08,44327.59,2105.02,0.38,9.38,0.25,6.17,0.21,0.29,0.71,0.95,42.53,55.67,0.21,0.0030,0.0040, 22016,50.82,4.19,40,57,14045.23,48136.40,2105.02,0.58,14.59,0.42,10.41,0.12,0.18,0.69,0.96,15.80,24.36,0.32,0.0019,0.0029, 25984,0.85,0.76,88,59,8409.26,46495.67,2105.02,0.36,9.04,0.25,6.24,67.72,117.35,10729.89,  0%,  0%, 45%,58.15,10658.07,59.23,  0%, 45%,  0%,133.90,137.73,107.95,  0%,  0%,  0%,11158.22,43.34,85.55, 47%,  0%,  0%,367.91,491.38,6961.56,  1%,  2%, 29%,547.77,6998.47,517.17,  2%, 29%,  2%,14455.74,14913.81,14500.27, 61%, 63%, 62%,6515.70,386.77,489.66, 27%,  1%,  2%,68.81,22.53,8.66,95.73,4.27,0.00,68.30,23.61,8.09,95.26,4.74,0.00,75.30,15.60,9.09,97.10,2.90,0.00,71.69,19.84,8.47,95.49,4.51,0.00,83.63,90.76,98.58,86.82,11.77 ,11.29 ,26.15 ,9.99 ,2.40,2.40,2.40,2.40,
2026-08-18,17:25:01.554,0.12,0.22,0.55,0.96,76.48,108.89,0.27,0.0024,0.0034,45.84,5.84,37,32461.96,148179.29,2094.21,0.44,10.95,0.24,6.06,31722.41,0.61,63276.12,57.73,18.84,23.43,89.51,10.49,0.00,332.66,55.63,2.39,0.10,0.19,0.55,0.96,13.66,21.12,0.32,0.0020,0.0030, 25152,0.59,0.58,92,53,6979.83,36950.70,2094.21,0.38,9.44,0.21,5.21,0.11,0.21,0.55,0.96,15.09,22.69,0.31,0.0020,0.0029, 26624,0.94,0.88,79,52,7701.86,37127.61,2094.21,0.41,10.37,0.23,5.75,0.15,0.28,0.52,0.95,32.70,42.00,0.20,0.0033,0.0042, 22976,43.56,3.70,33,57,9921.11,34997.15,2094.21,0.57,14.17,0.30,7.41,0.12,0.20,0.58,0.96,15.03,23.08,0.32,0.0019,0.0029, 23808,0.75,0.68,89,58,7859.16,39103.83,2094.21,0.40,10.05,0.23,5.87,64.31,95.06,9720.18,  0%,  0%, 41%,46.91,10633.62,54.99,  0%, 45%,  0%,119.79,129.11,98.49,  0%,  0%,  0%,10647.77,38.24,73.95, 45%,  0%,  0%,325.69,425.32,6218.99,  1%,  1%, 26%,470.60,6873.81,464.18,  2%, 29%,  1%,14280.67,14219.31,13000.76, 61%, 61%, 56%,6205.93,346.20,444.66, 26%,  1%,  1%,57.34,18.38,24.28,86.54,13.46,0.00,57.71,20.98,21.31,94.35,5.65,0.00,54.96,18.70,26.33,82.94,17.06,0.00,60.91,17.31,21.78,94.22,5.78,0.00,76.99,85.29,89.06,81.32,10.93 ,11.03 ,23.91 ,9.75 ,2.38,2.39,2.39,2.39,