runner_name,tag,run_id,recall,total_time,qps,start_time,end_time,warmup
usearch,firsttouch,1,0.97791,5.054031371999997,197.8618505496686,2026-09-04T19:20:56.374280,2026-09-04T19:21:01.428333,True
usearch,firsttouch,2,0.97791,0.9263498270000241,1079.5057880439092,2026-09-04T19:21:01.476110,2026-09-04T19:21:02.402483,True
usearch,firsttouch,3,0.97791,0.9161486529999934,1091.5259185563712,2026-09-04T19:21:02.449853,2026-09-04T19:21:03.366028,True
usearch,firsttouch,4,0.97791,0.9087573630000065,1100.403738902078,2026-09-04T19:21:03.413525,2026-09-04T19:21:04.322303,True
usearch,firsttouch,5,0.97791,0.9056031210000128,1104.2364771178675,2026-09-04T19:21:04.369534,2026-09-04T19:21:05.275162,True
usearch,firsttouch,6,0.97791,0.9103038689999607,1098.5342741633926,2026-09-04T19:21:05.322535,2026-09-04T19:21:06.232858,True
usearch,firsttouch,7,0.97791,0.9090390740000203,1100.0627240364122,2026-09-04T19:21:06.280305,2026-09-04T19:21:07.189371,True
usearch,firsttouch,8,0.97791,0.9054156099999773,1104.4651637937025,2026-09-04T19:21:07.236903,2026-09-04T19:21:08.142340,True
usearch,firsttouch,9,0.97791,0.8988531800000032,1112.5287446833045,2026-09-04T19:21:08.189516,2026-09-04T19:21:09.088389,True
usearch,firsttouch,10,0.97791,0.9054717559999972,1104.3966787187155,2026-09-04T19:21:09.135665,2026-09-04T19:21:10.041158,True
usearch,firsttouch,11,0.97791,0.893319818000009,1119.419920895553,2026-09-04T19:21:10.088453,2026-09-04T19:21:10.981793,True
usearch,firsttouch,12,0.97791,0.9030017289999819,1107.4175916666711,2026-09-04T19:21:11.029067,2026-09-04T19:21:11.932089,True
usearch,firsttouch,13,0.97791,0.8972466839999811,1114.5206974094774,2026-09-04T19:21:11.979345,2026-09-04T19:21:12.876614,True
usearch,firsttouch,14,0.97791,0.8988360029999853,1112.5500054096256,2026-09-04T19:21:12.923886,2026-09-04T19:21:13.822742,True
usearch,firsttouch,15,0.97791,0.88849555500002,1125.4980335832715,2026-09-04T19:21:13.870030,2026-09-04T19:21:14.758552,True
usearch,firsttouch,16,0.97791,0.894964721000008,1117.3624798110798,2026-09-04T19:21:14.806128,2026-09-04T19:21:15.701113,True
usearch,firsttouch,17,0.97791,0.9047577029999729,1105.2682908188845,2026-09-04T19:21:15.748462,2026-09-04T19:21:16.653246,True
usearch,firsttouch,18,0.97791,0.8926073879999876,1120.3133801532167,2026-09-04T19:21:16.700715,2026-09-04T19:21:17.593359,True
usearch,firsttouch,19,0.97791,0.9064855190000003,1103.1615828823844,2026-09-04T19:21:17.640665,2026-09-04T19:21:18.547172,True
usearch,firsttouch,20,0.97791,0.9084240939999972,1100.8074385134075,2026-09-04T19:21:18.594456,2026-09-04T19:21:19.502900,True
usearch,firsttouch,21,0.97791,0.9023309300000051,1108.2408534970582,2026-09-04T19:21:19.550184,2026-09-04T19:21:20.452535,True
usearch,firsttouch,22,0.97791,0.9070498899999961,1102.475190201505,2026-09-04T19:21:20.499915,2026-09-04T19:21:21.406985,True
usearch,firsttouch,23,0.97791,0.9041958130000012,1105.9551323093758,2026-09-04T19:21:21.454322,2026-09-04T19:21:22.358545,True
usearch,firsttouch,24,0.97791,0.9043105129999844,1105.8148563180723,2026-09-04T19:21:22.406112,2026-09-04T19:21:23.310449,True
usearch,firsttouch,25,0.97791,0.9133476829999836,1094.8733090507199,2026-09-04T19:21:23.357816,2026-09-04T19:21:24.271184,True
usearch,firsttouch,26,0.97791,0.9096792820000132,1099.2885292511096,2026-09-04T19:21:24.318547,2026-09-04T19:21:25.228248,True
usearch,firsttouch,27,0.97791,0.8927653050000117,1120.1152132586367,2026-09-04T19:21:25.275576,2026-09-04T19:21:26.168367,True
usearch,firsttouch,28,0.97791,0.8895131510000169,1124.2104727465473,2026-09-04T19:21:26.215875,2026-09-04T19:21:27.105414,True
usearch,firsttouch,29,0.97791,0.9030810560000191,1107.3203156638676,2026-09-04T19:21:27.152815,2026-09-04T19:21:28.055922,False
usearch,firsttouch,30,0.97791,0.8880338989999927,1126.0831384095711,2026-09-04T19:21:28.103217,2026-09-04T19:21:28.991272,False
usearch,firsttouch,31,0.97791,0.8987293650000083,1112.6820141233404,2026-09-04T19:21:29.038518,2026-09-04T19:21:29.937266,False
usearch,firsttouch,32,0.97791,0.8948157700000365,1117.5484759281335,2026-09-04T19:21:29.984583,2026-09-04T19:21:30.879419,False
usearch,firsttouch,33,0.97791,0.9014542360000064,1109.3186543082513,2026-09-04T19:21:30.926718,2026-09-04T19:21:31.828198,False
usearch,firsttouch,34,0.97791,0.9033435350000332,1106.9985683795958,2026-09-04T19:21:31.875690,2026-09-04T19:21:32.779060,False
usearch,firsttouch,35,0.97791,0.9089311740000312,1100.1933134267938,2026-09-04T19:21:32.826630,2026-09-04T19:21:33.735581,False
usearch,firsttouch,36,0.97791,0.9036843260000182,1106.5811049598528,2026-09-04T19:21:33.783026,2026-09-04T19:21:34.686730,False
usearch,firsttouch,37,0.97791,0.9275960260000033,1078.0555025793053,2026-09-04T19:21:34.734035,2026-09-04T19:21:35.661658,False
usearch,firsttouch,38,0.97791,0.8906648130000008,1122.7568277135915,2026-09-04T19:21:35.708923,2026-09-04T19:21:36.599608,False
usearch,firsttouch,39,0.97791,0.8972167740000145,1114.5578515454547,2026-09-04T19:21:36.647064,2026-09-04T19:21:37.544301,False
usearch,firsttouch,40,0.97791,0.8901281440000162,1123.433751354324,2026-09-04T19:21:37.591542,2026-09-04T19:21:38.481690,False
usearch,firsttouch,41,0.97791,0.8990334829999824,1112.3056247728423,2026-09-04T19:21:38.529074,2026-09-04T19:21:39.428130,False
usearch,firsttouch,42,0.97791,0.9142809209999996,1093.7557341853362,2026-09-04T19:21:39.475599,2026-09-04T19:21:40.389906,False
usearch,firsttouch,43,0.97791,0.9031317759999524,1107.2581284085531,2026-09-04T19:21:40.437208,2026-09-04T19:21:41.340361,False
usearch,firsttouch,44,0.97791,0.9192957380000166,1087.7892267569523,2026-09-04T19:21:41.387630,2026-09-04T19:21:42.306948,False
usearch,firsttouch,45,0.97791,0.9111885869999696,1097.4676529832714,2026-09-04T19:21:42.354376,2026-09-04T19:21:43.265591,False
usearch,firsttouch,46,0.97791,0.8975343490000114,1114.1634870176845,2026-09-04T19:21:43.313070,2026-09-04T19:21:44.210625,False
usearch,firsttouch,47,0.97791,0.910580498999991,1098.2005447055042,2026-09-04T19:21:44.258242,2026-09-04T19:21:45.168843,False
usearch,firsttouch,48,0.97791,0.9004710400000135,1110.5298844480162,2026-09-04T19:21:45.216144,2026-09-04T19:21:46.116635,False
usearch,firsttouch,49,0.97791,0.8936412999999561,1119.0172164156347,2026-09-04T19:21:46.164156,2026-09-04T19:21:47.057817,False
usearch,firsttouch,50,0.97791,0.9054113349999966,1104.4703786484004,2026-09-04T19:21:47.105301,2026-09-04T19:21:48.010733,False
usearch,firsttouch,51,0.97791,0.8977830310000172,1113.8548685712249,2026-09-04T19:21:48.058200,2026-09-04T19:21:48.956003,False
usearch,firsttouch,52,0.97791,0.8982970819999991,1113.2174645091422,2026-09-04T19:21:49.003505,2026-09-04T19:21:49.901823,False
usearch,firsttouch,53,0.97791,0.9086789140000064,1100.498740086306,2026-09-04T19:21:49.949283,2026-09-04T19:21:50.857988,False
usearch,firsttouch,54,0.97791,0.9074784850000128,1101.9544997807698,2026-09-04T19:21:50.905596,2026-09-04T19:21:51.813099,False
usearch,firsttouch,55,0.97791,0.8981865840000296,1113.3544163469346,2026-09-04T19:21:51.860537,2026-09-04T19:21:52.758747,False
usearch,firsttouch,56,0.97791,0.8962927329999957,1115.7069149192855,2026-09-04T19:21:52.806188,2026-09-04T19:21:53.702500,False
usearch,firsttouch,57,0.97791,0.8935903029999963,1119.081078479434,2026-09-04T19:21:53.749864,2026-09-04T19:21:54.643473,False
usearch,firsttouch,58,0.97791,0.9000013919999788,1111.1093925952769,2026-09-04T19:21:54.690923,2026-09-04T19:21:55.590944,False
usearch,firsttouch,59,0.97791,0.9041237190000402,1106.0433201619783,2026-09-04T19:21:55.638710,2026-09-04T19:21:56.542855,False
usearch,firsttouch,60,0.97791,0.9006038389999844,1110.3661306955826,2026-09-04T19:21:56.590244,2026-09-04T19:21:57.490869,False
usearch,firsttouch,61,0.97791,0.8975948370000424,1114.0884046773465,2026-09-04T19:21:57.538332,2026-09-04T19:21:58.435947,False
usearch,firsttouch,62,0.97791,0.8977177549999737,1113.9358606091391,2026-09-04T19:21:58.483427,2026-09-04T19:21:59.381166,False
usearch,firsttouch,63,0.97791,0.9011163499999952,1109.7346086329533,2026-09-04T19:21:59.428691,2026-09-04T19:22:00.329830,False
usearch,firsttouch,64,0.97791,0.8923920549999593,1120.5837102617925,2026-09-04T19:22:00.377409,2026-09-04T19:22:01.269823,False
usearch,firsttouch,65,0.97791,0.9012783539999987,1109.5351348025401,2026-09-04T19:22:01.317374,2026-09-04T19:22:02.218683,False
usearch,firsttouch,66,0.97791,0.891413134000004,1121.8142989578114,2026-09-04T19:22:02.266404,2026-09-04T19:22:03.157839,False
usearch,firsttouch,67,0.97791,0.893043677000037,1119.7660604453936,2026-09-04T19:22:03.205354,2026-09-04T19:22:04.098419,False
usearch,firsttouch,68,0.97791,0.8893918120000421,1124.363847865009,2026-09-04T19:22:04.145759,2026-09-04T19:22:05.035171,False
usearch,firsttouch,69,0.97791,0.9028416340000263,1107.6139627827254,2026-09-04T19:22:05.082597,2026-09-04T19:22:05.985468,False
usearch,firsttouch,70,0.97791,0.9010039539999752,1109.8730427991302,2026-09-04T19:22:06.032900,2026-09-04T19:22:06.933927,False
usearch,firsttouch,71,0.97791,0.9045320600000082,1105.5440091310759,2026-09-04T19:22:06.981461,2026-09-04T19:22:07.886014,False
usearch,firsttouch,72,0.97791,0.8994995310000036,1111.7293178444093,2026-09-04T19:22:07.933367,2026-09-04T19:22:08.832887,False
usearch,firsttouch,73,0.97791,0.8997309330000007,1111.4433919323735,2026-09-04T19:22:08.880376,2026-09-04T19:22:09.780137,False
usearch,firsttouch,74,0.97791,0.8966301649999764,1115.287036991474,2026-09-04T19:22:09.827666,2026-09-04T19:22:10.724326,False
usearch,firsttouch,75,0.97791,0.8979615249999711,1113.6334599637019,2026-09-04T19:22:10.771796,2026-09-04T19:22:11.669788,False
usearch,firsttouch,76,0.97791,0.892390115000012,1120.5861463402546,2026-09-04T19:22:11.717332,2026-09-04T19:22:12.609746,False
usearch,firsttouch,77,0.97791,0.9029405129999759,1107.4926704501813,2026-09-04T19:22:12.657360,2026-09-04T19:22:13.560323,False
usearch,firsttouch,78,0.97791,0.9070940379999684,1102.4215330583343,2026-09-04T19:22:13.607861,2026-09-04T19:22:14.514976,False
usearch,firsttouch,79,0.97791,0.9116353869999898,1096.9297750614974,2026-09-04T19:22:14.562414,2026-09-04T19:22:15.474079,False
usearch,firsttouch,80,0.97791,0.8950484339999889,1117.257973996983,2026-09-04T19:22:15.521497,2026-09-04T19:22:16.416566,False
usearch,firsttouch,81,0.97791,0.90704771999998,1102.4778277376872,2026-09-04T19:22:16.464099,2026-09-04T19:22:17.371166,False
usearch,firsttouch,82,0.97791,0.8984403740000175,1113.0399177719728,2026-09-04T19:22:17.418734,2026-09-04T19:22:18.317195,False
usearch,firsttouch,83,0.97791,0.9011489309999661,1109.6944862269804,2026-09-04T19:22:18.364325,2026-09-04T19:22:19.265496,False
usearch,firsttouch,84,0.97791,0.9083378830000015,1100.911916936969,2026-09-04T19:22:19.312871,2026-09-04T19:22:20.221231,False
usearch,firsttouch,85,0.97791,0.9018610150000086,1108.818302784704,2026-09-04T19:22:20.268750,2026-09-04T19:22:21.170635,False
usearch,firsttouch,86,0.97791,0.9008149439999897,1110.10591760344,2026-09-04T19:22:21.217927,2026-09-04T19:22:22.118765,False
usearch,firsttouch,87,0.97791,0.8982417259999806,1113.2860688326803,2026-09-04T19:22:22.166123,2026-09-04T19:22:23.064388,False
usearch,firsttouch,88,0.97791,0.8948978299999908,1117.4459993941546,2026-09-04T19:22:23.112005,2026-09-04T19:22:24.006939,False
usearch,firsttouch,89,0.97791,0.910411425999996,1098.4044921246457,2026-09-04T19:22:24.054231,2026-09-04T19:22:24.964662,False
usearch,firsttouch,90,0.97791,0.8979065259999857,1113.7016727730254,2026-09-04T19:22:25.012213,2026-09-04T19:22:25.910140,False
usearch,firsttouch,91,0.97791,0.8980827600000225,1113.4831271006415,2026-09-04T19:22:25.957666,2026-09-04T19:22:26.855776,False
usearch,firsttouch,92,0.97791,0.8922482700000387,1120.7642913109337,2026-09-04T19:22:26.903034,2026-09-04T19:22:27.795302,False
usearch,imbalanced,1,0.97791,5.536533186999975,180.61844230393928,2026-09-04T19:22:31.168076,2026-09-04T19:22:36.704644,True
usearch,imbalanced,2,0.97791,1.4092722660000163,709.5860921455105,2026-09-04T19:22:36.752249,2026-09-04T19:22:38.161553,True
usearch,imbalanced,3,0.97791,1.4100273760000164,709.2060884922764,2026-09-04T19:22:38.209075,2026-09-04T19:22:39.619130,True
usearch,imbalanced,4,0.97791,1.4179702789999737,705.2333993243158,2026-09-04T19:22:39.666778,2026-09-04T19:22:41.084774,True
usearch,imbalanced,5,0.97791,1.4126537759999565,707.887535494777,2026-09-04T19:22:41.132264,2026-09-04T19:22:42.544945,True
usearch,imbalanced,6,0.97791,1.4064782010000272,710.9957333778689,2026-09-04T19:22:42.592435,2026-09-04T19:22:43.998940,True
usearch,imbalanced,7,0.97791,1.39258141199997,718.0908716595892,2026-09-04T19:22:44.046364,2026-09-04T19:22:45.438973,True
usearch,imbalanced,8,0.97791,1.3911799640000027,718.8142626240397,2026-09-04T19:22:45.486380,2026-09-04T19:22:46.877588,True
usearch,imbalanced,9,0.97791,1.4101745629999982,709.1320650917182,2026-09-04T19:22:46.925087,2026-09-04T19:22:48.335289,True
usearch,imbalanced,10,0.97791,1.4009746570000061,713.7887862592476,2026-09-04T19:22:48.382558,2026-09-04T19:22:49.783561,True
usearch,imbalanced,11,0.97791,1.413526380999997,707.4505389086206,2026-09-04T19:22:49.831032,2026-09-04T19:22:51.244585,True
usearch,imbalanced,12,0.97791,1.4015950190000126,713.4728551714345,2026-09-04T19:22:51.292203,2026-09-04T19:22:52.693826,True
usearch,imbalanced,13,0.97791,1.4120273750000365,708.2015672677551,2026-09-04T19:22:52.741269,2026-09-04T19:22:54.153325,True
usearch,imbalanced,14,0.97791,1.4121174740000129,708.1563810462351,2026-09-04T19:22:54.200843,2026-09-04T19:22:55.612987,True
usearch,imbalanced,15,0.97791,1.402747594999994,712.8866259079234,2026-09-04T19:22:55.660464,2026-09-04T19:22:57.063238,True
usearch,imbalanced,16,0.97791,1.406847020999976,710.8093382386436,2026-09-04T19:22:57.110688,2026-09-04T19:22:58.517561,True
usearch,imbalanced,17,0.97791,1.3912065619999794,718.8005198612733,2026-09-04T19:22:58.565099,2026-09-04T19:22:59.956331,True
usearch,imbalanced,18,0.97791,1.408687078000014,709.8808639742417,2026-09-04T19:23:00.003802,2026-09-04T19:23:01.412516,True
usearch,imbalanced,19,0.97791,1.3916028980000306,718.5958016020013,2026-09-04T19:23:01.460087,2026-09-04T19:23:02.851717,False
usearch,imbalanced,20,0.97791,1.4077865870000323,710.3349394250032,2026-09-04T19:23:02.899172,2026-09-04T19:23:04.306987,False
usearch,imbalanced,21,0.97791,1.4008761389999904,713.838984161616,2026-09-04T19:23:04.354491,2026-09-04T19:23:05.755396,False
usearch,imbalanced,22,0.97791,1.4008018430000106,713.8768448921811,2026-09-04T19:23:05.802873,2026-09-04T19:23:07.203703,False
usearch,imbalanced,23,0.97791,1.399222683000005,714.6825249115808,2026-09-04T19:23:07.251014,2026-09-04T19:23:08.650265,False
usearch,imbalanced,24,0.97791,1.4020434710000131,713.2446466062468,2026-09-04T19:23:08.697586,2026-09-04T19:23:10.099656,False
usearch,imbalanced,25,0.97791,1.410881732000007,708.7766304709621,2026-09-04T19:23:10.147067,2026-09-04T19:23:11.557976,False
usearch,imbalanced,26,0.97791,1.4034500340000022,712.5298199251733,2026-09-04T19:23:11.605480,2026-09-04T19:23:13.008959,False
usearch,imbalanced,27,0.97791,1.399837471000012,714.3686468727135,2026-09-04T19:23:13.056250,2026-09-04T19:23:14.456116,False
usearch,imbalanced,28,0.97791,1.393963857000017,717.3787146476839,2026-09-04T19:23:14.503582,2026-09-04T19:23:15.897573,False
usearch,imbalanced,29,0.97791,1.408168943000021,710.1420642537101,2026-09-04T19:23:15.945199,2026-09-04T19:23:17.353395,False
usearch,imbalanced,30,0.97791,1.407142083999986,710.660288943508,2026-09-04T19:23:17.400917,2026-09-04T19:23:18.808087,False
usearch,imbalanced,31,0.97791,1.409131350999985,709.6570516938351,2026-09-04T19:23:18.855603,2026-09-04T19:23:20.264762,False
usearch,imbalanced,32,0.97791,1.4097847909999928,709.3281232596338,2026-09-04T19:23:20.312188,2026-09-04T19:23:21.722001,False
usearch,imbalanced,33,0.97791,1.4102934269999992,709.0722971936539,2026-09-04T19:23:21.769540,2026-09-04T19:23:23.179861,False
usearch,imbalanced,34,0.97791,1.4040508060000434,712.2249392448048,2026-09-04T19:23:23.227345,2026-09-04T19:23:24.631423,False
usearch,imbalanced,35,0.97791,1.3896475800000303,719.6069092567902,2026-09-04T19:23:24.679208,2026-09-04T19:23:26.068882,False
usearch,imbalanced,36,0.97791,1.4042406870000264,712.1286324044399,2026-09-04T19:23:26.116241,2026-09-04T19:23:27.520509,False
usearch,imbalanced,37,0.97791,1.4118649359999722,708.2830478339889,2026-09-04T19:23:27.568050,2026-09-04T19:23:28.979942,False
usearch,imbalanced,38,0.97791,1.4071854899999607,710.6383679382793,2026-09-04T19:23:29.027441,2026-09-04T19:23:30.434653,False
usearch,imbalanced,39,0.97791,1.399089971999956,714.7503162863292,2026-09-04T19:23:30.482152,2026-09-04T19:23:31.881269,False
usearch,imbalanced,40,0.97791,1.4091476390000253,709.6488489379516,2026-09-04T19:23:31.928573,2026-09-04T19:23:33.337749,False
usearch,imbalanced,41,0.97791,1.408622242999968,709.9135378341621,2026-09-04T19:23:33.385253,2026-09-04T19:23:34.793902,False
usearch,imbalanced,42,0.97791,1.3958551960000136,716.4066895087807,2026-09-04T19:23:34.841411,2026-09-04T19:23:36.237293,False
usearch,imbalanced,43,0.97791,1.4095638470000154,709.4393078598795,2026-09-04T19:23:36.284697,2026-09-04T19:23:37.694289,False
usearch,imbalanced,44,0.97791,1.4105952369999954,708.920584565963,2026-09-04T19:23:37.741829,2026-09-04T19:23:39.152452,False
usearch,imbalanced,45,0.97791,1.4131239390000019,707.652012963315,2026-09-04T19:23:39.200019,2026-09-04T19:23:40.613170,False
usearch,imbalanced,46,0.97791,1.4053240679999703,711.579643991425,2026-09-04T19:23:40.660748,2026-09-04T19:23:42.066102,False
usearch,imbalanced,47,0.97791,1.4073589920000131,710.5507590347571,2026-09-04T19:23:42.113740,2026-09-04T19:23:43.521126,False
usearch,imbalanced,48,0.97791,1.4077343499999984,710.3612979252805,2026-09-04T19:23:43.568588,2026-09-04T19:23:44.976350,False
usearch,imbalanced,49,0.97791,1.4001476440000147,714.2103936575917,2026-09-04T19:23:45.023946,2026-09-04T19:23:46.424120,False
usearch,imbalanced,50,0.97791,1.3872370739999837,720.8573204553873,2026-09-04T19:23:46.471694,2026-09-04T19:23:47.858956,False
usearch,imbalanced,51,0.97791,1.390302704000021,719.2678235631087,2026-09-04T19:23:47.906503,2026-09-04T19:23:49.296832,False
usearch,imbalanced,52,0.97791,1.398340591999954,715.1333557225612,2026-09-04T19:23:49.344437,2026-09-04T19:23:50.742806,False
usearch,imbalanced,53,0.97791,1.3931894780000107,717.7774565420543,2026-09-04T19:23:50.790481,2026-09-04T19:23:52.183699,False
usearch,imbalanced,54,0.97791,1.3966342740000073,716.0070596978596,2026-09-04T19:23:52.231079,2026-09-04T19:23:53.627740,False
usearch,imbalanced,55,0.97791,1.4004341419999946,714.0642819317982,2026-09-04T19:23:53.675327,2026-09-04T19:23:55.075788,False
usearch,imbalanced,56,0.97791,1.4001204660000326,714.2242573289952,2026-09-04T19:23:55.123281,2026-09-04T19:23:56.523427,False
usearch,imbalanced,57,0.97791,1.402006061999998,713.2636777429293,2026-09-04T19:23:56.571015,2026-09-04T19:23:57.973047,False
usearch,imbalanced,58,0.97791,1.3915120629999933,718.6427100344906,2026-09-04T19:23:58.020478,2026-09-04T19:23:59.412018,False
usearch,imbalanced,59,0.97791,1.4066115499999796,710.9283298576743,2026-09-04T19:23:59.459434,2026-09-04T19:24:00.866072,False
usearch,imbalanced,60,0.97791,1.401285449999989,713.6304740765045,2026-09-04T19:24:00.913472,2026-09-04T19:24:02.314784,False
usearch,interleaved,1,0.97791,5.088564312000017,196.51908449732426,2026-09-04T19:24:05.776415,2026-09-04T19:24:10.865009,True
usearch,interleaved,2,0.97791,0.904493672000001,1105.590929993813,2026-09-04T19:24:10.912125,2026-09-04T19:24:11.816643,True
usearch,interleaved,3,0.97791,0.898447377000025,1113.0312421180035,2026-09-04T19:24:11.863888,2026-09-04T19:24:12.762358,True
usearch,interleaved,4,0.97791,0.8911317829999916,1122.1684817856053,2026-09-04T19:24:12.809616,2026-09-04T19:24:13.700770,True
usearch,interleaved,5,0.97791,0.8799178069999698,1136.4697839329376,2026-09-04T19:24:13.748399,2026-09-04T19:24:14.628340,True
usearch,interleaved,6,0.97791,0.8940824229999862,1118.465114932715,2026-09-04T19:24:14.675439,2026-09-04T19:24:15.569542,True
usearch,interleaved,7,0.97791,0.8822188460000007,1133.5055973175156,2026-09-04T19:24:15.616780,2026-09-04T19:24:16.499023,True
usearch,interleaved,8,0.97791,0.884061982999981,1131.142407692495,2026-09-04T19:24:16.546180,2026-09-04T19:24:17.430265,True
usearch,interleaved,9,0.97791,0.8874987079999528,1126.7622036921919,2026-09-04T19:24:17.477454,2026-09-04T19:24:18.364981,True
usearch,interleaved,10,0.97791,0.8856436660000213,1129.1222851696834,2026-09-04T19:24:18.412063,2026-09-04T19:24:19.297730,True
usearch,interleaved,11,0.97791,0.8915740490000417,1121.611829237925,2026-09-04T19:24:19.344973,2026-09-04T19:24:20.236570,True
usearch,interleaved,12,0.97791,0.8866664990000004,1127.819762140353,2026-09-04T19:24:20.283671,2026-09-04T19:24:21.170360,True
usearch,interleaved,13,0.97791,0.8889083380000216,1124.9753852572994,2026-09-04T19:24:21.217738,2026-09-04T19:24:22.106677,True
usearch,interleaved,14,0.97791,0.8860347400000137,1128.623918290139,2026-09-04T19:24:22.153835,2026-09-04T19:24:23.039892,True
usearch,interleaved,15,0.97791,0.8940077100000394,1118.5585860327267,2026-09-04T19:24:23.087073,2026-09-04T19:24:23.981101,True
usearch,interleaved,16,0.97791,0.8863362349999875,1128.2400070217304,2026-09-04T19:24:24.028242,2026-09-04T19:24:24.914601,True
usearch,interleaved,17,0.97791,0.8848787850000122,1130.0982879818803,2026-09-04T19:24:24.961873,2026-09-04T19:24:25.846774,True
usearch,interleaved,18,0.97791,0.8882179920000226,1125.8497452278298,2026-09-04T19:24:25.893819,2026-09-04T19:24:26.782058,True
usearch,interleaved,19,0.97791,0.8892470819999971,1124.546844450599,2026-09-04T19:24:26.829279,2026-09-04T19:24:27.718547,True
usearch,interleaved,20,0.97791,0.8985158090000027,1112.946472375309,2026-09-04T19:24:27.765893,2026-09-04T19:24:28.664430,True
usearch,interleaved,21,0.97791,0.8822146699999962,1133.510962813625,2026-09-04T19:24:28.711676,2026-09-04T19:24:29.593912,True
usearch,interleaved,22,0.97791,0.8795051850000277,1137.0029615004128,2026-09-04T19:24:29.640975,2026-09-04T19:24:30.520503,True
usearch,interleaved,23,0.97791,0.881044610999993,1135.0163062287977,2026-09-04T19:24:30.567778,2026-09-04T19:24:31.448845,True
usearch,interleaved,24,0.97791,0.8850175800000102,1129.9210576133285,2026-09-04T19:24:31.496087,2026-09-04T19:24:32.381127,True
usearch,interleaved,25,0.97791,0.8872203540000214,1127.1157108733057,2026-09-04T19:24:32.428355,2026-09-04T19:24:33.315598,True
usearch,interleaved,26,0.97791,1.081690884000011,924.4785315210162,2026-09-04T19:24:33.362960,2026-09-04T19:24:34.444673,True
usearch,interleaved,27,0.97791,0.8829979259999732,1132.5054912983232,2026-09-04T19:24:34.491829,2026-09-04T19:24:35.374848,True
usearch,interleaved,28,0.97791,0.8820485439999857,1133.7244495241935,2026-09-04T19:24:35.421916,2026-09-04T19:24:36.303987,True
usearch,interleaved,29,0.97791,0.880481111999984,1135.7427051768693,2026-09-04T19:24:36.351197,2026-09-04T19:24:37.231703,False
usearch,interleaved,30,0.97791,0.8885308779999832,1125.4532900994116,2026-09-04T19:24:37.278756,2026-09-04T19:24:38.167311,False
usearch,interleaved,31,0.97791,0.8891950980000161,1124.6125875516038,2026-09-04T19:24:38.214431,2026-09-04T19:24:39.103650,False
usearch,interleaved,32,0.97791,0.8810589550000145,1134.997827699264,2026-09-04T19:24:39.150881,2026-09-04T19:24:40.031962,False
usearch,interleaved,33,0.97791,0.8738789660000066,1144.3232288531733,2026-09-04T19:24:40.079232,2026-09-04T19:24:40.953132,False
usearch,interleaved,34,0.97791,0.8834675159999961,1131.9035299991772,2026-09-04T19:24:41.000368,2026-09-04T19:24:41.883858,False
usearch,interleaved,35,0.97791,0.8798473009999839,1136.560854211245,2026-09-04T19:24:41.931283,2026-09-04T19:24:42.811154,False
usearch,interleaved,36,0.97791,0.877418151000029,1139.70744605666,2026-09-04T19:24:42.858317,2026-09-04T19:24:43.735759,False
usearch,interleaved,37,0.97791,0.8780136999999968,1138.9343924815794,2026-09-04T19:24:43.782981,2026-09-04T19:24:44.661021,False
usearch,interleaved,38,0.97791,0.8894005509999943,1124.3528001817108,2026-09-04T19:24:44.708327,2026-09-04T19:24:45.597750,False
usearch,interleaved,39,0.97791,0.8846395560000246,1130.4038952560381,2026-09-04T19:24:45.645113,2026-09-04T19:24:46.529774,False
usearch,interleaved,40,0.97791,0.8901729130000149,1123.377251089175,2026-09-04T19:24:46.577112,2026-09-04T19:24:47.467306,False
usearch,interleaved,41,0.97791,0.8995762540000101,1111.6345007479363,2026-09-04T19:24:47.515070,2026-09-04T19:24:48.414669,False
usearch,interleaved,42,0.97791,0.8812720039999817,1134.7234400515697,2026-09-04T19:24:48.461867,2026-09-04T19:24:49.343159,False
usearch,interleaved,43,0.97791,0.8677337820000162,1152.4271853230457,2026-09-04T19:24:49.390864,2026-09-04T19:24:50.258621,False
usearch,interleaved,44,0.97791,0.8719867560000125,1146.8064086055747,2026-09-04T19:24:50.305994,2026-09-04T19:24:51.178002,False
usearch,interleaved,45,0.97791,0.8845926449999979,1130.463841919014,2026-09-04T19:24:51.225544,2026-09-04T19:24:52.110158,False
usearch,interleaved,46,0.97791,0.8857364660000258,1129.0039852553286,2026-09-04T19:24:52.157592,2026-09-04T19:24:53.043350,False
usearch,interleaved,47,0.97791,0.8790553929999874,1137.5847392133733,2026-09-04T19:24:53.090790,2026-09-04T19:24:53.969867,False
usearch,interleaved,48,0.97791,0.8857148650000113,1129.0315196414674,2026-09-04T19:24:54.017121,2026-09-04T19:24:54.902857,False
usearch,interleaved,49,0.97791,0.8865997049999805,1127.904729000583,2026-09-04T19:24:54.950216,2026-09-04T19:24:55.836837,False
usearch,interleaved,50,0.97791,0.892054078000001,1121.008271429032,2026-09-04T19:24:55.884111,2026-09-04T19:24:56.776187,False
usearch,interleaved,51,0.97791,0.8904132170000025,1123.0740749437878,2026-09-04T19:24:56.823782,2026-09-04T19:24:57.714217,False
usearch,interleaved,52,0.97791,0.8910627039999781,1122.2554770960592,2026-09-04T19:24:57.761708,2026-09-04T19:24:58.652792,False
usearch,interleaved,53,0.97791,0.8875206769999977,1126.7343126925284,2026-09-04T19:24:58.700226,2026-09-04T19:24:59.587768,False
usearch,interleaved,54,0.97791,0.8804843030000029,1135.7385890841904,2026-09-04T19:24:59.635113,2026-09-04T19:25:00.515619,False
usearch,interleaved,55,0.97791,0.8799666900000602,1136.406651938077,2026-09-04T19:25:00.563027,2026-09-04T19:25:01.443016,False
usearch,interleaved,56,0.97791,0.8877074619999803,1126.49723338703,2026-09-04T19:25:01.490322,2026-09-04T19:25:02.378051,False
usearch,interleaved,57,0.97791,0.8860668610000175,1128.5830043021779,2026-09-04T19:25:02.425804,2026-09-04T19:25:03.311893,False
usearch,interleaved,58,0.97791,0.8836813090000533,1131.6296834789562,2026-09-04T19:25:03.359305,2026-09-04T19:25:04.243008,False
usearch,interleaved,59,0.97791,0.8790744200000518,1137.560116923822,2026-09-04T19:25:04.290481,2026-09-04T19:25:05.169579,False
usearch,interleaved,60,0.97791,0.8747837700000218,1143.139635523845,2026-09-04T19:25:05.217013,2026-09-04T19:25:06.091835,False
usearch,interleaved,61,0.97791,0.8791225260000601,1137.4978690967266,2026-09-04T19:25:06.139420,2026-09-04T19:25:07.018565,False
usearch,interleaved,62,0.97791,0.8893594270000449,1124.4047902805326,2026-09-04T19:25:07.065892,2026-09-04T19:25:07.955272,False
usearch,interleaved,63,0.97791,0.8856258780000417,1129.14496385115,2026-09-04T19:25:08.002730,2026-09-04T19:25:08.888378,False
usearch,interleaved,64,0.97791,0.8870584049999479,1127.321486796643,2026-09-04T19:25:08.935683,2026-09-04T19:25:09.822764,False
usearch,interleaved,65,0.97791,0.8893650040000693,1124.3977394009557,2026-09-04T19:25:09.870233,2026-09-04T19:25:10.759620,False
usearch,interleaved,66,0.97791,0.8754021259999263,1142.33215832981,2026-09-04T19:25:10.807106,2026-09-04T19:25:11.682529,False
usearch,interleaved,67,0.97791,0.8859117179999885,1128.7806444840512,2026-09-04T19:25:11.730081,2026-09-04T19:25:12.616015,False
usearch,interleaved,68,0.97791,0.8930263239999476,1119.787819379061,2026-09-04T19:25:12.663499,2026-09-04T19:25:13.556546,False
usearch,interleaved,69,0.97791,0.8823395509999727,1133.3505325321532,2026-09-04T19:25:13.603932,2026-09-04T19:25:14.486294,False
usearch,interleaved,70,0.97791,0.8885353230000419,1125.4476598899973,2026-09-04T19:25:14.533605,2026-09-04T19:25:15.422162,False
usearch,interleaved,71,0.97791,0.885606055999915,1129.1702368395909,2026-09-04T19:25:15.469640,2026-09-04T19:25:16.355268,False
usearch,interleaved,72,0.97791,0.8762263209999901,1141.257659161338,2026-09-04T19:25:16.402720,2026-09-04T19:25:17.278969,False
usearch,interleaved,73,0.97791,0.8887799049999785,1125.1379496479774,2026-09-04T19:25:17.326325,2026-09-04T19:25:18.215127,False
usearch,interleaved,74,0.97791,0.8765688839999939,1140.8116558241952,2026-09-04T19:25:18.262553,2026-09-04T19:25:19.139144,False
usearch,interleaved,75,0.97791,0.8772242410000217,1139.9593778439316,2026-09-04T19:25:19.186713,2026-09-04T19:25:20.063959,False
usearch,interleaved,76,0.97791,0.8896821470000305,1123.9969278600863,2026-09-04T19:25:20.111204,2026-09-04T19:25:21.000910,False
usearch,interleaved,77,0.97791,0.8883148180000262,1125.7270280050316,2026-09-04T19:25:21.048144,2026-09-04T19:25:21.936480,False
usearch,interleaved,78,0.97791,0.885541744999955,1129.252240954548,2026-09-04T19:25:21.983789,2026-09-04T19:25:22.869352,False
usearch,interleaved,79,0.97791,0.8849699350000719,1129.9818902886443,2026-09-04T19:25:22.916627,2026-09-04T19:25:23.801622,False
usearch,interleaved,80,0.97791,0.8900674849999177,1123.510314501706,2026-09-04T19:25:23.848807,2026-09-04T19:25:24.738900,False
usearch,interleaved,81,0.97791,0.8789905390000285,1137.6686729047576,2026-09-04T19:25:24.786521,2026-09-04T19:25:25.665534,False
usearch,interleaved,82,0.97791,0.889428501999987,1124.317466498296,2026-09-04T19:25:25.712668,2026-09-04T19:25:26.602121,False
usearch,interleaved,83,0.97791,0.8889599660000158,1124.9100502237716,2026-09-04T19:25:26.649478,2026-09-04T19:25:27.538461,False
usearch,interleaved,84,0.97791,0.8904150330000675,1123.0717844359713,2026-09-04T19:25:27.585728,2026-09-04T19:25:28.476167,False
usearch,interleaved,85,0.97791,0.8838360650000823,1131.431539852254,2026-09-04T19:25:28.523427,2026-09-04T19:25:29.407288,False
usearch,interleaved,86,0.97791,0.8854364669999768,1129.3865085410202,2026-09-04T19:25:29.454500,2026-09-04T19:25:30.339960,False
usearch,interleaved,87,0.97791,0.8855382430000418,1129.2567067597022,2026-09-04T19:25:30.387297,2026-09-04T19:25:31.272857,False
usearch,interleaved,88,0.97791,0.8858674040000096,1128.8371098029352,2026-09-04T19:25:31.319833,2026-09-04T19:25:32.205723,False
usearch,interleaved,89,0.97791,0.8831288320000112,1132.3376202488057,2026-09-04T19:25:32.253140,2026-09-04T19:25:33.136290,False
usearch,interleaved,90,0.97791,0.8848557940000319,1130.1276510599014,2026-09-04T19:25:33.183447,2026-09-04T19:25:34.068325,False
usearch,interleaved,91,0.97791,0.8835573159999512,1131.788489429536,2026-09-04T19:25:34.115607,2026-09-04T19:25:34.999186,False
usearch,interleaved,92,0.97791,0.8868415069999855,1127.5971998455598,2026-09-04T19:25:35.046300,2026-09-04T19:25:35.933163,False
usearch,interleaved,93,0.97791,0.8839498840000033,1131.28585466277,2026-09-04T19:25:35.980475,2026-09-04T19:25:36.864449,False
usearch,local,1,0.97791,5.560074530999998,179.85370419488723,2026-09-04T19:19:22.835878,2026-09-04T19:19:28.395979,True
usearch,local,2,0.97791,1.3271785849999844,753.4781010650588,2026-09-04T19:19:28.443087,2026-09-04T19:19:29.770288,True
usearch,local,3,0.97791,1.2916829819999975,774.18376949709,2026-09-04T19:19:29.817512,2026-09-04T19:19:31.109213,True
usearch,local,4,0.97791,1.3192269520000082,758.0196860623219,2026-09-04T19:19:31.156460,2026-09-04T19:19:32.475706,True
usearch,local,5,0.97791,1.3065908239999828,765.3505455813711,2026-09-04T19:19:32.522981,2026-09-04T19:19:33.829592,True
usearch,local,6,0.97791,1.3030765740000163,767.4146093581661,2026-09-04T19:19:33.876631,2026-09-04T19:19:35.179729,True
usearch,local,7,0.97791,1.2933214669999984,773.2029704259144,2026-09-04T19:19:35.226973,2026-09-04T19:19:36.520316,True
usearch,local,8,0.97791,1.3346209329999965,749.2764239447176,2026-09-04T19:19:36.567609,2026-09-04T19:19:37.902250,True
usearch,local,9,0.97791,1.2781271279999942,782.3947853800695,2026-09-04T19:19:37.949556,2026-09-04T19:19:39.227702,True
usearch,local,10,0.97791,1.3588900629999898,735.8947034996513,2026-09-04T19:19:39.274926,2026-09-04T19:19:40.633835,True
usearch,local,11,0.97791,1.3026650859999904,767.6570215531265,2026-09-04T19:19:40.681105,2026-09-04T19:19:41.983789,True
usearch,local,12,0.97791,1.335698865000012,748.671744959513,2026-09-04T19:19:42.031002,2026-09-04T19:19:43.366722,True
usearch,local,13,0.97791,1.2786969420000105,782.0461339618905,2026-09-04T19:19:43.413985,2026-09-04T19:19:44.692704,True
usearch,local,14,0.97791,1.3364525899999933,748.2495132880135,2026-09-04T19:19:44.739961,2026-09-04T19:19:46.076432,True
usearch,local,15,0.97791,1.3125691099999983,761.8646457404451,2026-09-04T19:19:46.123720,2026-09-04T19:19:47.436311,True
usearch,local,16,0.97791,1.342641413000024,744.8005031854192,2026-09-04T19:19:47.483470,2026-09-04T19:19:48.826132,True
usearch,local,17,0.97791,1.3295361769999943,752.1420005707782,2026-09-04T19:19:48.873457,2026-09-04T19:19:50.203013,True
usearch,local,18,0.97791,1.274139587999997,784.8433636456497,2026-09-04T19:19:50.250289,2026-09-04T19:19:51.524448,True
usearch,local,19,0.97791,1.3504161220000128,740.5124862690217,2026-09-04T19:19:51.571752,2026-09-04T19:19:52.922189,True
usearch,local,20,0.97791,1.3947660180000128,716.9661341720406,2026-09-04T19:19:52.969470,2026-09-04T19:19:54.364256,False
usearch,local,21,0.97791,1.3104176069999767,763.1155096346456,2026-09-04T19:19:54.411557,2026-09-04T19:19:55.721994,False
usearch,local,22,0.97791,1.2889482710000095,775.8263248409235,2026-09-04T19:19:55.769132,2026-09-04T19:19:57.058100,False
usearch,local,23,0.97791,1.2874203809999756,776.7470631646145,2026-09-04T19:19:57.105589,2026-09-04T19:19:58.393029,False
usearch,local,24,0.97791,1.308721496000004,764.1045119656206,2026-09-04T19:19:58.440067,2026-09-04T19:19:59.748809,False
usearch,local,25,0.97791,1.3440670980000107,744.0104749889443,2026-09-04T19:19:59.795951,2026-09-04T19:20:01.140037,False
usearch,local,26,0.97791,1.2834127650000084,779.1725524874247,2026-09-04T19:20:01.187027,2026-09-04T19:20:02.470460,False
usearch,local,27,0.97791,1.2698083700000211,787.5204035708028,2026-09-04T19:20:02.517703,2026-09-04T19:20:03.787531,False
usearch,local,28,0.97791,1.3098558160000096,763.4428062882249,2026-09-04T19:20:03.834693,2026-09-04T19:20:05.144568,False
usearch,local,29,0.97791,1.3656908359999989,732.2301458278225,2026-09-04T19:20:05.191821,2026-09-04T19:20:06.557531,False
usearch,local,30,0.97791,1.3444480580000118,743.7996537312051,2026-09-04T19:20:06.604553,2026-09-04T19:20:07.949021,False
usearch,local,31,0.97791,1.3728467480000006,728.4134237538359,2026-09-04T19:20:07.996015,2026-09-04T19:20:09.368883,False
usearch,local,32,0.97791,1.3076803439999765,764.7128784861646,2026-09-04T19:20:09.415947,2026-09-04T19:20:10.723646,False
usearch,local,33,0.97791,1.3612517669999988,734.6179628503659,2026-09-04T19:20:10.770913,2026-09-04T19:20:12.132185,False
usearch,local,34,0.97791,1.3663111420000007,731.8977129442156,2026-09-04T19:20:12.179584,2026-09-04T19:20:13.545916,False
usearch,local,35,0.97791,1.3007413450000058,768.7923535635715,2026-09-04T19:20:13.593276,2026-09-04T19:20:14.894036,False
usearch,local,36,0.97791,1.3043476969999972,766.6667425411202,2026-09-04T19:20:14.940985,2026-09-04T19:20:16.245352,False
usearch,local,37,0.97791,1.2946027379999805,772.4377298513137,2026-09-04T19:20:16.292731,2026-09-04T19:20:17.587355,False
usearch,local,38,0.97791,1.3413915209999914,745.4944990665454,2026-09-04T19:20:17.634578,2026-09-04T19:20:18.975990,False
usearch,local,39,0.97791,1.287696617999984,776.5804351906843,2026-09-04T19:20:19.023152,2026-09-04T19:20:20.310868,False
usearch,local,40,0.97791,1.3216125630000022,756.6514029876079,2026-09-04T19:20:20.357904,2026-09-04T19:20:21.679536,False
usearch,local,41,0.97791,1.2856484950000038,777.8175791354207,2026-09-04T19:20:21.726796,2026-09-04T19:20:23.012464,False
usearch,local,42,0.97791,1.3372028769999815,747.8296802976545,2026-09-04T19:20:23.059706,2026-09-04T19:20:24.396929,False
usearch,local,43,0.97791,1.2795359240000153,781.5333522437219,2026-09-04T19:20:24.444236,2026-09-04T19:20:25.723791,False
usearch,local,44,0.97791,1.2663901660000079,789.6460560480962,2026-09-04T19:20:25.771100,2026-09-04T19:20:27.037510,False
usearch,local,45,0.97791,1.3314057720000108,751.0858229928058,2026-09-04T19:20:27.084876,2026-09-04T19:20:28.416301,False
usearch,local,46,0.97791,1.3711996039999974,729.2884253195874,2026-09-04T19:20:28.463608,2026-09-04T19:20:29.834827,False
usearch,local,47,0.97791,1.3197545490000095,757.7166532653434,2026-09-04T19:20:29.882103,2026-09-04T19:20:31.201877,False
usearch,local,48,0.97791,1.315340942000006,760.259160244398,2026-09-04T19:20:31.248987,2026-09-04T19:20:32.564348,False
usearch,local,49,0.97791,1.2899857250000082,775.2023767549782,2026-09-04T19:20:32.611937,2026-09-04T19:20:33.901943,False
usearch,local,50,0.97791,1.2975762099999884,770.6676434827739,2026-09-04T19:20:33.949237,2026-09-04T19:20:35.246833,False
usearch,local,51,0.97791,1.353413372999995,738.872557305523,2026-09-04T19:20:35.294209,2026-09-04T19:20:36.647643,False
usearch,local,52,0.97791,1.3071402090000106,765.0288722776119,2026-09-04T19:20:36.694765,2026-09-04T19:20:38.001925,False
usearch,local,53,0.97791,1.3211317020000024,756.9268063783078,2026-09-04T19:20:38.049340,2026-09-04T19:20:39.370491,False
usearch,local,54,0.97791,1.3694047970000156,730.2442653850209,2026-09-04T19:20:39.417763,2026-09-04T19:20:40.787186,False
usearch,local,55,0.97791,1.2732107909999684,785.4159005474726,2026-09-04T19:20:40.834465,2026-09-04T19:20:42.107696,False
usearch,local,56,0.97791,1.3443825680000145,743.8358870478818,2026-09-04T19:20:42.154884,2026-09-04T19:20:43.499285,False
usearch,local,57,0.97791,1.2818071410000016,780.1485637065887,2026-09-04T19:20:43.546654,2026-09-04T19:20:44.828480,False
usearch,local,58,0.97791,1.3495178120000446,741.0054103087058,2026-09-04T19:20:44.875704,2026-09-04T19:20:46.225243,False
usearch,local,59,0.97791,1.281833688000006,780.1324066933051,2026-09-04T19:20:46.272607,2026-09-04T19:20:47.554461,False
usearch,local,60,0.97791,1.2819520289999673,780.0603902316734,2026-09-04T19:20:47.601800,2026-09-04T19:20:48.883772,False
usearch,local,61,0.97791,1.2977339539999662,770.5739661952515,2026-09-04T19:20:48.931231,2026-09-04T19:20:50.228986,False
usearch,local,62,0.97791,1.328179628999976,752.9102074490694,2026-09-04T19:20:50.276300,2026-09-04T19:20:51.604500,False
usearch,local,63,0.97791,1.3773828449999996,726.0145598807718,2026-09-04T19:20:51.651905,2026-09-04T19:20:53.029307,False
usearch,numa-balancing,1,0.97791,5.091689003999932,196.398483727977,2026-09-04T19:27:14.396971,2026-09-04T19:27:19.488688,True
usearch,numa-balancing,2,0.97791,0.9263402169999608,1079.5169870078546,2026-09-04T19:27:19.536781,2026-09-04T19:27:20.463149,True
usearch,numa-balancing,3,0.97791,0.9138519410000754,1094.2691645493999,2026-09-04T19:27:20.511590,2026-09-04T19:27:21.425462,True
usearch,numa-balancing,4,0.97791,0.9020786390000239,1108.5508034072554,2026-09-04T19:27:21.473597,2026-09-04T19:27:22.375702,True
usearch,numa-balancing,5,0.97791,0.9150679729999638,1092.8149924443258,2026-09-04T19:27:22.424264,2026-09-04T19:27:23.339364,True
usearch,numa-balancing,6,0.97791,1.4431835159999764,692.9125706560636,2026-09-04T19:27:23.387699,2026-09-04T19:27:24.830902,True
usearch,numa-balancing,7,0.97791,1.2931342800000039,773.3148950316258,2026-09-04T19:27:24.879382,2026-09-04T19:27:26.172557,True
usearch,numa-balancing,8,0.97791,1.3363429009999663,748.3109307137519,2026-09-04T19:27:26.221102,2026-09-04T19:27:27.557499,True
usearch,numa-balancing,9,0.97791,1.2972797359999504,770.8437681169778,2026-09-04T19:27:27.606204,2026-09-04T19:27:28.903506,True
usearch,numa-balancing,10,0.97791,1.1855736039999556,843.4735697776529,2026-09-04T19:27:28.951908,2026-09-04T19:27:30.137516,True
usearch,numa-balancing,11,0.97791,1.4660520799999404,682.1040082014281,2026-09-04T19:27:30.186497,2026-09-04T19:27:31.652573,True
usearch,numa-balancing,12,0.97791,1.1686983799999098,855.6527647450638,2026-09-04T19:27:31.701150,2026-09-04T19:27:32.869901,True
usearch,numa-balancing,13,0.97791,1.2746800759999815,784.5105754991141,2026-09-04T19:27:32.918879,2026-09-04T19:27:34.193582,True
usearch,numa-balancing,14,0.97791,1.1657406019999144,857.8237716730686,2026-09-04T19:27:34.241997,2026-09-04T19:27:35.407765,True
usearch,numa-balancing,15,0.97791,1.132146882000029,883.2776169761817,2026-09-04T19:27:35.457290,2026-09-04T19:27:36.589497,True
usearch,numa-balancing,16,0.97791,1.2513105600000927,799.162120073474,2026-09-04T19:27:36.637897,2026-09-04T19:27:37.889231,True
usearch,numa-balancing,17,0.97791,1.2924785920000659,773.7072058211305,2026-09-04T19:27:37.937488,2026-09-04T19:27:39.230005,True
usearch,numa-balancing,18,0.97791,1.3339346789999809,749.6618955507448,2026-09-04T19:27:39.278211,2026-09-04T19:27:40.612166,True
usearch,numa-balancing,19,0.97791,1.347600410000041,742.0597326769658,2026-09-04T19:27:40.660406,2026-09-04T19:27:42.008036,True
usearch,numa-balancing,20,0.97791,1.2389732960000401,807.119897764098,2026-09-04T19:27:42.056249,2026-09-04T19:27:43.295260,True
usearch,numa-balancing,21,0.97791,1.2877467060000072,776.5502294361872,2026-09-04T19:27:43.343478,2026-09-04T19:27:44.631253,True
usearch,numa-balancing,22,0.97791,1.170137273000023,854.6005866783293,2026-09-04T19:27:44.679661,2026-09-04T19:27:45.849836,True
usearch,numa-balancing,23,0.97791,1.2520661540000901,798.6798435571544,2026-09-04T19:27:45.898038,2026-09-04T19:27:47.150125,True
usearch,numa-balancing,24,0.97791,1.0865822680000292,920.316877469947,2026-09-04T19:27:47.197940,2026-09-04T19:27:48.284551,True
usearch,numa-balancing,25,0.97791,1.1321205799999916,883.2981377301766,2026-09-04T19:27:48.332525,2026-09-04T19:27:49.464695,True
usearch,numa-balancing,26,0.97791,1.042250809000052,959.4619561479757,2026-09-04T19:27:49.512600,2026-09-04T19:27:50.554872,True
usearch,numa-balancing,27,0.97791,1.0733872920000067,931.6301836746487,2026-09-04T19:27:50.602288,2026-09-04T19:27:51.675721,True
usearch,numa-balancing,28,0.97791,1.1170520240000315,895.2134533708806,2026-09-04T19:27:51.723517,2026-09-04T19:27:52.840623,True
usearch,numa-balancing,29,0.97791,1.3225462399999515,756.1172303510815,2026-09-04T19:27:52.888483,2026-09-04T19:27:54.211053,True
usearch,numa-balancing,30,0.97791,1.1133471230000396,898.1924678669731,2026-09-04T19:27:54.258525,2026-09-04T19:27:55.371898,True
usearch,numa-balancing,31,0.97791,1.053790092999975,948.9555905324152,2026-09-04T19:27:55.419412,2026-09-04T19:27:56.473258,True
usearch,numa-balancing,32,0.97791,1.1122423329999265,899.0846421955656,2026-09-04T19:27:56.521035,2026-09-04T19:27:57.633299,True
usearch,numa-balancing,33,0.97791,1.0153350440000395,984.8965677973399,2026-09-04T19:27:57.680773,2026-09-04T19:27:58.696155,True
usearch,numa-balancing,34,0.97791,1.0881314250000287,919.0066356184627,2026-09-04T19:27:58.743958,2026-09-04T19:27:59.832115,True
usearch,numa-balancing,35,0.97791,1.1880679729999883,841.7026826124281,2026-09-04T19:27:59.879580,2026-09-04T19:28:01.067692,True
usearch,numa-balancing,36,0.97791,1.146302553000055,872.3700364993883,2026-09-04T19:28:01.115408,2026-09-04T19:28:02.261742,True
usearch,numa-balancing,37,0.97791,1.0878005199999734,919.2861941268648,2026-09-04T19:28:02.309250,2026-09-04T19:28:03.397070,True
usearch,numa-balancing,38,0.97791,1.0343443499999694,966.7960191400762,2026-09-04T19:28:03.444601,2026-09-04T19:28:04.478995,True
usearch,numa-balancing,39,0.97791,1.1800998310000068,847.3859361140729,2026-09-04T19:28:04.526822,2026-09-04T19:28:05.706945,True
usearch,numa-balancing,40,0.97791,1.0686859989999675,935.7285497664973,2026-09-04T19:28:05.754506,2026-09-04T19:28:06.823232,True
usearch,numa-balancing,41,0.97791,1.239291742999967,806.9125011510922,2026-09-04T19:28:06.871726,2026-09-04T19:28:08.111047,True
usearch,numa-balancing,42,0.97791,0.9727037659999951,1028.0622271179786,2026-09-04T19:28:08.158634,2026-09-04T19:28:09.131364,True
usearch,numa-balancing,43,0.97791,1.1458329359999198,872.7275753575215,2026-09-04T19:28:09.178895,2026-09-04T19:28:10.324784,True
usearch,numa-balancing,44,0.97791,1.1502217630001041,869.3975650327783,2026-09-04T19:28:10.372571,2026-09-04T19:28:11.522814,True
usearch,numa-balancing,45,0.97791,1.0012923740000588,998.7092940747208,2026-09-04T19:28:11.570402,2026-09-04T19:28:12.571743,True
usearch,numa-balancing,46,0.97791,1.0689718249999487,935.4783508910986,2026-09-04T19:28:12.619608,2026-09-04T19:28:13.688602,True
usearch,numa-balancing,47,0.97791,0.9840117339999779,1016.248044050278,2026-09-04T19:28:13.736180,2026-09-04T19:28:14.720240,True
usearch,numa-balancing,48,0.97791,1.1483440200000814,870.8191818684519,2026-09-04T19:28:14.768036,2026-09-04T19:28:15.916401,False
usearch,numa-balancing,49,0.97791,1.1379599010000447,878.7655866618807,2026-09-04T19:28:15.963896,2026-09-04T19:28:17.101907,False
usearch,numa-balancing,50,0.97791,1.1636397800000395,859.3724769360892,2026-09-04T19:28:17.149778,2026-09-04T19:28:18.313445,False
usearch,numa-balancing,51,0.97791,1.0613687420000133,942.1796218679177,2026-09-04T19:28:18.361395,2026-09-04T19:28:19.422808,False
usearch,numa-balancing,52,0.97791,1.121468620000087,891.6879011736614,2026-09-04T19:28:19.471025,2026-09-04T19:28:20.592516,False
usearch,numa-balancing,53,0.97791,1.056551335999984,946.475543522492,2026-09-04T19:28:20.640431,2026-09-04T19:28:21.697003,False
usearch,numa-balancing,54,0.97791,0.9473010030000069,1055.6306779292968,2026-09-04T19:28:21.744601,2026-09-04T19:28:22.691948,False
usearch,numa-balancing,55,0.97791,1.0615306700000247,942.0358999142029,2026-09-04T19:28:22.740072,2026-09-04T19:28:23.801632,False
usearch,numa-balancing,56,0.97791,1.0412341059999335,960.3988135210622,2026-09-04T19:28:23.849476,2026-09-04T19:28:24.890756,False
usearch,numa-balancing,57,0.97791,1.104557434999947,905.3399744668307,2026-09-04T19:28:24.938949,2026-09-04T19:28:26.043532,False
usearch,numa-balancing,58,0.97791,1.1125619919999963,898.8263190641186,2026-09-04T19:28:26.091242,2026-09-04T19:28:27.203832,False
usearch,numa-balancing,59,0.97791,1.0644149449999531,939.483238841638,2026-09-04T19:28:27.251667,2026-09-04T19:28:28.316131,False
usearch,numa-balancing,60,0.97791,1.0841304430000491,922.398228420521,2026-09-04T19:28:28.364142,2026-09-04T19:28:29.448296,False
usearch,numa-balancing,61,0.97791,1.0066956449999225,993.3488884816592,2026-09-04T19:28:29.496090,2026-09-04T19:28:30.502827,False
usearch,numa-balancing,62,0.97791,0.9614610099999936,1040.0837783323182,2026-09-04T19:28:30.550818,2026-09-04T19:28:31.512300,False
usearch,numa-balancing,63,0.97791,1.0556785950000176,947.2580051696353,2026-09-04T19:28:31.560603,2026-09-04T19:28:32.616309,False
usearch,numa-balancing,64,0.97791,1.0515019190000885,951.0206134011971,2026-09-04T19:28:32.664034,2026-09-04T19:28:33.715586,False
usearch,numa-balancing,65,0.97791,0.9876759100000072,1012.4778683728276,2026-09-04T19:28:33.763506,2026-09-04T19:28:34.751242,False
usearch,numa-balancing,66,0.97791,0.9171079909999662,1090.384131218454,2026-09-04T19:28:34.799008,2026-09-04T19:28:35.716147,False
usearch,numa-balancing,67,0.97791,0.9668432589999156,1034.2938120439305,2026-09-04T19:28:35.764081,2026-09-04T19:28:36.730944,False
usearch,numa-balancing,68,0.97791,0.9025165850000576,1108.0128793421964,2026-09-04T19:28:36.778510,2026-09-04T19:28:37.681083,False
usearch,numa-balancing,69,0.97791,1.1467780110000376,872.0083489636838,2026-09-04T19:28:37.729381,2026-09-04T19:28:38.876183,False
usearch,numa-balancing,70,0.97791,1.2095494349999854,826.7541375851348,2026-09-04T19:28:38.923853,2026-09-04T19:28:40.133427,False
usearch,numa-balancing,71,0.97791,1.058259683000074,944.9476494891001,2026-09-04T19:28:40.181761,2026-09-04T19:28:41.240084,False
usearch,numa-balancing,72,0.97791,1.0175127290000319,982.7886880420232,2026-09-04T19:28:41.288386,2026-09-04T19:28:42.305937,False
usearch,numa-balancing,73,0.97791,1.092691641999977,915.1712720797227,2026-09-04T19:28:42.353755,2026-09-04T19:28:43.446466,False
usearch,numa-balancing,74,0.97791,1.0365917989998934,964.6998953346947,2026-09-04T19:28:43.494099,2026-09-04T19:28:44.530731,False
usearch,numa-balancing,75,0.97791,0.977244824999957,1023.2850299310043,2026-09-04T19:28:44.578988,2026-09-04T19:28:45.556290,False
usearch,numa-balancing,76,0.97791,1.1167530230000011,895.4531390599146,2026-09-04T19:28:45.604343,2026-09-04T19:28:46.721135,False
usearch,numa-balancing,77,0.97791,0.9118417289998888,1096.6815492166645,2026-09-04T19:28:46.769007,2026-09-04T19:28:47.680873,False
usearch,numa-balancing,78,0.97791,0.9320631059999869,1072.8887277724884,2026-09-04T19:28:47.728523,2026-09-04T19:28:48.660663,False
usearch,numa-balancing,79,0.97791,0.9494558330000018,1053.2348796471063,2026-09-04T19:28:48.708629,2026-09-04T19:28:49.658148,False
usearch,numa-balancing,80,0.97791,0.9697386670000014,1031.205657802236,2026-09-04T19:28:49.706205,2026-09-04T19:28:50.676001,False
usearch,numa-balancing,81,0.97791,0.9718830990000242,1028.9303322888375,2026-09-04T19:28:50.724134,2026-09-04T19:28:51.696041,False
usearch,numa-balancing,82,0.97791,1.054713645999982,948.1246438713632,2026-09-04T19:28:51.743590,2026-09-04T19:28:52.798362,False
usearch,numa-balancing,83,0.97791,1.1330740189999915,882.554875702262,2026-09-04T19:28:52.846428,2026-09-04T19:28:53.979525,False
usearch,numa-balancing,84,0.97791,1.1894890559999567,840.69710011694,2026-09-04T19:28:54.027126,2026-09-04T19:28:55.216640,False
usearch,numa-balancing,85,0.97791,1.0790786179999259,926.7165369780951,2026-09-04T19:28:55.264239,2026-09-04T19:28:56.343386,False
usearch,numa-balancing,86,0.97791,1.0143719289999353,985.8316968470288,2026-09-04T19:28:56.391157,2026-09-04T19:28:57.405583,False
usearch,numa-balancing,87,0.97791,1.0587604019999617,944.5007558943786,2026-09-04T19:28:57.453521,2026-09-04T19:28:58.512341,False
usearch,numa-balancing,88,0.97791,1.1996892989999424,833.5491537964015,2026-09-04T19:28:58.560335,2026-09-04T19:28:59.760060,False
usearch,numa-balancing,89,0.97791,0.9708660400000326,1030.008218229537,2026-09-04T19:28:59.807663,2026-09-04T19:29:00.778586,False
usearch,numa-balancing,90,0.97791,0.9635258380000096,1037.854887291554,2026-09-04T19:29:00.826650,2026-09-04T19:29:01.790214,False
usearch,numa-balancing,91,0.97791,1.1116095319999886,899.5964600994536,2026-09-04T19:29:01.837903,2026-09-04T19:29:02.949533,False
usearch,numa-balancing,92,0.97791,1.15439901000002,866.2516091381459,2026-09-04T19:29:02.997129,2026-09-04T19:29:04.151582,False
usearch,numa-balancing,93,0.97791,1.0737996340000109,931.2724351328936,2026-09-04T19:29:04.199577,2026-09-04T19:29:05.273401,False
usearch,numa-balancing,94,0.97791,1.0474018580000575,954.7433894278475,2026-09-04T19:29:05.320939,2026-09-04T19:29:06.368384,False
usearch,numa-balancing,95,0.97791,1.0345578559999922,966.5964974316599,2026-09-04T19:29:06.416294,2026-09-04T19:29:07.450891,False
usearch,numa-balancing,96,0.97791,1.0045615490000728,995.4591642447261,2026-09-04T19:29:07.498461,2026-09-04T19:29:08.503042,False
usearch,numa-balancing,97,0.97791,0.9971901300000354,1002.8177876168554,2026-09-04T19:29:08.550706,2026-09-04T19:29:09.547955,False
usearch,numa-balancing,98,0.97791,1.0066212629999427,993.4222897495629,2026-09-04T19:29:09.597781,2026-09-04T19:29:10.604458,False
usearch,numa-balancing,99,0.97791,1.0724508989999322,932.4436213653295,2026-09-04T19:29:10.652510,2026-09-04T19:29:11.724983,False
usearch,numa-balancing,100,0.97791,0.9491322570000875,1053.593946075218,2026-09-04T19:29:11.772512,2026-09-04T19:29:12.721701,False
usearch,numa-balancing,101,0.97791,0.9294426330000078,1075.913633068725,2026-09-04T19:29:12.769557,2026-09-04T19:29:13.699029,False
usearch,numa-balancing,102,0.97791,0.9513472849999971,1051.1408565169795,2026-09-04T19:29:13.746626,2026-09-04T19:29:14.698022,False
usearch,numa-balancing,103,0.97791,1.4551666969999815,687.2064912299272,2026-09-04T19:29:14.746060,2026-09-04T19:29:16.201255,False
usearch,repl,1,0.97791,6.475182773000029,154.43579510523813,2026-09-04T19:25:40.295079,2026-09-04T19:25:46.770282,True
usearch,repl,2,0.97791,0.6888428029999432,1451.7100209873029,2026-09-04T19:25:46.818083,2026-09-04T19:25:47.506947,True
usearch,repl,3,0.97791,0.6862876139999798,1457.1150339892763,2026-09-04T19:25:47.554778,2026-09-04T19:25:48.241084,True
usearch,repl,4,0.97791,0.6904136649999373,1448.4070213182858,2026-09-04T19:25:48.288960,2026-09-04T19:25:48.979393,True
usearch,repl,5,0.97791,0.6843486110000185,1461.2435590958962,2026-09-04T19:25:49.027278,2026-09-04T19:25:49.711647,True
usearch,repl,6,0.97791,0.7040543530000605,1420.3448863555484,2026-09-04T19:25:49.759582,2026-09-04T19:25:50.463656,True
usearch,repl,7,0.97791,0.6922339349999902,1444.5983495449616,2026-09-04T19:25:50.511641,2026-09-04T19:25:51.203896,True
usearch,repl,8,0.97791,0.6983922130000337,1431.8601802622786,2026-09-04T19:25:51.251604,2026-09-04T19:25:51.950016,True
usearch,repl,9,0.97791,0.6926405149999937,1443.7503702768659,2026-09-04T19:25:51.997947,2026-09-04T19:25:52.690608,True
usearch,repl,10,0.97791,0.7005776280000191,1427.3935678687883,2026-09-04T19:25:52.738514,2026-09-04T19:25:53.439111,True
usearch,repl,11,0.97791,0.6873272650000217,1454.911002257372,2026-09-04T19:25:53.486902,2026-09-04T19:25:54.174248,True
usearch,repl,12,0.97791,0.6914742629999182,1446.1854236794902,2026-09-04T19:25:54.222062,2026-09-04T19:25:54.913555,True
usearch,repl,13,0.97791,0.6905793519999861,1448.0595127900958,2026-09-04T19:25:54.961416,2026-09-04T19:25:55.652016,True
usearch,repl,14,0.97791,0.6875903420000213,1454.3543428653466,2026-09-04T19:25:55.699669,2026-09-04T19:25:56.387278,True
usearch,repl,15,0.97791,0.6902681919999623,1448.7122709546127,2026-09-04T19:25:56.435140,2026-09-04T19:25:57.125428,True
usearch,repl,16,0.97791,0.690242808999983,1448.7655459225864,2026-09-04T19:25:57.173140,2026-09-04T19:25:57.863402,True
usearch,repl,17,0.97791,0.6832289489999539,1463.6382159504594,2026-09-04T19:25:57.911064,2026-09-04T19:25:58.594313,True
usearch,repl,18,0.97791,0.6891123710000784,1451.1421389065242,2026-09-04T19:25:58.641891,2026-09-04T19:25:59.331022,True
usearch,repl,19,0.97791,0.690404951000005,1448.4253025004637,2026-09-04T19:25:59.378626,2026-09-04T19:26:00.069050,True
usearch,repl,20,0.97791,0.6891588089999914,1451.0443557284814,2026-09-04T19:26:00.116525,2026-09-04T19:26:00.805703,True
usearch,repl,21,0.97791,0.6874803119999342,1454.587109688889,2026-09-04T19:26:00.853193,2026-09-04T19:26:01.540692,True
usearch,repl,22,0.97791,0.6953876840000248,1438.0467514865625,2026-09-04T19:26:01.588148,2026-09-04T19:26:02.283555,True
usearch,repl,23,0.97791,0.6815602359999957,1467.2217467804362,2026-09-04T19:26:02.331092,2026-09-04T19:26:03.012671,True
usearch,repl,24,0.97791,0.6953906610000331,1438.0405951410273,2026-09-04T19:26:03.060011,2026-09-04T19:26:03.755421,True
usearch,repl,25,0.97791,0.6854335620000711,1458.9306031091257,2026-09-04T19:26:03.802846,2026-09-04T19:26:04.488299,True
usearch,repl,26,0.97791,0.6899577609999596,1449.364086506824,2026-09-04T19:26:04.535466,2026-09-04T19:26:05.225444,True
usearch,repl,27,0.97791,0.6900106759999289,1449.2529388054033,2026-09-04T19:26:05.272502,2026-09-04T19:26:05.962532,True
usearch,repl,28,0.97791,0.6893072549999033,1450.7318655744314,2026-09-04T19:26:06.009597,2026-09-04T19:26:06.698924,True
usearch,repl,29,0.97791,0.6958764450000672,1437.0367141826498,2026-09-04T19:26:06.746013,2026-09-04T19:26:07.441909,True
usearch,repl,30,0.97791,0.6922084859999131,1444.6514601095564,2026-09-04T19:26:07.489068,2026-09-04T19:26:08.181295,True
usearch,repl,31,0.97791,0.6919597720000183,1445.1707172363967,2026-09-04T19:26:08.228453,2026-09-04T19:26:08.920432,True
usearch,repl,32,0.97791,0.686370635000003,1456.9387864327787,2026-09-04T19:26:08.967375,2026-09-04T19:26:09.653764,True
usearch,repl,33,0.97791,0.6924423789999992,1444.1634861288599,2026-09-04T19:26:09.700854,2026-09-04T19:26:10.393315,True
usearch,repl,34,0.97791,0.6941634970000905,1440.582808404098,2026-09-04T19:26:10.440679,2026-09-04T19:26:11.134862,False
usearch,repl,35,0.97791,0.6909357540000656,1447.3125673561613,2026-09-04T19:26:11.181973,2026-09-04T19:26:11.872928,False
usearch,repl,36,0.97791,0.687416661000043,1454.7217964505192,2026-09-04T19:26:11.919951,2026-09-04T19:26:12.607386,False
usearch,repl,37,0.97791,0.6928396659999407,1443.3353762399706,2026-09-04T19:26:12.654521,2026-09-04T19:26:13.347382,False
usearch,repl,38,0.97791,0.6903206519999685,1448.602177991983,2026-09-04T19:26:13.394551,2026-09-04T19:26:14.084892,False
usearch,repl,39,0.97791,0.6904639430000543,1448.301551642243,2026-09-04T19:26:14.132154,2026-09-04T19:26:14.822638,False
usearch,repl,40,0.97791,0.6910032729999784,1447.171148203854,2026-09-04T19:26:14.869693,2026-09-04T19:26:15.560736,False
usearch,repl,41,0.97791,0.6900961260000713,1449.0734874809261,2026-09-04T19:26:15.607878,2026-09-04T19:26:16.297994,False
usearch,repl,42,0.97791,0.6909593760000234,1447.2630877216234,2026-09-04T19:26:16.345114,2026-09-04T19:26:17.036093,False
usearch,repl,43,0.97791,0.7022587000000158,1423.9766627312379,2026-09-04T19:26:17.083280,2026-09-04T19:26:17.785559,False
usearch,repl,44,0.97791,0.6902726719999919,1448.7028685383214,2026-09-04T19:26:17.832759,2026-09-04T19:26:18.523053,False
usearch,repl,45,0.97791,0.6919707309999694,1445.1478295258187,2026-09-04T19:26:18.570319,2026-09-04T19:26:19.262308,False
usearch,repl,46,0.97791,0.6924316490000137,1444.1858650513245,2026-09-04T19:26:19.309460,2026-09-04T19:26:20.001912,False
usearch,repl,47,0.97791,0.69270898700006,1443.6076603116358,2026-09-04T19:26:20.049116,2026-09-04T19:26:20.741845,False
usearch,repl,48,0.97791,0.6849426510000285,1459.9762455148357,2026-09-04T19:26:20.789093,2026-09-04T19:26:21.474056,False
usearch,repl,49,0.97791,0.6918548009999768,1445.3899843647014,2026-09-04T19:26:21.521304,2026-09-04T19:26:22.213179,False
usearch,repl,50,0.97791,0.694582495000077,1439.7137952632813,2026-09-04T19:26:22.260260,2026-09-04T19:26:22.954862,False
usearch,repl,51,0.97791,0.6916612489999352,1445.7944571072735,2026-09-04T19:26:23.002179,2026-09-04T19:26:23.693860,False
usearch,repl,52,0.97791,0.6910231279999834,1447.1295669861051,2026-09-04T19:26:23.740960,2026-09-04T19:26:24.432003,False
usearch,repl,53,0.97791,0.6854544190000524,1458.8862107838033,2026-09-04T19:26:24.479306,2026-09-04T19:26:25.164780,False
usearch,repl,54,0.97791,0.6950246779999816,1438.7978321541361,2026-09-04T19:26:25.212081,2026-09-04T19:26:25.907126,False
usearch,repl,55,0.97791,0.691151313999967,1446.8611717058066,2026-09-04T19:26:25.954320,2026-09-04T19:26:26.645491,False
usearch,repl,56,0.97791,0.6887410269999918,1451.9245417334662,2026-09-04T19:26:26.692797,2026-09-04T19:26:27.381558,False
usearch,repl,57,0.97791,0.6923438690000694,1444.3689686228734,2026-09-04T19:26:27.428693,2026-09-04T19:26:28.121057,False
usearch,repl,58,0.97791,0.6931837180000002,1442.6189970030423,2026-09-04T19:26:28.168248,2026-09-04T19:26:28.861451,False
usearch,repl,59,0.97791,0.6916536590000533,1445.8103228221669,2026-09-04T19:26:28.908611,2026-09-04T19:26:29.600285,False
usearch,repl,60,0.97791,0.6957439870000144,1437.3103018998559,2026-09-04T19:26:29.647489,2026-09-04T19:26:30.343254,False
usearch,repl,61,0.97791,0.6921621830000504,1444.748101760895,2026-09-04T19:26:30.390481,2026-09-04T19:26:31.082664,False
usearch,repl,62,0.97791,0.6919342850000021,1445.2239492656402,2026-09-04T19:26:31.129828,2026-09-04T19:26:31.821783,False
usearch,repl,63,0.97791,0.6919743189999963,1445.140336197947,2026-09-04T19:26:31.868997,2026-09-04T19:26:32.560990,False
usearch,repl,64,0.97791,0.6947980549999784,1439.267126330731,2026-09-04T19:26:32.608265,2026-09-04T19:26:33.303085,False
usearch,repl,65,0.97791,0.6917241979999744,1445.6628854265366,2026-09-04T19:26:33.350428,2026-09-04T19:26:34.042172,False
usearch,repl,66,0.97791,0.6928046300000688,1443.408367521881,2026-09-04T19:26:34.089429,2026-09-04T19:26:34.782253,False
usearch,repl,67,0.97791,0.6814235959999451,1467.5159561103321,2026-09-04T19:26:34.829750,2026-09-04T19:26:35.511194,False
usearch,repl,68,0.97791,0.6847752689999425,1460.3331125851219,2026-09-04T19:26:35.558423,2026-09-04T19:26:36.243218,False
usearch,repl,69,0.97791,0.6923265770000171,1444.4050441241045,2026-09-04T19:26:36.290451,2026-09-04T19:26:36.982797,False
usearch,repl,70,0.97791,0.6919170250000661,1445.260000648061,2026-09-04T19:26:37.029990,2026-09-04T19:26:37.721927,False
usearch,repl,71,0.97791,0.6931464489999826,1442.6965635367847,2026-09-04T19:26:37.769473,2026-09-04T19:26:38.462639,False
usearch,repl,72,0.97791,0.6899142890000576,1449.455411989469,2026-09-04T19:26:38.509903,2026-09-04T19:26:39.199837,False
usearch,repl,73,0.97791,0.6867125480000595,1456.2133791094107,2026-09-04T19:26:39.247220,2026-09-04T19:26:39.933952,False
usearch,repl,74,0.97791,0.6948049559999845,1439.2528311211734,2026-09-04T19:26:39.981166,2026-09-04T19:26:40.675990,False
usearch,repl,75,0.97791,0.7012806809999574,1425.9625669055906,2026-09-04T19:26:40.723346,2026-09-04T19:26:41.424646,False
usearch,repl,76,0.97791,0.6906802429999743,1447.8479877410323,2026-09-04T19:26:41.471934,2026-09-04T19:26:42.162634,False
usearch,repl,77,0.97791,0.6941149550000318,1440.6835536340723,2026-09-04T19:26:42.209939,2026-09-04T19:26:42.904073,False
usearch,repl,78,0.97791,0.6918805259999772,1445.3362429224276,2026-09-04T19:26:42.951403,2026-09-04T19:26:43.643304,False
usearch,repl,79,0.97791,0.7017541960000244,1425.000385747555,2026-09-04T19:26:43.690494,2026-09-04T19:26:44.392267,False
usearch,repl,80,0.97791,0.6848613770000611,1460.1495040943312,2026-09-04T19:26:44.439391,2026-09-04T19:26:45.124272,False
usearch,repl,81,0.97791,0.6896383350000406,1450.0354015267164,2026-09-04T19:26:45.171626,2026-09-04T19:26:45.861283,False
usearch,repl,82,0.97791,0.6906128800000033,1447.9892121328453,2026-09-04T19:26:45.908376,2026-09-04T19:26:46.599009,False
usearch,repl,83,0.97791,0.6920049130000052,1445.0764455771898,2026-09-04T19:26:46.646209,2026-09-04T19:26:47.338234,False
usearch,repl,84,0.97791,0.6921443580000641,1444.7853087894525,2026-09-04T19:26:47.385419,2026-09-04T19:26:48.077585,False
usearch,repl,85,0.97791,0.6910813989999269,1447.0075470807249,2026-09-04T19:26:48.124890,2026-09-04T19:26:48.815993,False
usearch,repl,86,0.97791,0.6935874159999003,1441.7793300911674,2026-09-04T19:26:48.863192,2026-09-04T19:26:49.556803,False
usearch,repl,87,0.97791,0.6933077349999621,1442.3609452446894,2026-09-04T19:26:49.604126,2026-09-04T19:26:50.297456,False
usearch,repl,88,0.97791,0.691500810999969,1446.1299019359283,2026-09-04T19:26:50.344686,2026-09-04T19:26:51.036210,False
usearch,repl,89,0.97791,0.6914030709999679,1446.3343336813823,2026-09-04T19:26:51.083654,2026-09-04T19:26:51.775079,False
usearch,repl,90,0.97791,0.6938277450000214,1441.279924601414,2026-09-04T19:26:51.822454,2026-09-04T19:26:52.516303,False
usearch,repl,91,0.97791,0.6962656929999866,1436.2333374366317,2026-09-04T19:26:52.563620,2026-09-04T19:26:53.259909,False
usearch,repl,92,0.97791,0.6885229860000663,1452.3843362288324,2026-09-04T19:26:53.307111,2026-09-04T19:26:53.995654,False
usearch,repl,93,0.97791,0.6828995689999147,1464.3441662504915,2026-09-04T19:26:54.042978,2026-09-04T19:26:54.725897,False
usearch,repl,94,0.97791,0.6939219289999983,1441.0843038799578,2026-09-04T19:26:54.773126,2026-09-04T19:26:55.467067,False
usearch,repl,95,0.97791,0.6823894159999782,1465.438907100564,2026-09-04T19:26:55.514308,2026-09-04T19:26:56.196733,False
usearch,repl,96,0.97791,0.701505189000045,1425.5062053431736,2026-09-04T19:26:56.243910,2026-09-04T19:26:56.945435,False
usearch,repl,97,0.97791,0.6856255709999459,1458.5220305327248,2026-09-04T19:26:56.992687,2026-09-04T19:26:57.678333,False
usearch,repl,98,0.97791,0.6915053479999642,1446.1204138077783,2026-09-04T19:26:57.725638,2026-09-04T19:26:58.417165,False
usearch,repl,99,0.97791,0.690165224999987,1448.9284069622877,2026-09-04T19:26:58.464572,2026-09-04T19:26:59.154757,False
usearch,repl,100,0.97791,0.6926096790000429,1443.8146481633821,2026-09-04T19:26:59.202113,2026-09-04T19:26:59.894744,False
usearch,repl,101,0.97791,0.6940269969999235,1440.866139678584,2026-09-04T19:26:59.942140,2026-09-04T19:27:00.636186,False
usearch,repl,102,0.97791,0.6898736040000131,1449.540893001004,2026-09-04T19:27:00.683396,2026-09-04T19:27:01.373290,False
usearch,repl,103,0.97791,0.6915139569999837,1446.1024103379355,2026-09-04T19:27:01.420595,2026-09-04T19:27:02.112128,False
usearch,repl,104,0.97791,0.6934758209999927,1442.0113430313968,2026-09-04T19:27:02.159224,2026-09-04T19:27:02.852738,False
usearch,repl,105,0.97791,0.6882878249999749,1452.8805590888326,2026-09-04T19:27:02.900009,2026-09-04T19:27:03.588317,False
usearch,repl,106,0.97791,0.6844080670000494,1461.116617726728,2026-09-04T19:27:03.635604,2026-09-04T19:27:04.320034,False
usearch,repl,107,0.97791,0.6879487020000852,1453.5967537880117,2026-09-04T19:27:04.367210,2026-09-04T19:27:05.055178,False
usearch,repl,108,0.97791,0.6893968069999801,1450.5434168627196,2026-09-04T19:27:05.102346,2026-09-04T19:27:05.791763,False
usearch,repl,109,0.97791,0.6831789640000352,1463.7453034926123,2026-09-04T19:27:05.839132,2026-09-04T19:27:06.522332,False
usearch,repl,110,0.97791,0.6909844929999736,1447.2104803081859,2026-09-04T19:27:06.569595,2026-09-04T19:27:07.260600,False
usearch,repl,111,0.97791,1.0149611169999844,985.2594185635344,2026-09-04T19:27:07.307834,2026-09-04T19:27:08.322815,False
usearch,repl,112,0.97791,0.6939436790000855,1441.039136549116,2026-09-04T19:27:08.370065,2026-09-04T19:27:09.064029,False
usearch,repl,113,0.97791,0.6829931370000395,1464.143555515613,2026-09-04T19:27:09.111339,2026-09-04T19:27:09.794352,False
usearch,repl,114,0.97791,0.6913384419999602,1446.46954262679,2026-09-04T19:27:09.841631,2026-09-04T19:27:10.532989,False
