ops_sec,mb_sec,lsm_sz,blob_sz,c_wgb,w_amp,c_mbps,c_wsecs,c_csecs,b_rgb,b_wgb,usec_op,p50,p99,p99.9,p99.99,pmax,uptime,stall%,Nstall,u_cpu,s_cpu,rss,test,date,version,job_id,githash,tag,nb_runs,start_time,end_time
13403724,3394.1,10GB,0GB,0.0,NA,0.0,0,0,0,0,7.8,7.7,15,22,35,17894,210,0.0,,21.7,0.1,10.1,readrandom.t104,2026-03-15T11:40:24,10.5.0,,11a259a5f0,readrandom,0,2026-03-15T11:40:24.394996,2026-03-15T11:43:55.828741
13585904,3439.6,10GB,0GB,0.0,NA,0.0,0,0,0,0,7.7,7.5,15,22,34,28576,210,0.0,,21.7,0.1,10.1,readrandom.t104,2026-03-15T11:45:21,10.5.0,,11a259a5f0,readrandom,1,2026-03-15T11:45:21.725331,2026-03-15T11:48:53.155533
13566572,3434.2,10GB,0GB,0.0,NA,0.0,0,0,0,0,7.7,7.6,15,22,34,29818,210,0.0,,21.7,0.1,10.1,readrandom.t104,2026-03-15T11:50:16,10.5.0,,11a259a5f0,readrandom,2,2026-03-15T11:50:16.484158,2026-03-15T11:53:47.915461
13440323,3403.1,10GB,0GB,0.0,NA,0.0,0,0,0,0,7.7,7.7,15,22,35,15710,210,0.0,,21.7,0.1,10.1,readrandom.t104,2026-03-15T11:55:15,10.5.0,,11a259a5f0,readrandom,3,2026-03-15T11:55:15.483919,2026-03-15T11:58:46.899168
13451316,3405.9,10GB,0GB,0.0,NA,0.0,0,0,0,0,7.7,7.7,15,22,34,26443,210,0.0,,21.7,0.1,10.1,readrandom.t104,2026-03-15T12:00:12,10.5.0,,11a259a5f0,readrandom,4,2026-03-15T12:00:12.578166,2026-03-15T12:03:43.994932
13671082,3461.7,10GB,0GB,0.0,NA,0.0,0,0,0,0,7.6,7.5,15,22,34,16297,210,0.0,,21.7,0.1,10.1,readrandom.t104,2026-03-15T12:05:08,10.5.0,,11a259a5f0,imbalanced-readrandom,0,2026-03-15T12:05:08.450853,2026-03-15T12:08:39.879732
13341758,3377.7,10GB,0GB,0.0,NA,0.0,0,0,0,0,7.8,7.8,15,22,36,14091,210,0.0,,21.7,0.1,10.1,readrandom.t104,2026-03-15T12:10:05,10.5.0,,11a259a5f0,imbalanced-readrandom,1,2026-03-15T12:10:05.516713,2026-03-15T12:13:36.934707
13305533,3369.0,10GB,0GB,0.0,NA,0.0,0,0,0,0,7.8,7.8,15,22,34,54471,210,0.0,,21.7,0.1,10.1,readrandom.t104,2026-03-15T12:15:04,10.5.0,,11a259a5f0,imbalanced-readrandom,2,2026-03-15T12:15:04.451240,2026-03-15T12:18:35.928225
13573327,3436.5,10GB,0GB,0.0,NA,0.0,0,0,0,0,7.7,7.6,15,22,34,21339,210,0.0,,21.8,0.1,10.1,readrandom.t104,2026-03-15T12:20:02,10.5.0,,11a259a5f0,imbalanced-readrandom,3,2026-03-15T12:20:02.434466,2026-03-15T12:23:33.850512
13284123,3363.2,10GB,0GB,0.0,NA,0.0,0,0,0,0,7.8,7.8,15,22,34,18201,210,0.0,,21.7,0.1,10.1,readrandom.t104,2026-03-15T12:24:59,10.5.0,,11a259a5f0,imbalanced-readrandom,4,2026-03-15T12:24:59.879479,2026-03-15T12:28:31.308833
13380766,3387.7,10GB,0GB,0.0,NA,0.0,0,0,0,0,7.8,7.6,15,23,37,21194,210,0.0,,21.7,0.1,10.1,readrandom.t104,2026-03-15T12:29:57,10.5.0,,11a259a5f0,interleaved-readrandom,0,2026-03-15T12:29:57.134877,2026-03-15T12:33:28.559133
13521880,3423.4,10GB,0GB,0.0,NA,0.0,0,0,0,0,7.7,7.6,15,22,34,22900,210,0.0,,21.8,0.1,10.1,readrandom.t104,2026-03-15T12:34:52,10.5.0,,11a259a5f0,interleaved-readrandom,1,2026-03-15T12:34:52.650442,2026-03-15T12:38:24.077025
13599348,3443.4,10GB,0GB,0.0,NA,0.0,0,0,0,0,7.6,7.6,15,22,34,40040,210,0.0,,21.8,0.1,10.1,readrandom.t104,2026-03-15T12:39:50,10.5.0,,11a259a5f0,interleaved-readrandom,2,2026-03-15T12:39:50.468737,2026-03-15T12:43:21.903685
13517204,3422.7,10GB,0GB,0.0,NA,0.0,0,0,0,0,7.7,7.6,15,22,34,35922,210,0.0,,21.7,0.1,10.1,readrandom.t104,2026-03-15T12:44:45,10.5.0,,11a259a5f0,interleaved-readrandom,3,2026-03-15T12:44:45.285492,2026-03-15T12:48:16.719721
13591764,3441.0,10GB,0GB,0.0,NA,0.0,0,0,0,0,7.7,7.6,15,22,34,26187,210,0.0,,21.8,0.1,10.1,readrandom.t104,2026-03-15T12:49:44,10.5.0,,11a259a5f0,interleaved-readrandom,4,2026-03-15T12:49:44.099009,2026-03-15T12:53:15.543336
13488688,3415.0,10GB,0GB,0.0,NA,0.0,0,0,0,0,7.7,7.6,15,22,34,13534,210,0.0,,21.7,0.1,10.1,readrandom.t104,2026-03-15T12:54:43,10.5.0,,11a259a5f0,balancing-readrandom,0,2026-03-15T12:54:43.002207,2026-03-15T12:58:14.430682
13533100,3426.5,10GB,0GB,0.0,NA,0.0,0,0,0,0,7.7,7.7,15,22,34,19084,210,0.0,,21.8,0.1,10.1,readrandom.t104,2026-03-15T12:59:40,10.5.0,,11a259a5f0,balancing-readrandom,1,2026-03-15T12:59:40.829654,2026-03-15T13:03:12.265994
13476849,3412.4,10GB,0GB,0.0,NA,0.0,0,0,0,0,7.7,7.6,15,22,34,27639,210,0.0,,21.7,0.1,10.1,readrandom.t104,2026-03-15T13:04:36,10.5.0,,11a259a5f0,balancing-readrandom,2,2026-03-15T13:04:36.022664,2026-03-15T13:08:07.457907
13448652,3404.9,10GB,0GB,0.0,NA,0.0,0,0,0,0,7.7,7.7,15,22,34,31255,210,0.0,,21.7,0.1,10.1,readrandom.t104,2026-03-15T13:09:31,10.5.0,,11a259a5f0,balancing-readrandom,3,2026-03-15T13:09:31.314892,2026-03-15T13:13:02.750451
13537888,3427.8,10GB,0GB,0.0,NA,0.0,0,0,0,0,7.7,7.6,15,22,34,34769,210,0.0,,21.7,0.1,10.1,readrandom.t104,2026-03-15T13:14:31,10.5.0,,11a259a5f0,balancing-readrandom,4,2026-03-15T13:14:30.928019,2026-03-15T13:18:02.376531
13327484,3374.5,10GB,0GB,0.0,NA,0.0,0,0,0,0,7.8,78.1,142,167,170,21155,210,0.0,,21.7,0.1,10.1,multireadrandom.t104,2026-03-15T13:19:29,10.5.0,,11a259a5f0,multireadrandom,0,2026-03-15T13:19:29.164061,2026-03-15T13:23:00.605428
13271954,3360.2,10GB,0GB,0.0,NA,0.0,0,0,0,0,7.8,78.8,141,167,178,20169,210,0.0,,21.7,0.1,10.1,multireadrandom.t104,2026-03-15T13:24:24,10.5.0,,11a259a5f0,multireadrandom,1,2026-03-15T13:24:24.204974,2026-03-15T13:27:55.637183
13595141,3442.2,10GB,0GB,0.0,NA,0.0,0,0,0,0,7.6,75.6,129,166,170,17654,210,0.0,,21.7,0.1,10.1,multireadrandom.t104,2026-03-15T13:29:22,10.5.0,,11a259a5f0,multireadrandom,2,2026-03-15T13:29:21.987298,2026-03-15T13:32:53.416934
13318226,3372.3,10GB,0GB,0.0,NA,0.0,0,0,0,0,7.8,78.2,144,168,170,21723,210,0.0,,21.7,0.1,10.1,multireadrandom.t104,2026-03-15T13:34:18,10.5.0,,11a259a5f0,multireadrandom,3,2026-03-15T13:34:18.288183,2026-03-15T13:37:49.722376
13505235,3419.1,10GB,0GB,0.0,NA,0.0,0,0,0,0,7.7,76.6,129,166,170,17549,210,0.0,,21.7,0.1,10.1,multireadrandom.t104,2026-03-15T13:39:13,10.5.0,,11a259a5f0,multireadrandom,4,2026-03-15T13:39:13.246157,2026-03-15T13:42:44.670599
13258971,3357.2,10GB,0GB,0.0,NA,0.0,0,0,0,0,7.8,78.7,146,168,178,23049,210,0.0,,21.7,0.1,10.1,multireadrandom.t104,2026-03-15T13:44:11,10.5.0,,11a259a5f0,imbalanced-multireadrandom,0,2026-03-15T13:44:11.063786,2026-03-15T13:47:42.499086
13219229,3346.6,10GB,0GB,0.0,NA,0.0,0,0,0,0,7.9,79.1,146,168,185,27071,210,0.0,,21.7,0.1,10.1,multireadrandom.t104,2026-03-15T13:49:08,10.5.0,,11a259a5f0,imbalanced-multireadrandom,1,2026-03-15T13:49:08.630445,2026-03-15T13:52:40.065368
13648783,3455.9,10GB,0GB,0.0,NA,0.0,0,0,0,0,7.6,75.4,118,165,170,15585,210,0.0,,21.7,0.1,10.1,multireadrandom.t104,2026-03-15T13:54:04,10.5.0,,11a259a5f0,imbalanced-multireadrandom,2,2026-03-15T13:54:04.174174,2026-03-15T13:57:35.603628
13266910,3359.1,10GB,0GB,0.0,NA,0.0,0,0,0,0,7.8,78.6,145,168,170,34886,210,0.0,,21.7,0.1,10.1,multireadrandom.t104,2026-03-15T13:58:59,10.5.0,,11a259a5f0,imbalanced-multireadrandom,3,2026-03-15T13:58:59.584965,2026-03-15T14:02:31.041743
13636796,3453.2,10GB,0GB,0.0,NA,0.0,0,0,0,0,7.6,75.3,118,165,184,133816,210,0.0,,21.7,0.1,10.1,multireadrandom.t104,2026-03-15T14:03:54,10.5.0,,11a259a5f0,imbalanced-multireadrandom,4,2026-03-15T14:03:54.864613,2026-03-15T14:07:26.394592
13490244,3415.7,10GB,0GB,0.0,NA,0.0,0,0,0,0,7.7,76.5,135,167,170,33679,210,0.0,,21.7,0.1,10.1,multireadrandom.t104,2026-03-15T14:08:52,10.5.0,,11a259a5f0,interleaved-multireadrandom,0,2026-03-15T14:08:52.822915,2026-03-15T14:12:24.273853
13395667,3391.8,10GB,0GB,0.0,NA,0.0,0,0,0,0,7.8,77.6,136,167,176,16292,210,0.0,,21.7,0.1,10.1,multireadrandom.t104,2026-03-15T14:13:48,10.5.0,,11a259a5f0,interleaved-multireadrandom,1,2026-03-15T14:13:47.903577,2026-03-15T14:17:19.333047
13450070,3405.2,10GB,0GB,0.0,NA,0.0,0,0,0,0,7.7,77.0,137,167,170,20616,210,0.0,,21.7,0.1,10.1,multireadrandom.t104,2026-03-15T14:18:43,10.5.0,,11a259a5f0,interleaved-multireadrandom,2,2026-03-15T14:18:43.090368,2026-03-15T14:22:14.525696
13426927,3399.5,10GB,0GB,0.0,NA,0.0,0,0,0,0,7.7,77.3,133,167,174,37516,210,0.0,,21.7,0.1,10.1,multireadrandom.t104,2026-03-15T14:23:41,10.5.0,,11a259a5f0,interleaved-multireadrandom,3,2026-03-15T14:23:41.203550,2026-03-15T14:27:12.661756
13481011,3413.4,10GB,0GB,0.0,NA,0.0,0,0,0,0,7.7,76.6,136,167,170,16469,210,0.0,,21.7,0.1,10.1,multireadrandom.t104,2026-03-15T14:28:38,10.5.0,,11a259a5f0,interleaved-multireadrandom,4,2026-03-15T14:28:38.478132,2026-03-15T14:32:09.892678
13443587,3403.8,10GB,0GB,0.0,NA,0.0,0,0,0,0,7.7,77.0,136,167,179,30786,210,0.0,,21.7,0.1,10.1,multireadrandom.t104,2026-03-15T14:33:36,10.5.0,,11a259a5f0,balancing-multireadrandom,0,2026-03-15T14:33:36.603083,2026-03-15T14:37:08.047629
13447301,3404.1,10GB,0GB,0.0,NA,0.0,0,0,0,0,7.7,76.9,136,167,211,15899,210,0.0,,21.7,0.1,10.1,multireadrandom.t104,2026-03-15T14:38:34,10.5.0,,11a259a5f0,balancing-multireadrandom,1,2026-03-15T14:38:34.554438,2026-03-15T14:42:05.963949
13397815,3391.9,10GB,0GB,0.0,NA,0.0,0,0,0,0,7.8,77.6,136,167,203,23805,210,0.0,,21.7,0.1,10.1,multireadrandom.t104,2026-03-15T14:43:30,10.5.0,,11a259a5f0,balancing-multireadrandom,2,2026-03-15T14:43:30.187641,2026-03-15T14:47:01.606921
13370639,3385.3,10GB,0GB,0.0,NA,0.0,0,0,0,0,7.8,77.8,137,167,196,70043,210,0.0,,21.7,0.1,10.1,multireadrandom.t104,2026-03-15T14:48:25,10.5.0,,11a259a5f0,balancing-multireadrandom,3,2026-03-15T14:48:25.241410,2026-03-15T14:51:56.748131
13464864,3409.6,10GB,0GB,0.0,NA,0.0,0,0,0,0,7.7,76.9,132,167,206,29171,210,0.0,,21.7,0.1,10.1,multireadrandom.t104,2026-03-15T14:53:22,10.5.0,,11a259a5f0,balancing-multireadrandom,4,2026-03-15T14:53:22.769767,2026-03-15T14:56:54.193221
5363571,21483.4,10GB,0GB,0.0,NA,0.0,0,0,0,0,19.4,18.8,33,36,62,14261,210,0.0,,21.8,0.0,10.1,fwdrange.t104,2026-03-15T14:58:19,10.5.0,,11a259a5f0,fwdrange,0,2026-03-15T14:58:19.339569,2026-03-15T15:01:50.773689
5412525,21679.5,10GB,0GB,0.0,NA,0.0,0,0,0,0,19.2,18.7,33,34,60,36542,210,0.0,,21.8,0.0,10.1,fwdrange.t104,2026-03-15T15:03:15,10.5.0,,11a259a5f0,fwdrange,1,2026-03-15T15:03:15.490088,2026-03-15T15:06:46.953425
5433412,21763.2,10GB,0GB,0.0,NA,0.0,0,0,0,0,19.1,18.6,33,34,60,65586,210,0.0,,21.8,0.0,10.1,fwdrange.t104,2026-03-15T15:08:11,10.5.0,,11a259a5f0,fwdrange,2,2026-03-15T15:08:10.947245,2026-03-15T15:11:42.423834
4521867,18112.0,10GB,0GB,0.0,NA,0.0,0,0,0,0,23.0,22.0,41,50,68,72331,210,0.0,,21.7,0.0,10.1,fwdrange.t104,2026-03-15T15:13:06,10.5.0,,11a259a5f0,fwdrange,3,2026-03-15T15:13:06.018844,2026-03-15T15:16:37.507013
5286713,21175.6,10GB,0GB,0.0,NA,0.0,0,0,0,0,19.7,19.0,33,34,57,12866,210,0.0,,21.8,0.0,10.1,fwdrange.t104,2026-03-15T15:18:04,10.5.0,,11a259a5f0,fwdrange,4,2026-03-15T15:18:03.966128,2026-03-15T15:21:35.388654
5366552,21495.4,10GB,0GB,0.0,NA,0.0,0,0,0,0,19.4,18.8,33,34,60,17667,210,0.0,,21.8,0.0,10.1,fwdrange.t104,2026-03-15T15:23:02,10.5.0,,11a259a5f0,imbalanced-fwdrange,0,2026-03-15T15:23:01.986032,2026-03-15T15:26:33.410404
4419708,17702.8,10GB,0GB,0.0,NA,0.0,0,0,0,0,23.5,23.5,39,50,69,12055,210,0.0,,21.8,0.0,10.1,fwdrange.t104,2026-03-15T15:27:57,10.5.0,,11a259a5f0,imbalanced-fwdrange,1,2026-03-15T15:27:57.518463,2026-03-15T15:31:28.949204
4471894,17911.9,10GB,0GB,0.0,NA,0.0,0,0,0,0,23.3,22.9,39,50,68,29342,210,0.0,,21.8,0.0,10.1,fwdrange.t104,2026-03-15T15:32:54,10.5.0,,11a259a5f0,imbalanced-fwdrange,2,2026-03-15T15:32:54.858314,2026-03-15T15:36:26.291016
4365637,17486.3,10GB,0GB,0.0,NA,0.0,0,0,0,0,23.8,23.8,43,50,70,14627,210,0.0,,21.8,0.0,10.1,fwdrange.t104,2026-03-15T15:37:50,10.5.0,,11a259a5f0,imbalanced-fwdrange,3,2026-03-15T15:37:50.891895,2026-03-15T15:41:22.310879
4691007,18789.5,10GB,0GB,0.0,NA,0.0,0,0,0,0,22.2,21.3,34,47,62,40848,210,0.0,,21.8,0.0,10.1,fwdrange.t104,2026-03-15T15:42:46,10.5.0,,11a259a5f0,imbalanced-fwdrange,4,2026-03-15T15:42:46.303052,2026-03-15T15:46:17.752674
4437007,17772.1,10GB,0GB,0.0,NA,0.0,0,0,0,0,23.4,23.2,41,50,69,29532,210,0.0,,21.8,0.0,10.1,fwdrange.t104,2026-03-15T15:47:41,10.5.0,,11a259a5f0,interleaved-fwdrange,0,2026-03-15T15:47:41.340326,2026-03-15T15:51:12.766769
4475707,17927.1,10GB,0GB,0.0,NA,0.0,0,0,0,0,23.2,22.6,40,50,68,28835,210,0.0,,21.8,0.0,10.1,fwdrange.t104,2026-03-15T15:52:37,10.5.0,,11a259a5f0,interleaved-fwdrange,1,2026-03-15T15:52:37.120488,2026-03-15T15:56:08.570237
4552345,18234.1,10GB,0GB,0.0,NA,0.0,0,0,0,0,22.8,22.0,35,50,66,20860,210,0.0,,21.8,0.0,10.1,fwdrange.t104,2026-03-15T15:57:35,10.5.0,,11a259a5f0,interleaved-fwdrange,2,2026-03-15T15:57:34.954136,2026-03-15T16:01:06.389251
5394973,21609.2,10GB,0GB,0.0,NA,0.0,0,0,0,0,19.3,18.7,33,35,57,17877,210,0.0,,21.8,0.0,10.1,fwdrange.t104,2026-03-15T16:02:33,10.5.0,,11a259a5f0,interleaved-fwdrange,3,2026-03-15T16:02:33.523219,2026-03-15T16:06:04.958894
4750851,19029.2,10GB,0GB,0.0,NA,0.0,0,0,0,0,21.9,21.0,34,47,61,40944,210,0.0,,21.8,0.0,10.1,fwdrange.t104,2026-03-15T16:07:29,10.5.0,,11a259a5f0,interleaved-fwdrange,4,2026-03-15T16:07:28.945311,2026-03-15T16:11:00.402660
4416857,17691.4,10GB,0GB,0.0,NA,0.0,0,0,0,0,23.5,23.5,40,50,69,23020,210,0.0,,21.8,0.0,10.1,fwdrange.t104,2026-03-15T16:12:26,10.5.0,,11a259a5f0,balancing-fwdrange,0,2026-03-15T16:12:26.819866,2026-03-15T16:15:58.264762
4502885,18036.0,10GB,0GB,0.0,NA,0.0,0,0,0,0,23.1,22.5,38,50,69,17895,210,0.0,,21.8,0.0,10.1,fwdrange.t104,2026-03-15T16:17:23,10.5.0,,11a259a5f0,balancing-fwdrange,1,2026-03-15T16:17:22.906684,2026-03-15T16:20:54.337809
4488633,17978.9,10GB,0GB,0.0,NA,0.0,0,0,0,0,23.2,22.6,40,50,69,34719,210,0.0,,21.7,0.0,10.1,fwdrange.t104,2026-03-15T16:22:21,10.5.0,,11a259a5f0,balancing-fwdrange,2,2026-03-15T16:22:21.707676,2026-03-15T16:25:53.181881
5391528,21595.4,10GB,0GB,0.0,NA,0.0,0,0,0,0,19.3,18.7,33,34,63,37999,210,0.0,,21.8,0.0,10.1,fwdrange.t104,2026-03-15T16:27:20,10.5.0,,11a259a5f0,balancing-fwdrange,3,2026-03-15T16:27:20.871600,2026-03-15T16:30:52.319742
5340762,21392.1,10GB,0GB,0.0,NA,0.0,0,0,0,0,19.5,18.9,33,37,64,35116,210,0.0,,21.8,0.0,10.1,fwdrange.t104,2026-03-15T16:32:17,10.5.0,,11a259a5f0,balancing-fwdrange,4,2026-03-15T16:32:16.943539,2026-03-15T16:35:48.396892
4350330,17425.0,10GB,0GB,0.0,NA,0.0,0,0,0,0,23.9,24.7,34,47,66,31658,210,0.0,,21.8,0.0,10.1,revrange.t104,2026-03-15T16:37:12,10.5.0,,11a259a5f0,revrange,0,2026-03-15T16:37:12.551578,2026-03-15T16:40:43.984164
4103433,16436.0,10GB,0GB,0.0,NA,0.0,0,0,0,0,25.3,26.6,34,49,66,34035,210,0.0,,21.8,0.0,10.1,revrange.t104,2026-03-15T16:42:07,10.5.0,,11a259a5f0,revrange,1,2026-03-15T16:42:07.759103,2026-03-15T16:45:39.221706
4361143,17468.3,10GB,0GB,0.0,NA,0.0,0,0,0,0,23.8,24.5,34,47,68,16309,210,0.0,,21.8,0.0,10.1,revrange.t104,2026-03-15T16:47:03,10.5.0,,11a259a5f0,revrange,2,2026-03-15T16:47:02.968142,2026-03-15T16:50:34.402110
4062013,16270.1,10GB,0GB,0.0,NA,0.0,0,0,0,0,25.6,26.6,34,49,67,82646,210,0.0,,21.8,0.0,10.1,revrange.t104,2026-03-15T16:52:00,10.5.0,,11a259a5f0,revrange,3,2026-03-15T16:52:00.711507,2026-03-15T16:55:32.217590
4013995,16077.8,10GB,0GB,0.0,NA,0.0,0,0,0,0,25.9,26.8,37,50,68,37051,210,0.0,,21.8,0.0,10.1,revrange.t104,2026-03-15T16:56:57,10.5.0,,11a259a5f0,revrange,4,2026-03-15T16:56:57.879298,2026-03-15T17:00:29.315735
4376281,17528.9,10GB,0GB,0.0,NA,0.0,0,0,0,0,23.8,24.5,34,47,66,34424,210,0.0,,21.8,0.0,10.1,revrange.t104,2026-03-15T17:01:53,10.5.0,,11a259a5f0,imbalanced-revrange,0,2026-03-15T17:01:52.964758,2026-03-15T17:05:24.414349
4390066,17584.1,10GB,0GB,0.0,NA,0.0,0,0,0,0,23.7,24.4,34,47,67,21332,210,0.0,,21.8,0.0,10.1,revrange.t104,2026-03-15T17:06:48,10.5.0,,11a259a5f0,imbalanced-revrange,1,2026-03-15T17:06:48.582223,2026-03-15T17:10:20.008240
4331867,17351.0,10GB,0GB,0.0,NA,0.0,0,0,0,0,24.0,24.8,34,47,66,31073,210,0.0,,21.8,0.0,10.1,revrange.t104,2026-03-15T17:11:44,10.5.0,,11a259a5f0,imbalanced-revrange,2,2026-03-15T17:11:44.586400,2026-03-15T17:15:16.040262
4343014,17395.6,10GB,0GB,0.0,NA,0.0,0,0,0,0,23.9,24.7,34,47,66,13293,210,0.0,,21.8,0.0,10.1,revrange.t104,2026-03-15T17:16:41,10.5.0,,11a259a5f0,imbalanced-revrange,3,2026-03-15T17:16:41.878830,2026-03-15T17:20:13.304926
4394496,17601.9,10GB,0GB,0.0,NA,0.0,0,0,0,0,23.7,24.4,34,47,68,39052,210,0.0,,21.8,0.0,10.1,revrange.t104,2026-03-15T17:21:36,10.5.0,,11a259a5f0,imbalanced-revrange,4,2026-03-15T17:21:36.646750,2026-03-15T17:25:08.098642
4100720,16425.2,10GB,0GB,0.0,NA,0.0,0,0,0,0,25.4,26.5,34,49,68,22084,210,0.0,,21.8,0.0,10.1,revrange.t104,2026-03-15T17:26:32,10.5.0,,11a259a5f0,interleaved-revrange,0,2026-03-15T17:26:32.278648,2026-03-15T17:30:03.718433
4090850,16385.6,10GB,0GB,0.0,NA,0.0,0,0,0,0,25.4,26.6,34,48,67,21257,210,0.0,,21.8,0.0,10.1,revrange.t104,2026-03-15T17:31:31,10.5.0,,11a259a5f0,interleaved-revrange,1,2026-03-15T17:31:31.357988,2026-03-15T17:35:02.791589
4054875,16241.5,10GB,0GB,0.0,NA,0.0,0,0,0,0,25.6,26.6,37,50,68,97194,210,0.0,,21.8,0.0,10.1,revrange.t104,2026-03-15T17:36:30,10.5.0,,11a259a5f0,interleaved-revrange,2,2026-03-15T17:36:30.097712,2026-03-15T17:40:01.615631
4033985,16157.9,10GB,0GB,0.0,NA,0.0,0,0,0,0,25.8,26.8,34,50,68,21409,210,0.0,,21.8,0.0,10.1,revrange.t104,2026-03-15T17:41:29,10.5.0,,11a259a5f0,interleaved-revrange,3,2026-03-15T17:41:28.933436,2026-03-15T17:45:00.364892
4064083,16278.4,10GB,0GB,0.0,NA,0.0,0,0,0,0,25.6,26.6,36,50,68,57811,210,0.0,,21.8,0.0,10.1,revrange.t104,2026-03-15T17:46:27,10.5.0,,11a259a5f0,interleaved-revrange,4,2026-03-15T17:46:27.635642,2026-03-15T17:49:59.093163
4332939,17355.3,10GB,0GB,0.0,NA,0.0,0,0,0,0,24.0,24.8,34,47,68,18270,210,0.0,,21.8,0.0,10.1,revrange.t104,2026-03-15T17:51:22,10.5.0,,11a259a5f0,balancing-revrange,0,2026-03-15T17:51:22.582460,2026-03-15T17:54:54.019618
3985260,15962.7,10GB,0GB,0.0,NA,0.0,0,0,0,0,26.1,27.0,37,50,69,31360,210,0.0,,21.8,0.0,10.1,revrange.t104,2026-03-15T17:56:20,10.5.0,,11a259a5f0,balancing-revrange,1,2026-03-15T17:56:20.207540,2026-03-15T17:59:51.659190
4289597,17181.7,10GB,0GB,0.0,NA,0.0,0,0,0,0,24.2,25.2,34,47,68,31830,210,0.0,,21.8,0.0,10.1,revrange.t104,2026-03-15T18:01:18,10.5.0,,11a259a5f0,balancing-revrange,2,2026-03-15T18:01:18.148958,2026-03-15T18:04:49.597175
4048705,16216.8,10GB,0GB,0.0,NA,0.0,0,0,0,0,25.7,26.7,34,49,69,61115,210,0.0,,21.8,0.0,10.1,revrange.t104,2026-03-15T18:06:16,10.5.0,,11a259a5f0,balancing-revrange,3,2026-03-15T18:06:16.483600,2026-03-15T18:09:47.959787
4350231,17424.6,10GB,0GB,0.0,NA,0.0,0,0,0,0,23.9,24.8,34,47,68,34525,210,0.0,,21.8,0.0,10.1,revrange.t104,2026-03-15T18:11:12,10.5.0,,11a259a5f0,balancing-revrange,4,2026-03-15T18:11:12.315657,2026-03-15T18:14:43.764393
11105392,2832.5,10GB,0GB,0.4,1.9,1.7,196,2,0,0,9.4,10.4,19,32,67,33059,210,0.0,,21.7,0.1,10.6,readwhilewriting.t104,2026-03-15T18:16:11,10.5.0,,11a259a5f0,readwhilewriting,0,2026-03-15T18:16:10.923508,2026-03-15T18:19:42.369217
11179643,2851.5,10GB,0GB,0.4,1.9,1.7,182,2,0,0,9.3,10.4,18,32,65,30408,210,0.0,,21.7,0.1,10.6,readwhilewriting.t104,2026-03-15T18:21:09,10.5.0,,11a259a5f0,readwhilewriting,1,2026-03-15T18:21:09.405982,2026-03-15T18:24:40.864383
11178294,2850.8,10GB,0GB,0.4,1.9,1.7,211,2,0,0,9.3,10.4,18,32,64,21076,210,0.0,,21.7,0.1,10.6,readwhilewriting.t104,2026-03-15T18:26:07,10.5.0,,11a259a5f0,readwhilewriting,2,2026-03-15T18:26:06.969260,2026-03-15T18:29:38.393168
11117109,2835.2,10GB,0GB,0.4,1.9,1.7,178,2,0,0,9.4,10.4,19,32,68,32947,210,0.0,,21.7,0.1,10.6,readwhilewriting.t104,2026-03-15T18:31:02,10.5.0,,11a259a5f0,readwhilewriting,3,2026-03-15T18:31:02.434474,2026-03-15T18:34:33.882089
11199256,2856.1,10GB,0GB,0.4,1.9,1.7,201,2,0,0,9.3,10.3,19,32,67,18635,210,0.0,,21.7,0.1,10.6,readwhilewriting.t104,2026-03-15T18:35:57,10.5.0,,11a259a5f0,readwhilewriting,4,2026-03-15T18:35:57.412717,2026-03-15T18:39:28.837145
11287899,2878.5,10GB,0GB,0.4,1.9,1.7,177,2,0,0,9.2,10.2,18,32,67,18331,210,0.0,,21.7,0.1,10.6,readwhilewriting.t104,2026-03-15T18:40:53,10.5.0,,11a259a5f0,imbalanced-readwhilewriting,0,2026-03-15T18:40:53.090808,2026-03-15T18:44:24.517831
10856651,2768.2,10GB,0GB,0.4,1.9,1.7,167,2,0,0,9.6,10.6,20,32,71,44706,210,0.0,,21.7,0.1,10.6,readwhilewriting.t104,2026-03-15T18:45:48,10.5.0,,11a259a5f0,imbalanced-readwhilewriting,1,2026-03-15T18:45:48.587273,2026-03-15T18:49:20.050282
11322816,2888.2,10GB,0GB,0.4,1.9,1.7,224,2,0,0,9.2,10.2,18,32,65,21532,210,0.0,,21.7,0.1,10.6,readwhilewriting.t104,2026-03-15T18:50:43,10.5.0,,11a259a5f0,imbalanced-readwhilewriting,2,2026-03-15T18:50:43.758662,2026-03-15T18:54:15.206034
11258330,2871.3,10GB,0GB,0.4,1.9,1.7,212,2,0,0,9.2,10.3,18,32,68,22238,210,0.0,,21.7,0.1,10.6,readwhilewriting.t104,2026-03-15T18:55:39,10.5.0,,11a259a5f0,imbalanced-readwhilewriting,3,2026-03-15T18:55:39.144880,2026-03-15T18:59:10.571430
11355357,2895.9,10GB,0GB,0.4,1.9,1.7,204,2,0,0,9.2,10.2,18,32,68,36569,210,0.0,,21.7,0.1,10.6,readwhilewriting.t104,2026-03-15T19:00:38,10.5.0,,11a259a5f0,imbalanced-readwhilewriting,4,2026-03-15T19:00:38.165999,2026-03-15T19:04:09.613478
11026905,2811.9,10GB,0GB,0.4,1.9,1.7,169,2,0,0,9.4,10.5,19,32,69,61779,210,0.0,,21.7,0.1,10.6,readwhilewriting.t104,2026-03-15T19:05:36,10.5.0,,11a259a5f0,interleaved-readwhilewriting,0,2026-03-15T19:05:36.719038,2026-03-15T19:09:08.170698
11150304,2843.3,10GB,0GB,0.4,1.9,1.7,176,2,0,0,9.3,10.4,19,32,68,25761,210,0.0,,21.7,0.1,10.6,readwhilewriting.t104,2026-03-15T19:10:35,10.5.0,,11a259a5f0,interleaved-readwhilewriting,1,2026-03-15T19:10:34.966252,2026-03-15T19:14:06.399591
11125334,2836.5,10GB,0GB,0.4,1.9,1.7,178,2,0,0,9.3,10.4,19,32,69,34424,210,0.0,,21.7,0.1,10.6,readwhilewriting.t104,2026-03-15T19:15:31,10.5.0,,11a259a5f0,interleaved-readwhilewriting,2,2026-03-15T19:15:31.503573,2026-03-15T19:19:02.963411
11110561,2833.6,10GB,0GB,0.4,1.9,1.7,200,2,0,0,9.4,10.4,19,32,66,26033,210,0.0,,21.7,0.1,10.6,readwhilewriting.t104,2026-03-15T19:20:29,10.5.0,,11a259a5f0,interleaved-readwhilewriting,3,2026-03-15T19:20:29.183702,2026-03-15T19:24:00.621854
11139439,2841.0,10GB,0GB,0.4,1.9,1.7,188,2,0,0,9.3,10.3,19,32,66,29689,210,0.0,,21.7,0.1,10.6,readwhilewriting.t104,2026-03-15T19:25:27,10.5.0,,11a259a5f0,interleaved-readwhilewriting,4,2026-03-15T19:25:27.101175,2026-03-15T19:28:58.555281
11332800,2890.6,10GB,0GB,0.4,1.9,1.7,205,2,0,0,9.2,10.2,18,32,66,43174,210,0.0,,21.7,0.1,10.6,readwhilewriting.t104,2026-03-15T19:30:23,10.5.0,,11a259a5f0,balancing-readwhilewriting,0,2026-03-15T19:30:23.214252,2026-03-15T19:33:54.645535
10987689,2802.6,10GB,0GB,0.4,1.9,1.7,199,2,0,0,9.5,10.4,19,32,69,45364,210,0.0,,21.7,0.1,10.6,readwhilewriting.t104,2026-03-15T19:35:22,10.5.0,,11a259a5f0,balancing-readwhilewriting,1,2026-03-15T19:35:22.816900,2026-03-15T19:38:54.298842
11138231,2840.6,10GB,0GB,0.4,1.9,1.7,201,2,0,0,9.3,10.4,19,32,67,24883,210,0.0,,21.7,0.1,10.6,readwhilewriting.t104,2026-03-15T19:40:20,10.5.0,,11a259a5f0,balancing-readwhilewriting,2,2026-03-15T19:40:20.828174,2026-03-15T19:43:52.262689
11058522,2819.7,10GB,0GB,0.4,1.9,1.7,188,2,0,0,9.4,10.4,19,32,70,25999,210,0.0,,21.7,0.1,10.6,readwhilewriting.t104,2026-03-15T19:45:17,10.5.0,,11a259a5f0,balancing-readwhilewriting,3,2026-03-15T19:45:17.465245,2026-03-15T19:48:48.915674
10981578,2800.8,10GB,0GB,0.4,1.9,1.7,162,2,0,0,9.5,10.5,19,32,67,35320,210,0.0,,21.7,0.1,10.6,readwhilewriting.t104,2026-03-15T19:50:14,10.5.0,,11a259a5f0,balancing-readwhilewriting,4,2026-03-15T19:50:14.316065,2026-03-15T19:53:45.771066
40613,16.3,13GB,0GB,14.9,5.4,71.8,318,48,1608,0,2557.0,2327.2,9404,13327,20552,51857,212,0.0,,0.8,0.4,1.6,overwrite.t104.s1,2026-03-15T19:55:12,10.5.0,,11a259a5f0,overwrite,0,2026-03-15T19:55:12.873263,2026-03-15T19:58:46.523224
40892,16.4,13GB,0GB,15.3,5.5,74.3,312,50,1721,0,2541.7,2317.1,9319,12838,13988,51847,211,0.0,,0.8,0.4,1.6,overwrite.t104.s1,2026-03-15T20:00:13,10.5.0,,11a259a5f0,overwrite,1,2026-03-15T20:00:13.261551,2026-03-15T20:03:45.770601
40881,16.4,13GB,0GB,15.3,5.5,74.4,313,50,1721,0,2542.8,2314.2,9476,13643,21542,63259,211,0.0,,0.8,0.4,1.8,overwrite.t104.s1,2026-03-15T20:05:13,10.5.0,,11a259a5f0,overwrite,2,2026-03-15T20:05:12.951678,2026-03-15T20:08:45.503244
40694,16.3,13GB,0GB,15.1,5.5,73.1,323,48,1719,0,2554.3,2320.2,9569,13613,20869,63268,212,0.0,,0.8,0.4,1.6,overwrite.t104.s1,2026-03-15T20:10:09,10.5.0,,11a259a5f0,overwrite,3,2026-03-15T20:10:09.409540,2026-03-15T20:13:42.956879
40988,16.4,13GB,0GB,15.4,5.5,74.6,326,48,1723,0,2534.8,2307.8,9603,13764,21445,59620,211,0.0,,0.8,0.4,1.9,overwrite.t104.s1,2026-03-15T20:15:07,10.5.0,,11a259a5f0,overwrite,4,2026-03-15T20:15:07.580861,2026-03-15T20:18:39.591112
41188,16.5,13GB,0GB,15.3,5.4,74.1,312,50,1722,0,2523.6,2304.1,9388,13176,14596,63387,212,0.0,,0.8,0.4,2.0,overwrite.t104.s1,2026-03-15T20:20:06,10.5.0,,11a259a5f0,imbalanced-overwrite,0,2026-03-15T20:20:06.512141,2026-03-15T20:23:39.994286
40917,16.4,13GB,0GB,15.5,5.6,75.1,313,51,1777,0,2540.2,2310.7,9342,13000,19814,65846,211,0.0,,0.8,0.4,1.6,overwrite.t104.s1,2026-03-15T20:25:06,10.5.0,,11a259a5f0,imbalanced-overwrite,1,2026-03-15T20:25:06.296184,2026-03-15T20:28:38.640759
41008,16.4,13GB,0GB,15.2,5.5,74.0,317,49,1668,0,2534.0,2311.9,9390,13298,21007,62830,211,0.0,,0.8,0.4,1.9,overwrite.t104.s1,2026-03-15T20:30:05,10.5.0,,11a259a5f0,imbalanced-overwrite,2,2026-03-15T20:30:05.872771,2026-03-15T20:33:37.779101
41008,16.4,13GB,0GB,15.1,5.5,73.3,310,50,1664,0,2531.7,2313.3,9452,13652,21562,68413,211,0.0,,0.8,0.4,1.6,overwrite.t104.s1,2026-03-15T20:35:04,10.5.0,,11a259a5f0,imbalanced-overwrite,3,2026-03-15T20:35:04.894441,2026-03-15T20:38:36.797743
40294,16.1,13GB,0GB,15.1,5.4,73.0,305,51,1666,0,2579.8,2339.6,9312,12889,14683,64533,212,0.0,,0.8,0.4,1.7,overwrite.t104.s1,2026-03-15T20:40:04,10.5.0,,11a259a5f0,imbalanced-overwrite,4,2026-03-15T20:40:04.034600,2026-03-15T20:43:37.083151
40813,16.3,13GB,0GB,15.2,5.5,73.5,313,50,1665,0,2547.0,2318.7,9355,13186,20747,55653,212,0.0,,0.8,0.4,1.5,overwrite.t104.s1,2026-03-15T20:45:04,10.5.0,,11a259a5f0,interleaved-overwrite,0,2026-03-15T20:45:04.143026,2026-03-15T20:48:37.040370
41320,16.6,13GB,0GB,15.1,5.3,73.3,314,49,1665,0,2515.6,2301.7,9397,13316,20885,54407,212,0.0,,0.8,0.4,1.4,overwrite.t104.s1,2026-03-15T20:50:02,10.5.0,,11a259a5f0,interleaved-overwrite,1,2026-03-15T20:50:02.500765,2026-03-15T20:53:35.343033
40667,16.3,13GB,0GB,15.0,5.4,72.3,307,50,1670,0,2555.0,2327.4,9278,12886,20688,66773,212,0.0,,0.8,0.4,1.3,overwrite.t104.s1,2026-03-15T20:55:02,10.5.0,,11a259a5f0,interleaved-overwrite,2,2026-03-15T20:55:02.528969,2026-03-15T20:58:36.062899
40406,16.2,13GB,0GB,15.0,5.4,73.0,309,50,1663,0,2572.6,2335.4,9294,12750,19764,65091,211,0.0,,0.8,0.4,1.3,overwrite.t104.s1,2026-03-15T21:00:03,10.5.0,,11a259a5f0,interleaved-overwrite,3,2026-03-15T21:00:03.446004,2026-03-15T21:03:35.909660
40819,16.4,13GB,0GB,15.4,5.5,74.6,314,50,1775,0,2546.9,2316.5,9388,13371,20806,62709,212,0.0,,0.8,0.4,1.7,overwrite.t104.s1,2026-03-15T21:05:03,10.5.0,,11a259a5f0,interleaved-overwrite,4,2026-03-15T21:05:03.508255,2026-03-15T21:08:36.381362
40840,16.4,13GB,0GB,15.2,5.5,73.6,322,48,1665,0,2545.2,2318.0,9498,13571,20941,57263,211,0.0,,0.8,0.4,2.3,overwrite.t104.s1,2026-03-15T21:10:08,10.5.0,,11a259a5f0,balancing-overwrite,0,2026-03-15T21:10:08.170388,2026-03-15T21:13:40.927231
40936,16.4,13GB,0GB,15.3,5.5,74.3,318,49,1774,0,2539.2,2312.9,9418,13374,21178,61251,211,0.0,,0.8,0.4,2.1,overwrite.t104.s1,2026-03-15T21:15:07,10.5.0,,11a259a5f0,balancing-overwrite,1,2026-03-15T21:15:07.657602,2026-03-15T21:18:39.924623
40701,16.3,13GB,0GB,15.3,5.5,74.0,320,49,1722,0,2553.8,2322.8,9473,13470,21478,67565,212,0.0,,0.8,0.4,1.9,overwrite.t104.s1,2026-03-15T21:20:04,10.5.0,,11a259a5f0,balancing-overwrite,2,2026-03-15T21:20:04.480317,2026-03-15T21:23:37.974002
40461,16.2,13GB,0GB,15.2,5.4,73.7,306,51,1665,0,2569.2,2336.1,9267,12458,13935,54863,211,0.0,,0.8,0.4,1.7,overwrite.t104.s1,2026-03-15T21:25:02,10.5.0,,11a259a5f0,balancing-overwrite,3,2026-03-15T21:25:02.592896,2026-03-15T21:28:34.767475
40624,16.3,13GB,0GB,15.1,5.5,72.9,324,48,1607,0,2557.6,2323.6,9605,13634,21318,54917,212,0.0,,0.8,0.4,2.1,overwrite.t104.s1,2026-03-15T21:29:59,10.5.0,,11a259a5f0,balancing-overwrite,4,2026-03-15T21:29:59.417684,2026-03-15T21:33:33.170676
3316230,13282.9,10GB,0GB,0.4,1.9,1.7,169,2,0,0,31.4,30.3,51,83,155,121340,210,0.0,,21.7,0.1,10.6,fwdrangewhilewriting.t104,2026-03-15T21:34:58,10.5.0,,11a259a5f0,fwdrangewhilewriting,0,2026-03-15T21:34:58.787932,2026-03-15T21:38:30.237182
3444008,13794.7,10GB,0GB,0.4,1.9,1.7,197,2,0,0,30.2,29.2,51,77,150,26973,210,0.0,,21.6,0.1,10.6,fwdrangewhilewriting.t104,2026-03-15T21:39:58,10.5.0,,11a259a5f0,fwdrangewhilewriting,1,2026-03-15T21:39:57.953948,2026-03-15T21:43:29.431674
3465184,13879.6,10GB,0GB,0.4,1.9,1.7,188,2,0,0,30.0,28.8,51,76,154,30483,210,0.0,,21.7,0.1,10.6,fwdrangewhilewriting.t104,2026-03-15T21:44:56,10.5.0,,11a259a5f0,fwdrangewhilewriting,2,2026-03-15T21:44:55.974659,2026-03-15T21:48:27.458688
3344153,13394.8,10GB,0GB,0.4,1.9,1.7,193,2,0,0,31.1,30.0,51,79,147,65894,210,0.0,,21.7,0.1,10.6,fwdrangewhilewriting.t104,2026-03-15T21:49:55,10.5.0,,11a259a5f0,fwdrangewhilewriting,3,2026-03-15T21:49:55.114996,2026-03-15T21:53:26.586907
3401586,13624.8,10GB,0GB,0.4,1.9,1.7,191,2,0,0,30.6,29.5,51,80,148,56615,210,0.0,,21.7,0.1,10.6,fwdrangewhilewriting.t104,2026-03-15T21:54:52,10.5.0,,11a259a5f0,fwdrangewhilewriting,4,2026-03-15T21:54:52.473170,2026-03-15T21:58:23.966430
3294514,13196.0,10GB,0GB,0.4,1.9,1.7,178,2,0,0,31.6,30.3,61,87,155,66510,210,0.0,,21.7,0.1,10.6,fwdrangewhilewriting.t104,2026-03-15T21:59:48,10.5.0,,11a259a5f0,imbalanced-fwdrangewhilewriting,0,2026-03-15T21:59:47.906914,2026-03-15T22:03:19.394919
3384320,13555.7,10GB,0GB,0.4,1.9,1.7,188,2,0,0,30.7,29.6,51,78,153,66085,210,0.0,,21.6,0.1,10.6,fwdrangewhilewriting.t104,2026-03-15T22:04:43,10.5.0,,11a259a5f0,imbalanced-fwdrangewhilewriting,1,2026-03-15T22:04:43.502873,2026-03-15T22:08:14.959766
3451003,13822.8,10GB,0GB,0.4,1.9,1.7,217,2,0,0,30.1,29.2,51,78,150,70256,210,0.0,,21.7,0.1,10.6,fwdrangewhilewriting.t104,2026-03-15T22:09:42,10.5.0,,11a259a5f0,imbalanced-fwdrangewhilewriting,2,2026-03-15T22:09:41.950578,2026-03-15T22:13:13.425774
3319523,13296.1,10GB,0GB,0.4,1.9,1.7,179,2,0,0,31.3,30.0,61,87,157,78146,210,0.0,,21.7,0.1,10.6,fwdrangewhilewriting.t104,2026-03-15T22:14:38,10.5.0,,11a259a5f0,imbalanced-fwdrangewhilewriting,3,2026-03-15T22:14:38.864526,2026-03-15T22:18:10.369799
3466972,13886.7,10GB,0GB,0.4,1.9,1.7,177,2,0,0,30.0,29.1,51,76,149,54662,210,0.0,,21.7,0.1,10.6,fwdrangewhilewriting.t104,2026-03-15T22:19:33,10.5.0,,11a259a5f0,imbalanced-fwdrangewhilewriting,4,2026-03-15T22:19:33.820955,2026-03-15T22:23:05.287664
3525639,14121.7,10GB,0GB,0.4,1.9,1.7,189,2,0,0,29.5,28.5,51,76,148,82078,210,0.0,,21.7,0.1,10.6,fwdrangewhilewriting.t104,2026-03-15T22:24:28,10.5.0,,11a259a5f0,interleaved-fwdrangewhilewriting,0,2026-03-15T22:24:28.824107,2026-03-15T22:28:00.303649
3402491,13628.4,10GB,0GB,0.4,1.9,1.7,191,2,0,0,30.6,29.5,51,80,150,58319,210,0.0,,21.6,0.1,10.6,fwdrangewhilewriting.t104,2026-03-15T22:29:24,10.5.0,,11a259a5f0,interleaved-fwdrangewhilewriting,1,2026-03-15T22:29:24.814040,2026-03-15T22:32:56.302600
3389359,13575.8,10GB,0GB,0.4,1.9,1.7,187,2,0,0,30.7,29.6,51,77,150,65406,210,0.0,,21.6,0.1,10.6,fwdrangewhilewriting.t104,2026-03-15T22:34:23,10.5.0,,11a259a5f0,interleaved-fwdrangewhilewriting,2,2026-03-15T22:34:23.783083,2026-03-15T22:37:55.252849
3427762,13729.7,10GB,0GB,0.4,1.9,1.7,201,2,0,0,30.3,29.3,51,79,151,32942,210,0.0,,21.6,0.1,10.6,fwdrangewhilewriting.t104,2026-03-15T22:39:22,10.5.0,,11a259a5f0,interleaved-fwdrangewhilewriting,3,2026-03-15T22:39:22.325907,2026-03-15T22:42:53.799816
3419471,13696.5,10GB,0GB,0.4,1.9,1.7,175,2,0,0,30.4,29.4,51,79,151,59684,210,0.0,,21.7,0.1,10.6,fwdrangewhilewriting.t104,2026-03-15T22:44:20,10.5.0,,11a259a5f0,interleaved-fwdrangewhilewriting,4,2026-03-15T22:44:20.392272,2026-03-15T22:47:51.855596
3369894,13497.9,10GB,0GB,0.4,1.9,1.7,213,2,0,0,30.8,29.8,51,79,156,81017,210,0.0,,21.6,0.1,10.6,fwdrangewhilewriting.t104,2026-03-15T22:49:16,10.5.0,,11a259a5f0,balancing-fwdrangewhilewriting,0,2026-03-15T22:49:16.609257,2026-03-15T22:52:48.133622
3582830,14350.8,10GB,0GB,0.4,1.9,1.7,205,2,0,0,29.0,28.1,51,76,151,47271,210,0.0,,21.6,0.1,10.6,fwdrangewhilewriting.t104,2026-03-15T22:54:14,10.5.0,,11a259a5f0,balancing-fwdrangewhilewriting,1,2026-03-15T22:54:14.550514,2026-03-15T22:57:45.998028
3476085,13923.2,10GB,0GB,0.4,1.9,1.7,189,2,0,0,29.9,29.0,51,76,154,43377,210,0.0,,21.6,0.1,10.6,fwdrangewhilewriting.t104,2026-03-15T22:59:13,10.5.0,,11a259a5f0,balancing-fwdrangewhilewriting,2,2026-03-15T22:59:13.275642,2026-03-15T23:02:44.750834
3485009,13959.0,10GB,0GB,0.4,1.9,1.7,180,2,0,0,29.8,28.7,51,76,156,46166,210,0.0,,21.6,0.1,10.6,fwdrangewhilewriting.t104,2026-03-15T23:04:11,10.5.0,,11a259a5f0,balancing-fwdrangewhilewriting,3,2026-03-15T23:04:11.358458,2026-03-15T23:07:42.812452
3409813,13657.8,10GB,0GB,0.4,1.9,1.7,193,2,0,0,30.5,29.4,51,79,152,37208,210,0.0,,21.6,0.1,10.6,fwdrangewhilewriting.t104,2026-03-15T23:09:09,10.5.0,,11a259a5f0,balancing-fwdrangewhilewriting,4,2026-03-15T23:09:09.506669,2026-03-15T23:12:40.982655
2630542,10536.5,10GB,0GB,0.4,1.9,1.7,181,2,0,0,39.5,37.9,75,101,164,49718,210,0.0,,21.7,0.1,10.6,revrangewhilewriting.t104,2026-03-15T23:14:07,10.5.0,,11a259a5f0,revrangewhilewriting,0,2026-03-15T23:14:07.635610,2026-03-15T23:17:39.102698
2634424,10552.0,10GB,0GB,0.4,1.9,1.7,169,2,0,0,39.5,37.8,75,101,163,52120,210,0.0,,21.7,0.1,10.6,revrangewhilewriting.t104,2026-03-15T23:19:03,10.5.0,,11a259a5f0,revrangewhilewriting,1,2026-03-15T23:19:03.465582,2026-03-15T23:22:34.956874
2644896,10594.0,10GB,0GB,0.4,1.9,1.7,195,2,0,0,39.3,37.7,75,101,165,40476,210,0.0,,21.7,0.1,10.6,revrangewhilewriting.t104,2026-03-15T23:24:00,10.5.0,,11a259a5f0,revrangewhilewriting,2,2026-03-15T23:24:00.656559,2026-03-15T23:27:32.138412
2667486,10684.4,10GB,0GB,0.4,1.9,1.7,191,2,0,0,39.0,37.4,75,100,163,46758,210,0.0,,21.7,0.1,10.6,revrangewhilewriting.t104,2026-03-15T23:29:00,10.5.0,,11a259a5f0,revrangewhilewriting,3,2026-03-15T23:28:59.930491,2026-03-15T23:32:31.402371
2613946,10470.0,10GB,0GB,0.4,1.9,1.7,192,2,0,0,39.8,38.0,75,102,166,37875,210,0.0,,21.7,0.1,10.6,revrangewhilewriting.t104,2026-03-15T23:33:58,10.5.0,,11a259a5f0,revrangewhilewriting,4,2026-03-15T23:33:58.300125,2026-03-15T23:37:29.770932
2589961,10373.9,10GB,0GB,0.4,1.9,1.7,193,2,0,0,40.1,38.3,75,102,166,47118,210,0.0,,21.7,0.1,10.6,revrangewhilewriting.t104,2026-03-15T23:38:56,10.5.0,,11a259a5f0,imbalanced-revrangewhilewriting,0,2026-03-15T23:38:56.260688,2026-03-15T23:42:27.748750
2630616,10536.8,10GB,0GB,0.4,1.9,1.7,179,2,0,0,39.5,37.9,75,101,166,63848,210,0.0,,21.7,0.1,10.6,revrangewhilewriting.t104,2026-03-15T23:43:51,10.5.0,,11a259a5f0,imbalanced-revrangewhilewriting,1,2026-03-15T23:43:51.417011,2026-03-15T23:47:22.934911
2593588,10388.4,10GB,0GB,0.4,1.9,1.7,173,2,0,0,40.1,38.4,75,103,167,55049,210,0.0,,21.7,0.1,10.6,revrangewhilewriting.t104,2026-03-15T23:48:49,10.5.0,,11a259a5f0,imbalanced-revrangewhilewriting,2,2026-03-15T23:48:49.864728,2026-03-15T23:52:21.355734
2633311,10547.5,10GB,0GB,0.4,1.9,1.7,180,2,0,0,39.5,37.6,75,103,166,59920,210,0.0,,21.7,0.1,10.6,revrangewhilewriting.t104,2026-03-15T23:53:48,10.5.0,,11a259a5f0,imbalanced-revrangewhilewriting,3,2026-03-15T23:53:47.951971,2026-03-15T23:57:19.440706
2641055,10578.6,10GB,0GB,0.4,1.9,1.7,174,2,0,0,39.4,37.9,75,100,165,46406,210,0.0,,21.7,0.1,10.6,revrangewhilewriting.t104,2026-03-15T23:58:45,10.5.0,,11a259a5f0,imbalanced-revrangewhilewriting,4,2026-03-15T23:58:45.653520,2026-03-16T00:02:17.160718
2640397,10575.9,10GB,0GB,0.4,1.9,1.7,200,2,0,0,39.4,37.8,75,100,165,63700,210,0.0,,21.7,0.1,10.6,revrangewhilewriting.t104,2026-03-16T00:03:44,10.5.0,,11a259a5f0,interleaved-revrangewhilewriting,0,2026-03-16T00:03:44.246302,2026-03-16T00:07:15.737700
2642786,10585.5,10GB,0GB,0.4,1.9,1.7,196,2,0,0,39.3,37.7,75,101,165,69584,210,0.0,,21.7,0.1,10.6,revrangewhilewriting.t104,2026-03-16T00:08:42,10.5.0,,11a259a5f0,interleaved-revrangewhilewriting,1,2026-03-16T00:08:42.218041,2026-03-16T00:12:13.695395
2628534,10528.4,10GB,0GB,0.4,1.9,1.7,201,2,0,0,39.6,38.1,75,101,166,85424,210,0.0,,21.7,0.1,10.6,revrangewhilewriting.t104,2026-03-16T00:13:40,10.5.0,,11a259a5f0,interleaved-revrangewhilewriting,2,2026-03-16T00:13:40.113027,2026-03-16T00:17:11.610248
2644591,10592.7,10GB,0GB,0.4,1.9,1.7,173,2,0,0,39.3,37.8,75,101,165,52020,210,0.0,,21.7,0.1,10.6,revrangewhilewriting.t104,2026-03-16T00:18:38,10.5.0,,11a259a5f0,interleaved-revrangewhilewriting,3,2026-03-16T00:18:38.406577,2026-03-16T00:22:09.900998
2682399,10744.2,10GB,0GB,0.4,1.9,1.7,188,2,0,0,38.8,37.1,75,101,165,62693,210,0.0,,21.7,0.1,10.6,revrangewhilewriting.t104,2026-03-16T00:23:33,10.5.0,,11a259a5f0,interleaved-revrangewhilewriting,4,2026-03-16T00:23:33.596463,2026-03-16T00:27:05.080461
2633285,10547.4,10GB,0GB,0.4,1.9,1.7,194,2,0,0,39.5,37.6,75,100,168,23566,210,0.0,,21.7,0.1,10.6,revrangewhilewriting.t104,2026-03-16T00:28:32,10.5.0,,11a259a5f0,balancing-revrangewhilewriting,0,2026-03-16T00:28:32.286983,2026-03-16T00:32:03.765576
2621064,10498.5,10GB,0GB,0.4,1.9,1.7,194,2,0,0,39.7,38.0,75,101,175,58832,210,0.0,,21.7,0.1,10.6,revrangewhilewriting.t104,2026-03-16T00:33:30,10.5.0,,11a259a5f0,balancing-revrangewhilewriting,1,2026-03-16T00:33:30.287637,2026-03-16T00:37:01.749503
2585262,10355.1,10GB,0GB,0.4,1.9,1.7,193,2,0,0,40.2,38.3,75,100,169,29454,210,0.0,,21.7,0.1,10.6,revrangewhilewriting.t104,2026-03-16T00:38:25,10.5.0,,11a259a5f0,balancing-revrangewhilewriting,2,2026-03-16T00:38:25.746378,2026-03-16T00:41:57.225917
2625362,10515.7,10GB,0GB,0.4,1.9,1.7,181,2,0,0,39.6,37.9,75,102,174,58086,210,0.0,,21.7,0.1,10.6,revrangewhilewriting.t104,2026-03-16T00:43:24,10.5.0,,11a259a5f0,balancing-revrangewhilewriting,3,2026-03-16T00:43:24.470292,2026-03-16T00:46:55.949320
2668260,10687.5,10GB,0GB,0.4,1.9,1.7,210,2,0,0,39.0,37.2,75,100,169,56522,210,0.0,,21.7,0.1,10.6,revrangewhilewriting.t104,2026-03-16T00:48:21,10.5.0,,11a259a5f0,balancing-revrangewhilewriting,4,2026-03-16T00:48:21.772806,2026-03-16T00:51:53.261946
