time,variant,elapsed,phase,limit,current_mb,high_events,psi_some_avg10,anon,file,pgscan,pgsteal,pgmajfault,vm_numa_pte_updates,vm_numa_huge_pte_updates,vm_numa_hint_faults,vm_numa_hint_faults_local,vm_numa_pages_migrated,vm_pgmigrate_success,vm_pgmigrate_fail
2026-08-29T23:45:30.963,numa-balancing,0.001,normal,max,2242,0,0.00,217153536,2107695104,0,0,20358,460634,0,394558,276166,72573,72573,0
2026-08-29T23:45:31.463,numa-balancing,0.501,normal,max,2241,0,0.00,217153536,2107695104,0,0,20358,462720,0,395301,276632,72604,72604,0
2026-08-29T23:45:31.963,numa-balancing,1.001,normal,max,2242,0,0.00,217153536,2107695104,0,0,20358,464192,0,396585,277593,72643,72643,0
2026-08-29T23:45:32.463,numa-balancing,1.501,normal,max,2242,0,0.00,217153536,2107695104,0,0,20358,464200,0,397138,277981,72661,72661,0
2026-08-29T23:45:32.963,numa-balancing,2.001,normal,max,2240,0,0.00,217153536,2107695104,0,0,20358,464200,0,397685,278453,72678,72678,0
2026-08-29T23:45:33.463,numa-balancing,2.501,normal,max,2241,0,0.00,217153536,2107695104,0,0,20358,464200,0,398030,278687,72687,72687,0
2026-08-29T23:45:33.963,numa-balancing,3.001,normal,max,2241,0,0.00,217153536,2107695104,0,0,20358,464200,0,398091,278716,72687,72687,0
2026-08-29T23:45:34.463,numa-balancing,3.501,normal,max,2242,0,0.00,217153536,2107695104,0,0,20358,466106,0,398289,278867,72696,72696,0
2026-08-29T23:45:34.963,numa-balancing,4.001,normal,max,2242,0,0.00,217153536,2107695104,0,0,20358,466109,0,399105,279421,72708,72708,0
2026-08-29T23:45:35.463,numa-balancing,4.501,normal,max,2241,0,0.00,217153536,2107695104,0,0,20358,466109,0,399493,279704,72718,72718,0
2026-08-29T23:45:35.963,numa-balancing,5.001,normal,max,2242,0,0.00,217153536,2107695104,0,0,20358,466281,0,400091,280197,72726,72726,0
2026-08-29T23:45:36.463,numa-balancing,5.501,normal,max,2242,0,0.00,217153536,2107695104,0,0,20358,466281,0,400174,280242,72730,72730,0
2026-08-29T23:45:36.963,numa-balancing,6.001,normal,max,2242,0,0.00,217153536,2107695104,0,0,20358,466281,0,400211,280274,72731,72731,0
2026-08-29T23:45:37.463,numa-balancing,6.501,normal,max,2242,0,0.00,217153536,2107695104,0,0,20358,466281,0,400211,280274,72731,72731,0
2026-08-29T23:45:37.963,numa-balancing,7.001,normal,max,2241,0,0.00,217153536,2107695104,0,0,20358,466281,0,400211,280274,72731,72731,0
2026-08-29T23:45:38.463,numa-balancing,7.501,normal,max,2243,0,0.00,217153536,2107695104,0,0,20358,468367,0,400785,280644,72745,72745,0
2026-08-29T23:45:38.963,numa-balancing,8.001,normal,max,2242,0,0.00,217153536,2107695104,0,0,20358,469340,0,401694,281253,72779,72779,0
2026-08-29T23:45:39.463,numa-balancing,8.501,normal,max,2243,0,0.00,217153536,2107695104,0,0,20358,469340,0,402695,282057,72790,72790,0
2026-08-29T23:45:39.963,numa-balancing,9.001,normal,max,2243,0,0.00,217153536,2107695104,0,0,20358,469340,0,403127,282368,72791,72791,0
2026-08-29T23:45:40.463,numa-balancing,9.501,normal,max,2241,0,0.00,217153536,2107695104,0,0,20358,469340,0,403240,282434,72791,72791,0
2026-08-29T23:45:40.963,numa-balancing,10.001,normal,max,2242,0,0.00,217153536,2107695104,0,0,20358,469340,0,403326,282515,72792,72792,0
2026-08-29T23:45:41.463,numa-balancing,10.501,normal,max,2242,0,0.00,217153536,2107695104,0,0,20358,469340,0,403326,282515,72792,72792,0
2026-08-29T23:45:41.963,numa-balancing,11.001,normal,max,2243,0,0.00,217153536,2107695104,0,0,20358,469340,0,403327,282516,72792,72792,0
2026-08-29T23:45:42.463,numa-balancing,11.501,normal,max,2243,0,0.00,217153536,2107695104,0,0,20358,469340,0,403327,282516,72792,72792,0
2026-08-29T23:45:42.963,numa-balancing,12.001,normal,max,2240,0,0.00,217153536,2107695104,0,0,20358,469340,0,403327,282516,72792,72792,0
2026-08-29T23:45:43.463,numa-balancing,12.501,normal,max,2241,0,0.00,217153536,2107695104,0,0,20358,471429,0,404077,282981,72797,72797,0
2026-08-29T23:45:43.963,numa-balancing,13.001,normal,max,2241,0,0.00,217153536,2107695104,0,0,20358,472545,0,405125,283618,72862,72862,0
2026-08-29T23:45:44.463,numa-balancing,13.501,normal,max,2241,0,0.00,217153536,2107695104,0,0,20358,472666,0,406129,284428,72873,72873,0
2026-08-29T23:45:44.963,numa-balancing,14.001,normal,max,2241,0,0.00,217153536,2107695104,0,0,20358,472670,0,406562,284742,72875,72875,0
2026-08-29T23:45:45.463,numa-balancing,14.501,normal,max,2239,0,0.00,217153536,2107695104,0,0,20358,472670,0,406623,284786,72879,72879,0
2026-08-29T23:45:45.963,numa-balancing,15.001,normal,max,2241,0,0.00,217153536,2107695104,0,0,20358,472670,0,406656,284807,72880,72880,0
2026-08-29T23:45:46.463,numa-balancing,15.501,normal,max,2241,0,0.00,217153536,2107695104,0,0,20358,472670,0,406656,284807,72880,72880,0
2026-08-29T23:45:46.963,numa-balancing,16.001,normal,max,2242,0,0.00,217153536,2107695104,0,0,20358,474757,0,407137,285151,72883,72883,0
2026-08-29T23:45:47.463,numa-balancing,16.501,normal,max,2242,0,0.00,217153536,2107695104,0,0,20358,475631,0,408182,285882,72921,72921,0
2026-08-29T23:45:47.963,numa-balancing,17.001,normal,max,2241,0,0.00,217153536,2107695104,0,0,20358,475631,0,408997,286545,72936,72936,0
2026-08-29T23:45:48.463,numa-balancing,17.501,normal,max,2241,0,0.00,217153536,2107695104,0,0,20358,475631,0,409520,286857,72945,72945,0
2026-08-29T23:45:48.963,numa-balancing,18.001,normal,max,2241,0,0.00,217153536,2107695104,0,0,20358,475662,0,409587,286900,72949,72949,0
2026-08-29T23:45:49.463,numa-balancing,18.501,normal,max,2242,0,0.00,217153536,2107695104,0,0,20358,477653,0,409898,287180,72957,72957,0
2026-08-29T23:45:49.963,numa-balancing,19.001,normal,max,2242,0,0.00,217153536,2107695104,0,0,20358,477711,0,410856,287756,72981,72981,0
2026-08-29T23:45:50.463,numa-balancing,19.501,normal,max,2244,0,0.00,217153536,2107695104,0,0,20358,477711,0,411441,288184,72984,72984,0
2026-08-29T23:45:50.963,numa-balancing,20.001,normal,max,2244,0,0.00,217153536,2107695104,0,0,20358,477711,0,411633,288301,72984,72984,0
2026-08-29T23:45:51.463,numa-balancing,20.501,normal,max,2243,0,0.00,217153536,2107695104,0,0,20358,477711,0,411675,288321,72984,72984,0
2026-08-29T23:45:51.963,numa-balancing,21.001,normal,max,2243,0,0.00,217153536,2107695104,0,0,20358,479797,0,412204,288749,73000,73000,0
2026-08-29T23:45:52.463,numa-balancing,21.501,normal,max,2243,0,0.00,217153536,2107695104,0,0,20358,479797,0,412977,289205,73015,73015,0
2026-08-29T23:45:52.963,numa-balancing,22.001,normal,max,2244,0,0.00,217153536,2107695104,0,0,20358,479797,0,413583,289652,73024,73024,0
2026-08-29T23:45:53.463,numa-balancing,22.501,normal,max,2244,0,0.00,217153536,2107695104,0,0,20358,479797,0,413731,289737,73024,73024,0
2026-08-29T23:45:53.963,numa-balancing,23.001,normal,max,2241,0,0.00,217153536,2107695104,0,0,20358,479797,0,413759,289752,73024,73024,0
2026-08-29T23:45:54.463,numa-balancing,23.501,normal,max,2242,0,0.00,217153536,2107695104,0,0,20358,479800,0,413790,289766,73025,73025,0
2026-08-29T23:45:54.963,numa-balancing,24.001,normal,max,2241,0,0.00,217153536,2107695104,0,0,20358,479800,0,413790,289766,73025,73025,0
2026-08-29T23:45:55.463,numa-balancing,24.501,normal,max,2242,0,0.00,217153536,2107695104,0,0,20358,479974,0,413798,289772,73026,73026,0
2026-08-29T23:45:55.963,numa-balancing,25.001,normal,max,2242,0,0.00,217153536,2107695104,0,0,20358,481899,0,414520,290289,73038,73038,0
2026-08-29T23:45:56.463,numa-balancing,25.501,normal,max,2241,0,0.00,217104384,2107695104,0,0,20358,481899,0,414977,290579,73038,73038,0
2026-08-29T23:45:56.963,numa-balancing,26.001,normal,max,2242,0,0.00,217104384,2107695104,0,0,20358,481899,0,415725,291205,73041,73041,0
2026-08-29T23:45:57.463,numa-balancing,26.501,normal,max,2242,0,0.00,217104384,2107695104,0,0,20358,481899,0,415854,291294,73041,73041,0
2026-08-29T23:45:57.963,numa-balancing,27.001,normal,max,2242,0,0.00,217104384,2107695104,0,0,20358,481899,0,415893,291315,73041,73041,0
2026-08-29T23:45:58.463,numa-balancing,27.501,normal,max,2242,0,0.00,217153536,2107695104,0,0,20358,483808,0,416757,291848,73041,73041,0
2026-08-29T23:45:58.963,numa-balancing,28.001,normal,max,2239,0,0.00,217153536,2107695104,0,0,20358,483808,0,417254,292148,73041,73041,0
2026-08-29T23:45:59.463,numa-balancing,28.501,normal,max,2241,0,0.00,217153536,2107695104,0,0,20358,483808,0,417685,292513,73043,73043,0
2026-08-29T23:45:59.963,numa-balancing,29.001,normal,max,2241,0,0.00,217153536,2107695104,0,0,20358,483808,0,417756,292564,73043,73043,0
2026-08-29T23:46:00.463,numa-balancing,29.501,normal,max,2239,0,0.00,217153536,2107695104,0,0,20358,483981,0,417894,292694,73043,73043,0
2026-08-29T23:46:00.963,numa-balancing,30.001,normal,max,2241,0,0.00,217153536,2107695104,0,0,20358,486070,0,418758,293262,73055,73055,0
2026-08-29T23:46:01.463,numa-balancing,30.501,normal,max,2241,0,0.00,217153536,2107695104,0,0,20358,486070,0,419290,293594,73063,73063,0
2026-08-29T23:46:01.963,numa-balancing,31.001,normal,max,2242,0,0.00,217157632,2107695104,0,0,20358,486070,0,419938,294139,73067,73067,0
2026-08-29T23:46:02.463,numa-balancing,31.501,normal,max,2242,0,0.00,217157632,2107695104,0,0,20358,486070,0,420028,294202,73067,73067,0
2026-08-29T23:46:02.963,numa-balancing,32.001,normal,max,2242,0,0.00,217157632,2107695104,0,0,20358,486070,0,420065,294225,73067,73067,0
2026-08-29T23:46:03.463,numa-balancing,32.501,normal,max,2242,0,0.00,217157632,2107695104,0,0,20358,487976,0,420919,294767,73075,73075,0
2026-08-29T23:46:03.963,numa-balancing,33.001,normal,max,2241,0,0.00,217100288,2107695104,0,0,20358,487976,0,421379,295006,73082,73082,0
2026-08-29T23:46:04.463,numa-balancing,33.501,normal,max,2242,0,0.00,217100288,2107695104,0,0,20358,487976,0,421888,295410,73083,73083,0
2026-08-29T23:46:04.963,numa-balancing,34.001,normal,max,2242,0,0.00,217157632,2107695104,0,0,20358,487976,0,421941,295442,73083,73083,0
2026-08-29T23:46:05.463,numa-balancing,34.501,normal,max,2243,0,0.00,217157632,2107695104,0,0,20358,488151,0,421977,295460,73083,73083,0
2026-08-29T23:46:05.963,numa-balancing,35.001,normal,max,2242,0,0.00,217161728,2107695104,0,0,20358,490063,0,422834,295923,73095,73095,0
2026-08-29T23:46:06.463,numa-balancing,35.501,normal,max,2243,0,0.00,217161728,2107695104,0,0,20358,490063,0,423744,296603,73126,73126,0
2026-08-29T23:46:06.963,numa-balancing,36.001,normal,max,2243,0,0.00,217161728,2107695104,0,0,20358,491795,0,424778,297256,73156,73156,0
2026-08-29T23:46:07.463,numa-balancing,36.501,normal,max,2243,0,0.00,217161728,2107695104,0,0,20358,491965,0,425417,297723,73161,73161,0
2026-08-29T23:46:07.963,numa-balancing,37.001,normal,max,2243,0,0.00,217161728,2107695104,0,0,20358,491965,0,425750,297933,73166,73166,0
2026-08-29T23:46:08.463,numa-balancing,37.501,normal,max,2241,0,0.00,217161728,2107695104,0,0,20358,493846,0,426370,298329,73187,73187,0
2026-08-29T23:46:08.963,numa-balancing,38.001,normal,max,2243,0,0.00,217161728,2107695104,0,0,20358,493846,0,427475,299151,73204,73204,0
2026-08-29T23:46:09.463,numa-balancing,38.501,normal,max,2242,0,0.00,217161728,2107695104,0,0,20358,493846,0,427809,299373,73204,73204,0
2026-08-29T23:46:09.966,numa-balancing,39.004,normal,max,2243,0,0.00,217161728,2107695104,0,0,20358,494015,0,427848,299401,73204,73204,0
2026-08-29T23:46:10.463,numa-balancing,39.501,normal,max,2243,0,0.00,217161728,2107695104,0,0,20358,495921,0,428323,299689,73226,73226,0
2026-08-29T23:46:10.963,numa-balancing,40.001,normal,max,2242,0,0.00,217161728,2107695104,0,0,20358,495924,0,429223,300378,73232,73232,0
2026-08-29T23:46:11.463,numa-balancing,40.501,normal,max,2242,0,0.00,217161728,2107695104,0,0,20358,495924,0,429789,300718,73234,73234,0
2026-08-29T23:46:11.963,numa-balancing,41.001,normal,max,2240,0,0.00,217161728,2107695104,0,0,20358,495924,0,429897,300768,73234,73234,0
2026-08-29T23:46:12.463,numa-balancing,41.501,normal,max,2241,0,0.00,217161728,2107695104,0,0,20358,498168,0,430599,301252,73255,73255,0
2026-08-29T23:46:12.963,numa-balancing,42.001,normal,max,2241,0,0.00,217161728,2107695104,0,0,20358,498168,0,431295,301597,73260,73260,0
2026-08-29T23:46:13.463,numa-balancing,42.501,normal,max,2242,0,0.00,217161728,2107695104,0,0,20358,498168,0,432075,302226,73267,73267,0
2026-08-29T23:46:13.963,numa-balancing,43.001,normal,max,2241,0,0.00,217161728,2107695104,0,0,20358,498168,0,432144,302261,73268,73268,0
2026-08-29T23:46:14.463,numa-balancing,43.501,normal,max,2243,0,0.00,217165824,2107695104,0,0,20358,498168,0,432176,302279,73269,73269,0
2026-08-29T23:46:14.963,numa-balancing,44.001,normal,max,2242,0,0.00,217165824,2107695104,0,0,20358,500075,0,433072,302826,73280,73280,0
2026-08-29T23:46:15.463,numa-balancing,44.501,normal,max,2243,0,0.00,217165824,2107695104,0,0,20358,500075,0,433704,303281,73281,73281,0
2026-08-29T23:46:15.963,numa-balancing,45.001,normal,max,2242,0,0.00,217165824,2107695104,0,0,20358,500075,0,434025,303513,73282,73282,0
2026-08-29T23:46:16.463,numa-balancing,45.501,normal,max,2241,0,0.00,217149440,2107695104,0,0,20358,500075,0,434058,303536,73282,73282,0
2026-08-29T23:46:16.963,numa-balancing,46.001,normal,max,2242,0,0.00,217165824,2107695104,0,0,20358,500079,0,434090,303554,73283,73283,0
2026-08-29T23:46:17.463,numa-balancing,46.501,normal,max,2242,0,0.00,217165824,2107695104,0,0,20358,500110,0,434090,303554,73283,73283,0
2026-08-29T23:46:17.963,numa-balancing,47.001,normal,max,2243,0,0.00,217165824,2107695104,0,0,20358,500175,0,434123,303585,73283,73283,0
2026-08-29T23:46:18.463,numa-balancing,47.501,normal,max,2243,0,0.00,217165824,2107695104,0,0,20358,500177,0,434123,303585,73283,73283,0
2026-08-29T23:46:18.963,numa-balancing,48.001,normal,max,2242,0,0.00,217165824,2107695104,0,0,20358,500177,0,434188,303649,73283,73283,0
2026-08-29T23:46:19.463,numa-balancing,48.501,normal,max,2242,0,0.00,217165824,2107695104,0,0,20358,500177,0,434188,303649,73283,73283,0
2026-08-29T23:46:19.963,numa-balancing,49.001,normal,max,2241,0,0.00,217165824,2107695104,0,0,20358,500184,0,434188,303649,73283,73283,0
2026-08-29T23:46:20.463,numa-balancing,49.501,normal,max,2243,0,0.00,217165824,2107695104,0,0,20358,500184,0,434196,303657,73283,73283,0
2026-08-29T23:46:20.963,numa-balancing,50.001,normal,max,2242,0,0.00,217165824,2107695104,0,0,20358,500220,0,434196,303657,73283,73283,0
2026-08-29T23:46:21.463,numa-balancing,50.501,normal,max,2242,0,0.00,217165824,2107695104,0,0,20358,500230,0,434235,303694,73284,73284,0
2026-08-29T23:46:21.963,numa-balancing,51.001,normal,max,2241,0,0.00,217165824,2107695104,0,0,20358,500230,0,434238,303695,73286,73286,0
2026-08-29T23:46:22.463,numa-balancing,51.501,normal,max,2242,0,0.00,217165824,2107695104,0,0,20358,500231,0,434242,303698,73286,73286,0
2026-08-29T23:46:22.963,numa-balancing,52.001,normal,max,2242,0,0.00,217165824,2107695104,0,0,20358,500236,0,434244,303699,73286,73286,0
2026-08-29T23:46:23.463,numa-balancing,52.501,normal,max,2243,0,0.00,217165824,2107695104,0,0,20358,501363,0,434398,303820,73291,73291,0
2026-08-29T23:46:23.963,numa-balancing,53.001,normal,max,2242,0,0.00,217165824,2107695104,0,0,20358,501363,0,434686,303992,73294,73294,0
2026-08-29T23:46:24.463,numa-balancing,53.501,normal,max,2241,0,0.00,217165824,2107695104,0,0,20358,501363,0,434732,304016,73295,73295,0
2026-08-29T23:46:24.963,numa-balancing,54.001,normal,max,2242,0,0.00,217165824,2107695104,0,0,20358,501363,0,435269,304484,73297,73297,0
2026-08-29T23:46:25.463,numa-balancing,54.501,normal,max,2242,0,0.00,217165824,2107695104,0,0,20358,501363,0,435346,304531,73298,73298,0
2026-08-29T23:46:25.963,numa-balancing,55.001,normal,max,2242,0,0.00,217165824,2107695104,0,0,20358,502340,0,435505,304653,73306,73306,0
2026-08-29T23:46:26.463,numa-balancing,55.501,normal,max,2242,0,0.00,217165824,2107695104,0,0,20358,502585,0,436057,304981,73309,73309,0
2026-08-29T23:46:26.963,numa-balancing,56.001,normal,max,2241,0,0.00,217165824,2107695104,0,0,20358,502838,0,436260,305163,73309,73309,0
2026-08-29T23:46:27.463,numa-balancing,56.501,normal,max,2243,0,0.00,217165824,2107695104,0,0,20358,503084,0,436869,305694,73310,73310,0
2026-08-29T23:46:27.963,numa-balancing,57.001,normal,max,2242,0,0.00,217100288,2107695104,0,0,20358,504112,0,437287,305861,73336,73336,0
2026-08-29T23:46:28.463,numa-balancing,57.501,normal,max,2243,0,0.00,217100288,2107695104,0,0,20358,504350,0,438126,306564,73356,73356,0
2026-08-29T23:46:28.963,numa-balancing,58.001,normal,max,2242,0,0.00,217165824,2107695104,0,0,20358,505303,0,438530,306828,73373,73373,0
2026-08-29T23:46:29.463,numa-balancing,58.501,normal,max,2242,0,0.00,217165824,2107695104,0,0,20358,505459,0,439232,307402,73383,73383,0
2026-08-29T23:46:29.963,numa-balancing,59.001,normal,max,2242,0,0.00,217165824,2107695104,0,0,20358,506489,0,439662,307688,73398,73398,0
2026-08-29T23:46:30.463,numa-balancing,59.501,normal,max,2243,0,0.00,217165824,2107695104,0,0,20358,506661,0,440569,308498,73403,73403,0
2026-08-29T23:46:30.963,numa-balancing,60.001,3.5G,3500M,2242,0,0.00,217165824,2107695104,0,0,20358,506988,0,440974,308698,73403,73403,0
2026-08-29T23:46:31.463,numa-balancing,60.502,3.5G,3500M,2244,0,0.00,217165824,2107695104,0,0,20358,507399,0,441269,308972,73407,73407,0
2026-08-29T23:46:31.963,numa-balancing,61.002,3.5G,3500M,2244,0,0.00,217165824,2107695104,0,0,20358,508383,0,441639,309232,73413,73413,0
2026-08-29T23:46:32.463,numa-balancing,61.502,3.5G,3500M,2242,0,0.00,216821760,2107695104,0,0,20358,508383,0,441738,309280,73417,73417,0
2026-08-29T23:46:32.963,numa-balancing,62.002,3.5G,3500M,2243,0,0.00,217165824,2107695104,0,0,20358,508383,0,442309,309770,73423,73423,0
2026-08-29T23:46:33.463,numa-balancing,62.502,3.5G,3500M,2242,0,0.00,217165824,2107695104,0,0,20358,508383,0,442375,309805,73423,73423,0
2026-08-29T23:46:33.963,numa-balancing,63.002,3.5G,3500M,2242,0,0.00,217165824,2107695104,0,0,20358,508383,0,442407,309826,73424,73424,0
2026-08-29T23:46:34.463,numa-balancing,63.502,3.5G,3500M,2242,0,0.00,217165824,2107695104,0,0,20358,508710,0,442729,309923,73432,73432,0
2026-08-29T23:46:34.963,numa-balancing,64.002,3.5G,3500M,2242,0,0.00,217100288,2107695104,0,0,20358,509362,0,443228,310338,73432,73432,0
2026-08-29T23:46:35.463,numa-balancing,64.502,3.5G,3500M,2242,0,0.00,217100288,2107695104,0,0,20358,509362,0,443233,310341,73432,73432,0
2026-08-29T23:46:35.963,numa-balancing,65.002,3.5G,3500M,2240,0,0.00,216682496,2107695104,0,0,20358,510419,0,443706,310731,73441,73441,0
2026-08-29T23:46:36.463,numa-balancing,65.502,3.5G,3500M,2242,0,0.00,216682496,2107695104,0,0,20358,510419,0,444327,311220,73445,73445,0
2026-08-29T23:46:36.963,numa-balancing,66.002,3.5G,3500M,2240,0,0.00,217165824,2107695104,0,0,20358,510419,0,444379,311244,73445,73445,0
2026-08-29T23:46:37.463,numa-balancing,66.502,3.5G,3500M,2242,0,0.00,217165824,2107695104,0,0,20358,510419,0,444410,311265,73445,73445,0
2026-08-29T23:46:37.963,numa-balancing,67.002,3.5G,3500M,2241,0,0.00,217165824,2107695104,0,0,20358,510503,0,444494,311336,73445,73445,0
2026-08-29T23:46:38.463,numa-balancing,67.502,3.5G,3500M,2242,0,0.00,217165824,2107695104,0,0,20358,511946,0,445142,311857,73453,73453,0
2026-08-29T23:46:38.963,numa-balancing,68.002,3.5G,3500M,2242,0,0.00,217165824,2107695104,0,0,20358,511946,0,445307,311939,73455,73455,0
2026-08-29T23:46:39.463,numa-balancing,68.502,3.5G,3500M,2243,0,0.00,217165824,2107695104,0,0,20358,511946,0,445845,312408,73463,73463,0
2026-08-29T23:46:39.963,numa-balancing,69.002,3.5G,3500M,2242,0,0.00,217165824,2107695104,0,0,20358,511946,0,445934,312453,73463,73463,0
2026-08-29T23:46:40.463,numa-balancing,69.502,3.5G,3500M,2243,0,0.00,217165824,2107695104,0,0,20358,511946,0,445966,312475,73463,73463,0
2026-08-29T23:46:40.963,numa-balancing,70.002,3.5G,3500M,2243,0,0.00,217165824,2107695104,0,0,20358,513078,0,446390,312725,73479,73479,0
2026-08-29T23:46:41.463,numa-balancing,70.502,3.5G,3500M,2243,0,0.00,217165824,2107695104,0,0,20358,513078,0,446991,313226,73484,73484,0
2026-08-29T23:46:41.963,numa-balancing,71.002,3.5G,3500M,2243,0,0.00,217165824,2107695104,0,0,20358,514022,0,447384,313479,73504,73504,0
2026-08-29T23:46:42.463,numa-balancing,71.502,3.5G,3500M,2243,0,0.00,217165824,2107695104,0,0,20358,514187,0,447951,313911,73516,73516,0
2026-08-29T23:46:42.963,numa-balancing,72.002,3.5G,3500M,2242,0,0.00,217165824,2107695104,0,0,20358,515129,0,448377,314189,73538,73538,0
2026-08-29T23:46:43.463,numa-balancing,72.502,3.5G,3500M,2243,0,0.00,217165824,2107695104,0,0,20358,515373,0,449143,314818,73554,73554,0
2026-08-29T23:46:43.963,numa-balancing,73.002,3.5G,3500M,2243,0,0.00,217165824,2107695104,0,0,20358,515373,0,449222,314861,73556,73556,0
2026-08-29T23:46:44.463,numa-balancing,73.502,3.5G,3500M,2243,0,0.00,217165824,2107695104,0,0,20358,516479,0,450236,315610,73590,73590,0
2026-08-29T23:46:44.963,numa-balancing,74.002,3.5G,3500M,2243,0,0.00,217165824,2107695104,0,0,20358,517411,0,450594,315861,73602,73602,0
2026-08-29T23:46:45.463,numa-balancing,74.502,3.5G,3500M,2242,0,0.00,217165824,2107695104,0,0,20358,517655,0,451420,316460,73613,73613,0
2026-08-29T23:46:45.963,numa-balancing,75.002,3.5G,3500M,2242,0,0.00,217165824,2107695104,0,0,20358,518676,0,451592,316553,73616,73616,0
2026-08-29T23:46:46.463,numa-balancing,75.502,3.5G,3500M,2241,0,0.00,217165824,2107695104,0,0,20358,518920,0,452689,317454,73629,73629,0
2026-08-29T23:46:46.963,numa-balancing,76.002,3.5G,3500M,2241,0,0.00,217165824,2107695104,0,0,20358,519873,0,453082,317707,73649,73649,0
2026-08-29T23:46:47.463,numa-balancing,76.502,3.5G,3500M,2241,0,0.00,217165824,2107695104,0,0,20358,520023,0,453788,318281,73659,73659,0
2026-08-29T23:46:47.963,numa-balancing,77.002,3.5G,3500M,2241,0,0.00,217165824,2107695104,0,0,20358,520962,0,454167,318552,73676,73676,0
2026-08-29T23:46:48.463,numa-balancing,77.502,3.5G,3500M,2241,0,0.00,217165824,2107695104,0,0,20358,521135,0,455039,319201,73686,73686,0
2026-08-29T23:46:48.963,numa-balancing,78.002,3.5G,3500M,2241,0,0.00,217165824,2107695104,0,0,20358,521454,0,455293,319327,73687,73687,0
2026-08-29T23:46:49.463,numa-balancing,78.502,3.5G,3500M,2242,0,0.00,217165824,2107695104,0,0,20358,522434,0,455824,319727,73695,73695,0
2026-08-29T23:46:49.963,numa-balancing,79.002,3.5G,3500M,2242,0,0.00,217165824,2107695104,0,0,20358,522434,0,455954,319793,73695,73695,0
2026-08-29T23:46:50.463,numa-balancing,79.502,3.5G,3500M,2242,0,0.00,217165824,2107695104,0,0,20358,522586,0,456350,320128,73697,73697,0
2026-08-29T23:46:50.963,numa-balancing,80.002,3.5G,3500M,2242,0,0.00,217165824,2107695104,0,0,20358,522586,0,456435,320185,73699,73699,0
2026-08-29T23:46:51.463,numa-balancing,80.502,3.5G,3500M,2243,0,0.00,217165824,2107695104,0,0,20358,522586,0,456608,320345,73700,73700,0
2026-08-29T23:46:51.963,numa-balancing,81.002,3.5G,3500M,2243,0,0.00,217165824,2107695104,0,0,20358,522586,0,456608,320345,73700,73700,0
2026-08-29T23:46:52.463,numa-balancing,81.502,3.5G,3500M,2244,0,0.00,217165824,2107695104,0,0,20358,522586,0,456610,320347,73700,73700,0
2026-08-29T23:46:52.963,numa-balancing,82.002,3.5G,3500M,2244,0,0.00,217169920,2107695104,0,0,20358,523798,0,457073,320595,73715,73715,0
2026-08-29T23:46:53.463,numa-balancing,82.502,3.5G,3500M,2242,0,0.00,217169920,2107695104,0,0,20358,523798,0,457709,321135,73728,73728,0
2026-08-29T23:46:53.963,numa-balancing,83.002,3.5G,3500M,2242,0,0.00,217169920,2107695104,0,0,20358,523798,0,457796,321184,73728,73728,0
2026-08-29T23:46:54.463,numa-balancing,83.502,3.5G,3500M,2242,0,0.00,217169920,2107695104,0,0,20358,523798,0,457825,321202,73728,73728,0
2026-08-29T23:46:54.963,numa-balancing,84.002,3.5G,3500M,2242,0,0.00,217169920,2107695104,0,0,20358,523798,0,457825,321202,73728,73728,0
2026-08-29T23:46:55.463,numa-balancing,84.502,3.5G,3500M,2242,0,0.00,217169920,2107695104,0,0,20358,525009,0,458264,321437,73739,73739,0
2026-08-29T23:46:55.963,numa-balancing,85.002,3.5G,3500M,2242,0,0.00,217169920,2107695104,0,0,20358,525009,0,458392,321516,73749,73749,0
2026-08-29T23:46:56.463,numa-balancing,85.502,3.5G,3500M,2242,0,0.00,217169920,2107695104,0,0,20358,525009,0,458924,321987,73753,73753,0
2026-08-29T23:46:56.963,numa-balancing,86.002,3.5G,3500M,2242,0,0.00,217169920,2107695104,0,0,20358,525009,0,459003,322023,73753,73753,0
2026-08-29T23:46:57.463,numa-balancing,86.502,3.5G,3500M,2243,0,0.00,217169920,2107695104,0,0,20358,525009,0,459041,322044,73753,73753,0
2026-08-29T23:46:57.963,numa-balancing,87.002,3.5G,3500M,2243,0,0.00,217169920,2107695104,0,0,20358,525980,0,459381,322256,73756,73756,0
2026-08-29T23:46:58.463,numa-balancing,87.502,3.5G,3500M,2242,0,0.00,217169920,2107695104,0,0,20358,526218,0,459509,322322,73757,73757,0
2026-08-29T23:46:58.963,numa-balancing,88.002,3.5G,3500M,2242,0,0.00,217174016,2107695104,0,0,20358,527075,0,460448,323061,73768,73768,0
2026-08-29T23:46:59.463,numa-balancing,88.502,3.5G,3500M,2241,0,0.00,217174016,2107695104,0,0,20358,527404,0,460840,323298,73769,73769,0
2026-08-29T23:46:59.963,numa-balancing,89.002,3.5G,3500M,2242,0,0.00,217174016,2107695104,0,0,20358,527807,0,461545,323918,73773,73773,0
2026-08-29T23:47:00.463,numa-balancing,89.502,3.5G,3500M,2242,0,0.00,217174016,2107695104,0,0,20358,527807,0,461648,323975,73774,73774,0
2026-08-29T23:47:00.963,numa-balancing,90.002,3.5G,3500M,2243,0,0.00,217174016,2107695104,0,0,20358,528752,0,462449,324598,73786,73786,0
2026-08-29T23:47:01.463,numa-balancing,90.502,3.5G,3500M,2242,0,0.00,217174016,2107695104,0,0,20358,528758,0,462698,324732,73788,73788,0
2026-08-29T23:47:01.963,numa-balancing,91.002,3.5G,3500M,2241,0,0.00,217174016,2107695104,0,0,20358,528759,0,462744,324752,73788,73788,0
2026-08-29T23:47:02.463,numa-balancing,91.502,3.5G,3500M,2243,0,0.00,217174016,2107695104,0,0,20358,529669,0,463086,324872,73797,73797,0
2026-08-29T23:47:02.963,numa-balancing,92.002,3.5G,3500M,2242,0,0.00,217174016,2107695104,0,0,20358,529669,0,463257,324959,73798,73798,0
2026-08-29T23:47:03.463,numa-balancing,92.502,3.5G,3500M,2242,0,0.00,217083904,2107695104,0,0,20358,529669,0,463610,325237,73799,73799,0
2026-08-29T23:47:03.963,numa-balancing,93.002,3.5G,3500M,2242,0,0.00,217083904,2107695104,0,0,20358,529669,0,463678,325278,73799,73799,0
2026-08-29T23:47:04.463,numa-balancing,93.502,3.5G,3500M,2243,0,0.00,217083904,2107695104,0,0,20358,529669,0,463709,325297,73799,73799,0
2026-08-29T23:47:04.963,numa-balancing,94.002,3.5G,3500M,2243,0,0.00,217174016,2107695104,0,0,20358,530071,0,463882,325406,73799,73799,0
2026-08-29T23:47:05.463,numa-balancing,94.502,3.5G,3500M,2242,0,0.00,217116672,2107695104,0,0,20358,531202,0,464493,325857,73802,73802,0
2026-08-29T23:47:05.963,numa-balancing,95.002,3.5G,3500M,2242,0,0.00,217116672,2107695104,0,0,20358,531672,0,464914,326137,73808,73808,0
2026-08-29T23:47:06.463,numa-balancing,95.502,3.5G,3500M,2243,0,0.00,217174016,2107695104,0,0,20358,531839,0,465610,326705,73812,73812,0
2026-08-29T23:47:06.963,numa-balancing,96.002,3.5G,3500M,2242,0,0.00,217174016,2107695104,0,0,20358,531839,0,465698,326756,73812,73812,0
2026-08-29T23:47:07.463,numa-balancing,96.502,3.5G,3500M,2242,0,0.00,217108480,2107695104,0,0,20358,531839,0,465878,326923,73812,73812,0
2026-08-29T23:47:07.963,numa-balancing,97.002,3.5G,3500M,2242,0,0.00,217108480,2107695104,0,0,20358,531839,0,465878,326923,73812,73812,0
2026-08-29T23:47:08.463,numa-balancing,97.502,3.5G,3500M,2242,0,0.00,217108480,2107695104,0,0,20358,531839,0,465882,326927,73812,73812,0
2026-08-29T23:47:08.963,numa-balancing,98.002,3.5G,3500M,2242,0,0.00,217174016,2107695104,0,0,20358,532973,0,466260,327165,73816,73816,0
2026-08-29T23:47:09.463,numa-balancing,98.502,3.5G,3500M,2243,0,0.00,217165824,2107695104,0,0,20358,532973,0,466869,327674,73821,73821,0
2026-08-29T23:47:09.963,numa-balancing,99.002,3.5G,3500M,2243,0,0.00,217165824,2107695104,0,0,20358,532973,0,466952,327724,73821,73821,0
2026-08-29T23:47:10.463,numa-balancing,99.502,3.5G,3500M,2241,0,0.00,217165824,2107695104,0,0,20358,532973,0,466983,327740,73821,73821,0
2026-08-29T23:47:10.963,numa-balancing,100.002,3.5G,3500M,2242,0,0.00,217174016,2107695104,0,0,20358,532973,0,467012,327757,73821,73821,0
2026-08-29T23:47:11.463,numa-balancing,100.502,3.5G,3500M,2241,0,0.00,217174016,2107695104,0,0,20358,534108,0,467502,328087,73829,73829,0
2026-08-29T23:47:11.963,numa-balancing,101.002,3.5G,3500M,2242,0,0.00,217174016,2107695104,0,0,20358,534427,0,468190,328563,73829,73829,0
2026-08-29T23:47:12.463,numa-balancing,101.502,3.5G,3500M,2242,0,0.00,217174016,2107695104,0,0,20358,534427,0,468289,328620,73829,73829,0
2026-08-29T23:47:12.963,numa-balancing,102.002,3.5G,3500M,2242,0,0.00,217174016,2107695104,0,0,20358,534427,0,468472,328790,73829,73829,0
2026-08-29T23:47:13.463,numa-balancing,102.502,3.5G,3500M,2242,0,0.00,217174016,2107695104,0,0,20358,534427,0,468472,328790,73829,73829,0
2026-08-29T23:47:13.963,numa-balancing,103.002,3.5G,3500M,2241,0,0.00,217174016,2107695104,0,0,20358,534427,0,468472,328790,73829,73829,0
2026-08-29T23:47:14.463,numa-balancing,103.502,3.5G,3500M,2242,0,0.00,217174016,2107695104,0,0,20358,534427,0,468472,328790,73829,73829,0
2026-08-29T23:47:14.963,numa-balancing,104.002,3.5G,3500M,2241,0,0.00,217174016,2107695104,0,0,20358,535558,0,468923,329069,73840,73840,0
2026-08-29T23:47:15.463,numa-balancing,104.502,3.5G,3500M,2242,0,0.00,217174016,2107695104,0,0,20358,535558,0,469527,329563,73843,73843,0
2026-08-29T23:47:15.963,numa-balancing,105.002,3.5G,3500M,2241,0,0.00,217174016,2107695104,0,0,20358,535558,0,469583,329587,73843,73843,0
2026-08-29T23:47:16.463,numa-balancing,105.502,3.5G,3500M,2242,0,0.00,217174016,2107695104,0,0,20358,535558,0,469613,329608,73843,73843,0
2026-08-29T23:47:16.963,numa-balancing,106.002,3.5G,3500M,2242,0,0.00,217174016,2107695104,0,0,20358,536533,0,469694,329643,73849,73849,0
2026-08-29T23:47:17.463,numa-balancing,106.502,3.5G,3500M,2242,0,0.00,217174016,2107695104,0,0,20358,536693,0,470489,330180,73856,73856,0
2026-08-29T23:47:17.963,numa-balancing,107.002,3.5G,3500M,2242,0,0.00,217174016,2107695104,0,0,20358,536693,0,470568,330225,73857,73857,0
2026-08-29T23:47:18.463,numa-balancing,107.502,3.5G,3500M,2242,0,0.00,217174016,2107695104,0,0,20358,536693,0,470748,330379,73857,73857,0
2026-08-29T23:47:18.963,numa-balancing,108.002,3.5G,3500M,2241,0,0.00,217174016,2107695104,0,0,20358,536693,0,470748,330379,73857,73857,0
2026-08-29T23:47:19.463,numa-balancing,108.502,3.5G,3500M,2242,0,0.00,217174016,2107695104,0,0,20358,536693,0,470754,330384,73857,73857,0
2026-08-29T23:47:19.963,numa-balancing,109.002,3.5G,3500M,2242,0,0.00,217174016,2107695104,0,0,20358,537827,0,471180,330630,73874,73874,0
2026-08-29T23:47:20.463,numa-balancing,109.502,3.5G,3500M,2243,0,0.00,217174016,2107695104,0,0,20358,537827,0,471779,331107,73882,73882,0
2026-08-29T23:47:20.963,numa-balancing,110.002,3.5G,3500M,2243,0,0.00,217174016,2107695104,0,0,20358,537827,0,471857,331142,73882,73882,0
2026-08-29T23:47:21.463,numa-balancing,110.502,3.5G,3500M,2243,0,0.00,217174016,2107695104,0,0,20358,537827,0,471890,331150,73882,73882,0
2026-08-29T23:47:21.963,numa-balancing,111.002,3.5G,3500M,2243,0,0.00,217174016,2107695104,0,0,20358,537827,0,471890,331150,73882,73882,0
2026-08-29T23:47:22.463,numa-balancing,111.502,3.5G,3500M,2244,0,0.00,217174016,2107695104,0,0,20358,538961,0,472745,331657,73963,73963,0
2026-08-29T23:47:22.963,numa-balancing,112.002,3.5G,3500M,2244,0,0.00,217174016,2107695104,0,0,20358,539899,0,473174,331855,74024,74024,0
2026-08-29T23:47:23.463,numa-balancing,112.502,3.5G,3500M,2244,0,0.00,217174016,2107695104,0,0,20358,540146,0,473946,332480,74030,74030,0
2026-08-29T23:47:23.963,numa-balancing,113.002,3.5G,3500M,2243,0,0.00,217174016,2107695104,0,0,20358,540146,0,474029,332528,74030,74030,0
2026-08-29T23:47:24.463,numa-balancing,113.502,3.5G,3500M,2243,0,0.00,217174016,2107695104,0,0,20358,540146,0,474209,332681,74032,74032,0
2026-08-29T23:47:24.963,numa-balancing,114.002,3.5G,3500M,2243,0,0.00,217174016,2107695104,0,0,20358,540146,0,474209,332681,74032,74032,0
2026-08-29T23:47:25.463,numa-balancing,114.502,3.5G,3500M,2243,0,0.00,217178112,2107695104,0,0,20358,540146,0,474212,332684,74032,74032,0
2026-08-29T23:47:25.963,numa-balancing,115.002,3.5G,3500M,2243,0,0.00,217178112,2107695104,0,0,20358,541282,0,474643,332926,74041,74041,0
2026-08-29T23:47:26.463,numa-balancing,115.502,3.5G,3500M,2243,0,0.00,217178112,2107695104,0,0,20358,541282,0,475238,333410,74044,74044,0
2026-08-29T23:47:26.963,numa-balancing,116.002,3.5G,3500M,2242,0,0.00,217178112,2107695104,0,0,20358,541282,0,475318,333452,74046,74046,0
2026-08-29T23:47:27.463,numa-balancing,116.502,3.5G,3500M,2242,0,0.00,217178112,2107695104,0,0,20358,541282,0,475349,333459,74048,74048,0
2026-08-29T23:47:27.963,numa-balancing,117.002,3.5G,3500M,2241,0,0.00,217178112,2107695104,0,0,20358,541282,0,475349,333459,74048,74048,0
2026-08-29T23:47:28.463,numa-balancing,117.502,3.5G,3500M,2241,0,0.00,217178112,2107695104,0,0,20358,542416,0,476203,334002,74064,74064,0
2026-08-29T23:47:28.963,numa-balancing,118.002,3.5G,3500M,2241,0,0.00,217178112,2107695104,0,0,20358,543354,0,476576,334221,74071,74071,0
2026-08-29T23:47:29.463,numa-balancing,118.502,3.5G,3500M,2241,0,0.00,217178112,2107695104,0,0,20358,543444,0,477391,334878,74079,74079,0
2026-08-29T23:47:29.963,numa-balancing,119.002,3.5G,3500M,2241,0,0.00,217178112,2107695104,0,0,20358,543610,0,477644,335081,74079,74079,0
2026-08-29T23:47:30.463,numa-balancing,119.502,3.5G,3500M,2242,0,0.00,217178112,2107695104,0,0,20358,543610,0,477678,335092,74080,74080,0
2026-08-29T23:47:30.964,numa-balancing,120.002,3G,3G,2242,0,0.00,217178112,2107695104,0,0,20358,543612,0,477678,335092,74080,74080,0
2026-08-29T23:47:31.464,numa-balancing,120.502,3G,3G,2242,0,0.00,217178112,2107695104,0,0,20358,543765,0,477686,335098,74080,74080,0
2026-08-29T23:47:31.964,numa-balancing,121.002,3G,3G,2242,0,0.00,217178112,2107695104,0,0,20358,544751,0,478142,335355,74089,74089,0
2026-08-29T23:47:32.464,numa-balancing,121.502,3G,3G,2242,0,0.00,217178112,2107695104,0,0,20358,544751,0,478703,335823,74092,74092,0
2026-08-29T23:47:32.964,numa-balancing,122.002,3G,3G,2242,0,0.00,217178112,2107695104,0,0,20358,544751,0,478787,335868,74092,74092,0
2026-08-29T23:47:33.464,numa-balancing,122.502,3G,3G,2242,0,0.00,216694784,2107695104,0,0,20358,544751,0,478822,335879,74092,74092,0
2026-08-29T23:47:33.964,numa-balancing,123.002,3G,3G,2242,0,0.00,216694784,2107695104,0,0,20358,545725,0,479183,336076,74098,74098,0
2026-08-29T23:47:34.464,numa-balancing,123.502,3G,3G,2243,0,0.00,217178112,2107695104,0,0,20358,545965,0,479763,336519,74102,74102,0
2026-08-29T23:47:34.964,numa-balancing,124.002,3G,3G,2243,0,0.00,217178112,2107695104,0,0,20358,545965,0,479855,336567,74104,74104,0
2026-08-29T23:47:35.464,numa-balancing,124.502,3G,3G,2244,0,0.00,217178112,2107695104,0,0,20358,547075,0,480858,337289,74124,74124,0
2026-08-29T23:47:35.964,numa-balancing,125.002,3G,3G,2243,0,0.00,217178112,2107695104,0,0,20358,548016,0,481221,337503,74140,74140,0
2026-08-29T23:47:36.464,numa-balancing,125.502,3G,3G,2243,0,0.00,217182208,2107695104,0,0,20358,548264,0,482059,338160,74167,74167,0
2026-08-29T23:47:36.964,numa-balancing,126.002,3G,3G,2243,0,0.00,217182208,2107695104,0,0,20358,548264,0,482158,338211,74170,74170,0
2026-08-29T23:47:37.464,numa-balancing,126.502,3G,3G,2243,0,0.00,217182208,2107695104,0,0,20358,549321,0,483246,339027,74213,74213,0
2026-08-29T23:47:37.964,numa-balancing,127.002,3G,3G,2243,0,0.00,217182208,2107695104,0,0,20358,549329,0,483363,339087,74213,74213,0
2026-08-29T23:47:38.464,numa-balancing,127.502,3G,3G,2243,0,0.00,217182208,2107695104,0,0,20358,549329,0,483403,339105,74216,74216,0
2026-08-29T23:47:38.964,numa-balancing,128.002,3G,3G,2243,0,0.00,217182208,2107695104,0,0,20358,549329,0,483403,339105,74216,74216,0
2026-08-29T23:47:39.464,numa-balancing,128.502,3G,3G,2242,0,0.00,217182208,2107695104,0,0,20358,549329,0,483403,339105,74216,74216,0
2026-08-29T23:47:39.964,numa-balancing,129.002,3G,3G,2242,0,0.00,217182208,2107695104,0,0,20358,549329,0,483403,339105,74216,74216,0
2026-08-29T23:47:40.464,numa-balancing,129.502,3G,3G,2242,0,0.00,217182208,2107695104,0,0,20358,550465,0,484111,339606,74227,74227,0
2026-08-29T23:47:40.964,numa-balancing,130.002,3G,3G,2242,0,0.00,217182208,2107695104,0,0,20358,550465,0,484225,339681,74230,74230,0
2026-08-29T23:47:41.464,numa-balancing,130.502,3G,3G,2241,0,0.00,217182208,2107695104,0,0,20358,550465,0,484432,339830,74240,74240,0
2026-08-29T23:47:41.964,numa-balancing,131.002,3G,3G,2241,0,0.00,217182208,2107695104,0,0,20358,550465,0,484520,339878,74243,74243,0
2026-08-29T23:47:42.464,numa-balancing,131.502,3G,3G,2242,0,0.00,217182208,2107695104,0,0,20358,550465,0,484554,339891,74244,74244,0
2026-08-29T23:47:42.964,numa-balancing,132.002,3G,3G,2242,0,0.00,217182208,2107695104,0,0,20358,551602,0,484959,340108,74252,74252,0
2026-08-29T23:47:43.464,numa-balancing,132.502,3G,3G,2242,0,0.00,217182208,2107695104,0,0,20358,551602,0,485569,340613,74266,74266,0
2026-08-29T23:47:43.964,numa-balancing,133.002,3G,3G,2241,0,0.00,217182208,2107695104,0,0,20358,551602,0,485658,340663,74266,74266,0
2026-08-29T23:47:44.464,numa-balancing,133.502,3G,3G,2241,0,0.00,217182208,2107695104,0,0,20358,551602,0,485687,340675,74266,74266,0
2026-08-29T23:47:44.964,numa-balancing,134.002,3G,3G,2241,0,0.00,217182208,2107695104,0,0,20358,551602,0,485687,340675,74266,74266,0
2026-08-29T23:47:45.464,numa-balancing,134.502,3G,3G,2241,0,0.00,217182208,2107695104,0,0,20358,552735,0,486531,341216,74278,74278,0
2026-08-29T23:47:45.964,numa-balancing,135.002,3G,3G,2241,0,0.00,217182208,2107695104,0,0,20358,552735,0,486635,341283,74281,74281,0
2026-08-29T23:47:46.464,numa-balancing,135.502,3G,3G,2242,0,0.00,217182208,2107695104,0,0,20358,553834,0,487644,342017,74305,74305,0
2026-08-29T23:47:46.964,numa-balancing,136.002,3G,3G,2242,0,0.00,217182208,2107695104,0,0,20358,553842,0,487747,342076,74305,74305,0
2026-08-29T23:47:47.464,numa-balancing,136.502,3G,3G,2242,0,0.00,217182208,2107695104,0,0,20358,554952,0,488751,342799,74326,74326,0
2026-08-29T23:47:47.964,numa-balancing,137.002,3G,3G,2242,0,0.00,217182208,2107695104,0,0,20358,554952,0,488847,342856,74330,74330,0
2026-08-29T23:47:48.464,numa-balancing,137.502,3G,3G,2243,0,0.00,217182208,2107695104,0,0,20358,554952,0,489032,343019,74334,74334,0
2026-08-29T23:47:48.964,numa-balancing,138.002,3G,3G,2243,0,0.00,217182208,2107695104,0,0,20358,554952,0,489032,343019,74334,74334,0
2026-08-29T23:47:49.464,numa-balancing,138.502,3G,3G,2244,0,0.00,217182208,2107695104,0,0,20358,554952,0,489042,343025,74334,74334,0
2026-08-29T23:47:49.964,numa-balancing,139.002,3G,3G,2244,0,0.00,217182208,2107695104,0,0,20358,556087,0,489462,343261,74358,74358,0
2026-08-29T23:47:50.464,numa-balancing,139.502,3G,3G,2243,0,0.00,217182208,2107695104,0,0,20358,556087,0,490070,343760,74374,74374,0
2026-08-29T23:47:50.964,numa-balancing,140.002,3G,3G,2243,0,0.00,217182208,2107695104,0,0,20358,556087,0,490152,343799,74377,74377,0
2026-08-29T23:47:51.464,numa-balancing,140.502,3G,3G,2243,0,0.00,217186304,2107695104,0,0,20358,556087,0,490181,343807,74378,74378,0
2026-08-29T23:47:51.964,numa-balancing,141.002,3G,3G,2243,0,0.00,217186304,2107695104,0,0,20358,556087,0,490181,343807,74378,74378,0
2026-08-29T23:47:52.464,numa-balancing,141.502,3G,3G,2243,0,0.00,217186304,2107695104,0,0,20358,557223,0,491025,344358,74392,74392,0
2026-08-29T23:47:52.964,numa-balancing,142.002,3G,3G,2243,0,0.00,217186304,2107695104,0,0,20358,558157,0,491445,344605,74408,74408,0
2026-08-29T23:47:53.464,numa-balancing,142.502,3G,3G,2242,0,0.00,217186304,2107695104,0,0,20358,558157,0,492128,345162,74416,74416,0
2026-08-29T23:47:53.964,numa-balancing,143.002,3G,3G,2242,0,0.00,217186304,2107695104,0,0,20358,558492,0,492554,345464,74416,74416,0
2026-08-29T23:47:54.464,numa-balancing,143.502,3G,3G,2241,0,0.00,217186304,2107695104,0,0,20358,558815,0,492901,345706,74497,74497,0
2026-08-29T23:47:54.964,numa-balancing,144.002,3G,3G,2241,0,0.00,217186304,2107695104,0,0,20358,559953,0,493352,345961,74508,74508,0
2026-08-29T23:47:55.464,numa-balancing,144.502,3G,3G,2242,0,0.00,217186304,2107695104,0,0,20358,559953,0,493935,346446,74516,74516,0
2026-08-29T23:47:55.964,numa-balancing,145.002,3G,3G,2242,0,0.00,217186304,2107695104,0,0,20358,560998,0,494407,346713,74534,74534,0
2026-08-29T23:47:56.464,numa-balancing,145.502,3G,3G,2242,0,0.00,217186304,2107695104,0,0,20358,561906,0,495250,347351,74541,74541,0
2026-08-29T23:47:56.964,numa-balancing,146.002,3G,3G,2242,0,0.00,217186304,2107695104,0,0,20358,562374,0,495680,347613,74561,74561,0
2026-08-29T23:47:57.464,numa-balancing,146.502,3G,3G,2242,0,0.00,217186304,2107695104,0,0,20358,562622,0,496453,348240,74570,74570,0
2026-08-29T23:47:57.964,numa-balancing,147.002,3G,3G,2242,0,0.00,217186304,2107695104,0,0,20358,563564,0,496662,348355,74573,74573,0
2026-08-29T23:47:58.464,numa-balancing,147.502,3G,3G,2241,0,0.00,217186304,2107695104,0,0,20358,563674,0,497650,349107,74591,74591,0
2026-08-29T23:47:58.964,numa-balancing,148.002,3G,3G,2241,0,0.00,217186304,2107695104,0,0,20358,563682,0,497743,349158,74593,74593,0
2026-08-29T23:47:59.464,numa-balancing,148.502,3G,3G,2242,0,0.00,217186304,2107695104,0,0,20358,564630,0,498577,349714,74610,74610,0
2026-08-29T23:47:59.964,numa-balancing,149.002,3G,3G,2242,0,0.00,217186304,2107695104,0,0,20358,564638,0,498682,349777,74610,74610,0
2026-08-29T23:48:00.464,numa-balancing,149.502,3G,3G,2242,0,0.00,217186304,2107695104,0,0,20358,564638,0,498716,349788,74611,74611,0
2026-08-29T23:48:00.964,numa-balancing,150.002,3G,3G,2242,0,0.00,217186304,2107695104,0,0,20358,564641,0,498716,349788,74611,74611,0
2026-08-29T23:48:01.464,numa-balancing,150.502,3G,3G,2243,0,0.00,217186304,2107695104,0,0,20358,565560,0,499066,349965,74623,74623,0
2026-08-29T23:48:01.964,numa-balancing,151.002,3G,3G,2243,0,0.00,217186304,2107695104,0,0,20358,565560,0,499209,350050,74627,74627,0
2026-08-29T23:48:02.464,numa-balancing,151.502,3G,3G,2242,0,0.00,217186304,2107695104,0,0,20358,565560,0,499545,350323,74632,74632,0
2026-08-29T23:48:02.964,numa-balancing,152.002,3G,3G,2242,0,0.00,217186304,2107695104,0,0,20358,565560,0,499631,350365,74633,74633,0
2026-08-29T23:48:03.464,numa-balancing,152.502,3G,3G,2242,0,0.00,217186304,2107695104,0,0,20358,565560,0,499660,350373,74636,74636,0
2026-08-29T23:48:03.964,numa-balancing,153.002,3G,3G,2242,0,0.00,217186304,2107695104,0,0,20358,565887,0,499904,350512,74637,74637,0
2026-08-29T23:48:04.464,numa-balancing,153.502,3G,3G,2242,0,0.00,217186304,2107695104,0,0,20358,566118,0,500216,350819,74638,74638,0
2026-08-29T23:48:04.964,numa-balancing,154.002,3G,3G,2242,0,0.00,217186304,2107695104,0,0,20358,566118,0,500217,350820,74638,74638,0
2026-08-29T23:48:05.464,numa-balancing,154.502,3G,3G,2243,0,0.00,217186304,2107695104,0,0,20358,566118,0,500217,350820,74638,74638,0
2026-08-29T23:48:05.964,numa-balancing,155.002,3G,3G,2242,0,0.00,217186304,2107695104,0,0,20358,566118,0,500217,350820,74638,74638,0
2026-08-29T23:48:06.464,numa-balancing,155.502,3G,3G,2243,0,0.00,217186304,2107695104,0,0,20358,566118,0,500221,350823,74638,74638,0
2026-08-29T23:48:06.964,numa-balancing,156.002,3G,3G,2243,0,0.00,217186304,2107695104,0,0,20358,567163,0,500688,351084,74660,74660,0
2026-08-29T23:48:07.464,numa-balancing,156.502,3G,3G,2243,0,0.00,217186304,2107695104,0,0,20358,567163,0,501144,351465,74668,74668,0
2026-08-29T23:48:07.964,numa-balancing,157.002,3G,3G,2243,0,0.00,217186304,2107695104,0,0,20358,567163,0,501234,351517,74669,74669,0
2026-08-29T23:48:08.464,numa-balancing,157.502,3G,3G,2243,0,0.00,217186304,2107695104,0,0,20358,567163,0,501264,351531,74669,74669,0
2026-08-29T23:48:08.964,numa-balancing,158.002,3G,3G,2243,0,0.00,217186304,2107695104,0,0,20358,568134,0,501504,351663,74679,74679,0
2026-08-29T23:48:09.464,numa-balancing,158.502,3G,3G,2243,0,0.00,217186304,2107695104,0,0,20358,568283,0,502261,352233,74713,74713,0
2026-08-29T23:48:09.964,numa-balancing,159.002,3G,3G,2242,0,0.00,217186304,2107695104,0,0,20358,568283,0,502357,352278,74722,74722,0
2026-08-29T23:48:10.464,numa-balancing,159.502,3G,3G,2243,0,0.00,217186304,2107695104,0,0,20358,568283,0,502390,352290,74726,74726,0
2026-08-29T23:48:10.964,numa-balancing,160.002,3G,3G,2242,0,0.00,217186304,2107695104,0,0,20358,568283,0,502390,352290,74726,74726,0
2026-08-29T23:48:11.464,numa-balancing,160.502,3G,3G,2243,0,0.00,217186304,2107695104,0,0,20358,568283,0,502390,352290,74726,74726,0
2026-08-29T23:48:11.964,numa-balancing,161.002,3G,3G,2242,0,0.00,217186304,2107695104,0,0,20358,569325,0,502799,352518,74768,74768,0
2026-08-29T23:48:12.464,numa-balancing,161.502,3G,3G,2242,0,0.00,217186304,2107695104,0,0,20358,570231,0,503634,353133,74807,74807,0
2026-08-29T23:48:12.964,numa-balancing,162.002,3G,3G,2242,0,0.00,217186304,2107695104,0,0,20358,570231,0,503774,353212,74819,74819,0
2026-08-29T23:48:13.464,numa-balancing,162.502,3G,3G,2241,0,0.00,217186304,2107695104,0,0,20358,570744,0,504715,353930,74860,74860,0
2026-08-29T23:48:13.964,numa-balancing,163.002,3G,3G,2241,0,0.00,217186304,2107695104,0,0,20358,570744,0,504821,353984,74864,74864,0
2026-08-29T23:48:14.464,numa-balancing,163.502,3G,3G,2241,0,0.00,217186304,2107695104,0,0,20358,570744,0,504854,353993,74870,74870,0
2026-08-29T23:48:14.964,numa-balancing,164.002,3G,3G,2241,0,0.00,217186304,2107695104,0,0,20358,570744,0,504854,353993,74870,74870,0
2026-08-29T23:48:15.464,numa-balancing,164.502,3G,3G,2242,0,0.00,217186304,2107695104,0,0,20358,570744,0,504859,353996,74870,74870,0
2026-08-29T23:48:15.964,numa-balancing,165.002,3G,3G,2242,0,0.00,217186304,2107695104,0,0,20358,571716,0,505246,354167,74886,74886,0
2026-08-29T23:48:16.464,numa-balancing,165.502,3G,3G,2242,0,0.00,217190400,2107695104,0,0,20358,572029,0,505967,354657,74900,74900,0
2026-08-29T23:48:16.964,numa-balancing,166.002,3G,3G,2242,0,0.00,217190400,2107695104,0,0,20358,572980,0,506275,354849,74924,74924,0
2026-08-29T23:48:17.464,numa-balancing,166.502,3G,3G,2243,0,0.00,217190400,2107695104,0,0,20358,573212,0,507140,355548,74947,74947,0
2026-08-29T23:48:17.964,numa-balancing,167.002,3G,3G,2243,0,0.00,217190400,2107695104,0,0,20358,573212,0,507238,355600,74952,74952,0
2026-08-29T23:48:18.464,numa-balancing,167.502,3G,3G,2242,0,0.00,217190400,2107695104,0,0,20358,574163,0,508164,356273,74986,74986,0
2026-08-29T23:48:18.964,numa-balancing,168.002,3G,3G,2242,0,0.00,217190400,2107695104,0,0,20358,574163,0,508252,356327,74990,74990,0
2026-08-29T23:48:19.464,numa-balancing,168.502,3G,3G,2243,0,0.00,217194496,2107695104,0,0,20358,574163,0,508285,356347,74991,74991,0
2026-08-29T23:48:19.964,numa-balancing,169.002,3G,3G,2242,0,0.00,217194496,2107695104,0,0,20358,574163,0,508285,356347,74991,74991,0
2026-08-29T23:48:20.464,numa-balancing,169.502,3G,3G,2242,0,0.00,217194496,2107695104,0,0,20358,574163,0,508287,356347,74991,74991,0
2026-08-29T23:48:20.964,numa-balancing,170.002,3G,3G,2242,0,0.00,217194496,2107695104,0,0,20358,575210,0,508742,356628,75008,75008,0
2026-08-29T23:48:21.464,numa-balancing,170.502,3G,3G,2242,0,0.00,217194496,2107695104,0,0,20358,575210,0,509214,357020,75016,75016,0
2026-08-29T23:48:21.964,numa-balancing,171.002,3G,3G,2242,0,0.00,217194496,2107695104,0,0,20358,575210,0,509304,357075,75017,75017,0
2026-08-29T23:48:22.464,numa-balancing,171.502,3G,3G,2243,0,0.00,217194496,2107695104,0,0,20358,575210,0,509333,357093,75017,75017,0
2026-08-29T23:48:22.964,numa-balancing,172.002,3G,3G,2243,0,0.00,217194496,2107695104,0,0,20358,576181,0,509551,357157,75096,75096,0
2026-08-29T23:48:23.464,numa-balancing,172.502,3G,3G,2243,0,0.00,217194496,2107695104,0,0,20358,576331,0,510275,357703,75109,75109,0
2026-08-29T23:48:23.964,numa-balancing,173.002,3G,3G,2243,0,0.00,217194496,2107695104,0,0,20358,577281,0,510474,357811,75123,75123,0
2026-08-29T23:48:24.464,numa-balancing,173.502,3G,3G,2242,0,0.00,217194496,2107695104,0,0,20358,577458,0,511457,358441,75193,75193,0
2026-08-29T23:48:24.964,numa-balancing,174.002,3G,3G,2242,0,0.00,217194496,2107695104,0,0,20358,577458,0,511551,358487,75193,75193,0
2026-08-29T23:48:25.464,numa-balancing,174.502,3G,3G,2242,0,0.00,217194496,2107695104,0,0,20358,577464,0,511588,358507,75193,75193,0
2026-08-29T23:48:25.964,numa-balancing,175.002,3G,3G,2242,0,0.00,217194496,2107695104,0,0,20358,578378,0,512005,358758,75207,75207,0
2026-08-29T23:48:26.464,numa-balancing,175.502,3G,3G,2243,0,0.00,217194496,2107695104,0,0,20358,578690,0,512700,359345,75212,75212,0
2026-08-29T23:48:26.964,numa-balancing,176.002,3G,3G,2243,0,0.00,217194496,2107695104,0,0,20358,578698,0,512798,359402,75214,75214,0
2026-08-29T23:48:27.464,numa-balancing,176.502,3G,3G,2243,0,0.00,217194496,2107695104,0,0,20358,579640,0,513614,359986,75222,75222,0
2026-08-29T23:48:27.964,numa-balancing,177.002,3G,3G,2243,0,0.00,217194496,2107695104,0,0,20358,579648,0,513731,360053,75222,75222,0
2026-08-29T23:48:28.464,numa-balancing,177.502,3G,3G,2242,0,0.00,217194496,2107695104,0,0,20358,579961,0,514010,360229,75222,75222,0
2026-08-29T23:48:28.964,numa-balancing,178.002,3G,3G,2242,0,0.00,217194496,2107695104,0,0,20358,579961,0,514015,360232,75222,75222,0
2026-08-29T23:48:29.464,numa-balancing,178.502,3G,3G,2243,0,0.00,217194496,2107695104,0,0,20358,581084,0,514521,360509,75228,75228,0
2026-08-29T23:48:29.964,numa-balancing,179.002,3G,3G,2243,0,0.00,217194496,2107695104,0,0,20358,581084,0,514647,360580,75234,75234,0
2026-08-29T23:48:30.464,numa-balancing,179.502,3G,3G,2243,0,0.00,217194496,2107695104,0,0,20358,581084,0,515093,360950,75239,75239,0
2026-08-29T23:48:30.965,numa-balancing,180.003,2.5G,2560M,2243,0,0.00,217194496,2107695104,0,0,20358,581084,0,515187,360994,75240,75240,0
2026-08-29T23:48:31.465,numa-balancing,180.503,2.5G,2560M,2242,0,0.00,217194496,2107695104,0,0,20358,581084,0,515218,361007,75244,75244,0
2026-08-29T23:48:31.965,numa-balancing,181.003,2.5G,2560M,2242,0,0.00,217194496,2107695104,0,0,20358,582128,0,515619,361217,75252,75252,0
2026-08-29T23:48:32.465,numa-balancing,181.503,2.5G,2560M,2243,0,0.00,217194496,2107695104,0,0,20358,582945,0,516387,361790,75256,75256,0
2026-08-29T23:48:32.965,numa-balancing,182.003,2.5G,2560M,2243,0,0.00,217194496,2107695104,0,0,20358,582945,0,516511,361861,75262,75262,0
2026-08-29T23:48:33.465,numa-balancing,182.503,2.5G,2560M,2242,0,0.00,217194496,2107695104,0,0,20358,583503,0,517506,362549,75298,75298,0
2026-08-29T23:48:33.965,numa-balancing,183.003,2.5G,2560M,2241,0,0.00,217194496,2107695104,0,0,20358,583830,0,517932,362843,75300,75300,0
2026-08-29T23:48:34.465,numa-balancing,183.503,2.5G,2560M,2242,0,0.00,217194496,2107695104,0,0,20358,584151,0,518220,363104,75307,75307,0
2026-08-29T23:48:34.965,numa-balancing,184.003,2.5G,2560M,2242,0,0.00,217194496,2107695104,0,0,20358,584151,0,518224,363107,75307,75307,0
2026-08-29T23:48:35.465,numa-balancing,184.503,2.5G,2560M,2242,0,0.00,217194496,2107695104,0,0,20358,585193,0,518626,363370,75313,75313,0
2026-08-29T23:48:35.965,numa-balancing,185.003,2.5G,2560M,2242,0,0.00,217194496,2107695104,0,0,20358,585193,0,518764,363445,75325,75325,0
2026-08-29T23:48:36.465,numa-balancing,185.503,2.5G,2560M,2242,0,0.00,217194496,2107695104,0,0,20358,585193,0,519214,363822,75334,75334,0
2026-08-29T23:48:36.965,numa-balancing,186.003,2.5G,2560M,2242,0,0.00,217194496,2107695104,0,0,20358,585193,0,519304,363864,75334,75334,0
2026-08-29T23:48:37.465,numa-balancing,186.503,2.5G,2560M,2243,0,0.00,217194496,2107695104,0,0,20358,585193,0,519333,363878,75334,75334,0
2026-08-29T23:48:37.965,numa-balancing,187.003,2.5G,2560M,2243,0,0.00,217194496,2107695104,0,0,20358,586166,0,519678,364017,75345,75345,0
2026-08-29T23:48:38.465,numa-balancing,187.503,2.5G,2560M,2243,0,0.00,217194496,2107695104,0,0,20358,586397,0,520357,364556,75355,75355,0
2026-08-29T23:48:38.965,numa-balancing,188.003,2.5G,2560M,2243,0,0.00,217194496,2107695104,0,0,20358,587347,0,520709,364790,75369,75369,0
2026-08-29T23:48:39.465,numa-balancing,188.503,2.5G,2560M,2243,0,0.00,217194496,2107695104,0,0,20358,587580,0,521533,365396,75382,75382,0
2026-08-29T23:48:39.965,numa-balancing,189.003,2.5G,2560M,2243,0,0.00,217194496,2107695104,0,0,20358,587580,0,521628,365448,75386,75386,0
2026-08-29T23:48:40.465,numa-balancing,189.503,2.5G,2560M,2244,0,0.00,217194496,2107695104,0,0,20358,588523,0,522532,366095,75397,75397,0
2026-08-29T23:48:40.965,numa-balancing,190.003,2.5G,2560M,2244,0,0.00,217194496,2107695104,0,0,20358,588850,0,522962,366258,75397,75397,0
2026-08-29T23:48:41.465,numa-balancing,190.503,2.5G,2560M,2243,0,0.00,217194496,2107695104,0,0,20358,589166,0,523251,366440,75397,75397,0
2026-08-29T23:48:41.965,numa-balancing,191.003,2.5G,2560M,2242,0,0.00,217198592,2107695104,0,0,20358,590145,0,523334,366479,75398,75398,0
2026-08-29T23:48:42.465,numa-balancing,191.503,2.5G,2560M,2243,0,0.00,217198592,2107695104,0,0,20358,590145,0,524151,366702,75727,75727,0
2026-08-29T23:48:42.965,numa-balancing,192.003,2.5G,2560M,2243,0,0.00,217198592,2107695104,0,0,20358,590562,0,524556,366727,75729,75729,0
2026-08-29T23:48:43.465,numa-balancing,192.503,2.5G,2560M,2242,0,0.00,217198592,2107695104,0,0,20358,590874,0,524882,366786,75730,75730,0
2026-08-29T23:48:43.965,numa-balancing,193.003,2.5G,2560M,2243,0,0.00,217198592,2107695104,0,0,20358,605520,0,529109,367473,75759,75759,0
2026-08-29T23:48:44.465,numa-balancing,193.503,2.5G,2560M,2243,0,0.00,217198592,2107695104,0,0,20358,605520,0,529114,367476,75759,75759,0
2026-08-29T23:48:44.965,numa-balancing,194.003,2.5G,2560M,2243,0,0.00,217198592,2107695104,0,0,20358,606563,0,529443,367620,75764,75764,0
2026-08-29T23:48:45.465,numa-balancing,194.503,2.5G,2560M,2243,0,0.00,217198592,2107695104,0,0,20358,606563,0,529630,367726,75767,75767,0
2026-08-29T23:48:45.965,numa-balancing,195.003,2.5G,2560M,2241,0,0.00,216879104,2107695104,0,0,20358,606563,0,529980,367809,75796,75796,0
2026-08-29T23:48:46.465,numa-balancing,195.503,2.5G,2560M,2242,0,0.00,216879104,2107695104,0,0,20358,606563,0,530142,367878,75807,75807,0
2026-08-29T23:48:46.965,numa-balancing,196.003,2.5G,2560M,2241,0,0.00,216879104,2107695104,0,0,20358,606563,0,530188,367903,75807,75807,0
2026-08-29T23:48:47.465,numa-balancing,196.503,2.5G,2560M,2242,0,0.00,216879104,2107695104,0,0,20358,606563,0,530217,367916,75807,75807,0
2026-08-29T23:48:47.965,numa-balancing,197.003,2.5G,2560M,2242,0,0.00,217198592,2107695104,0,0,20358,607944,0,531075,368265,75877,75877,0
2026-08-29T23:48:48.465,numa-balancing,197.503,2.5G,2560M,2242,0,0.00,217198592,2107695104,0,0,20358,608176,0,531670,368550,76099,76099,0
2026-08-29T23:48:48.965,numa-balancing,198.003,2.5G,2560M,2241,0,0.00,217198592,2107695104,0,0,20358,609126,0,532095,368798,76118,76118,0
2026-08-29T23:48:49.465,numa-balancing,198.503,2.5G,2560M,2242,0,0.00,217198592,2107695104,0,0,20358,609364,0,532849,369391,76128,76128,0
2026-08-29T23:48:49.965,numa-balancing,199.003,2.5G,2560M,2242,0,0.00,217198592,2107695104,0,0,20358,610310,0,533142,369554,76136,76136,0
2026-08-29T23:48:50.465,numa-balancing,199.503,2.5G,2560M,2242,0,0.00,217198592,2107695104,0,0,20358,610459,0,533941,370187,76142,76142,0
2026-08-29T23:48:50.965,numa-balancing,200.003,2.5G,2560M,2241,0,0.00,217198592,2107695104,0,0,20358,611408,0,534306,370416,76151,76151,0
2026-08-29T23:48:51.465,numa-balancing,200.503,2.5G,2560M,2242,0,0.00,217198592,2107695104,0,0,20358,611581,0,535114,371064,76156,76156,0
2026-08-29T23:48:51.965,numa-balancing,201.003,2.5G,2560M,2242,0,0.00,217198592,2107695104,0,0,20358,611908,0,535532,371291,76156,76156,0
2026-08-29T23:48:52.465,numa-balancing,201.503,2.5G,2560M,2243,0,0.00,217198592,2107695104,0,0,20358,612141,0,535797,371527,76156,76156,0
2026-08-29T23:48:52.965,numa-balancing,202.003,2.5G,2560M,2243,0,0.00,217198592,2107695104,0,0,20358,612141,0,535799,371528,76156,76156,0
2026-08-29T23:48:53.465,numa-balancing,202.503,2.5G,2560M,2242,0,0.00,217198592,2107695104,0,0,20358,613265,0,536524,371975,76158,76158,0
2026-08-29T23:48:53.965,numa-balancing,203.003,2.5G,2560M,2242,0,0.00,217198592,2107695104,0,0,20358,613265,0,536629,372039,76159,76159,0
2026-08-29T23:48:54.465,numa-balancing,203.503,2.5G,2560M,2243,0,0.00,217198592,2107695104,0,0,20358,613265,0,536826,372171,76159,76159,0
2026-08-29T23:48:54.965,numa-balancing,204.003,2.5G,2560M,2242,0,0.00,217198592,2107695104,0,0,20358,613265,0,536893,372204,76159,76159,0
2026-08-29T23:48:55.465,numa-balancing,204.503,2.5G,2560M,2243,0,0.00,217198592,2107695104,0,0,20358,613265,0,536924,372211,76159,76159,0
2026-08-29T23:48:55.965,numa-balancing,205.003,2.5G,2560M,2243,0,0.00,217198592,2107695104,0,0,20358,614321,0,537313,372425,76168,76168,0
2026-08-29T23:48:56.465,numa-balancing,205.503,2.5G,2560M,2243,0,0.00,217198592,2107695104,0,0,20358,614552,0,538029,373014,76172,76172,0
2026-08-29T23:48:56.965,numa-balancing,206.003,2.5G,2560M,2243,0,0.00,217198592,2107695104,0,0,20358,614552,0,538121,373058,76172,76172,0
2026-08-29T23:48:57.465,numa-balancing,206.503,2.5G,2560M,2243,0,0.00,217198592,2107695104,0,0,20358,615676,0,539196,373779,76179,76179,0
2026-08-29T23:48:57.965,numa-balancing,207.003,2.5G,2560M,2243,0,0.00,217198592,2107695104,0,0,20358,616086,0,539708,374157,76179,76179,0
2026-08-29T23:48:58.465,numa-balancing,207.503,2.5G,2560M,2243,0,0.00,217198592,2107695104,0,0,20358,616316,0,539968,374374,76180,76180,0
2026-08-29T23:48:58.965,numa-balancing,208.003,2.5G,2560M,2243,0,0.00,217198592,2107695104,0,0,20358,617295,0,540426,374626,76189,76189,0
2026-08-29T23:48:59.465,numa-balancing,208.503,2.5G,2560M,2243,0,0.00,217198592,2107695104,0,0,20358,617295,0,540830,374940,76189,76189,0
2026-08-29T23:48:59.965,numa-balancing,209.003,2.5G,2560M,2243,0,0.00,217198592,2107695104,0,0,20358,617295,0,540921,374984,76190,76190,0
2026-08-29T23:49:00.465,numa-balancing,209.503,2.5G,2560M,2243,0,0.00,217198592,2107695104,0,0,20358,617295,0,540952,374993,76190,76190,0
2026-08-29T23:49:00.965,numa-balancing,210.003,2.5G,2560M,2243,0,0.00,217198592,2107695104,0,0,20358,618588,0,541461,375322,76191,76191,0
2026-08-29T23:49:01.465,numa-balancing,210.503,2.5G,2560M,2244,0,0.00,217198592,2107695104,0,0,20358,618588,0,542125,375801,76195,76195,0
2026-08-29T23:49:01.965,numa-balancing,211.003,2.5G,2560M,2244,0,0.00,217198592,2107695104,0,0,20358,618588,0,542217,375843,76195,76195,0
2026-08-29T23:49:02.465,numa-balancing,211.503,2.5G,2560M,2243,0,0.00,217198592,2107695104,0,0,20358,618588,0,542246,375852,76195,76195,0
2026-08-29T23:49:02.965,numa-balancing,212.003,2.5G,2560M,2243,0,0.00,217198592,2107695104,0,0,20358,618588,0,542246,375852,76195,76195,0
2026-08-29T23:49:03.465,numa-balancing,212.503,2.5G,2560M,2243,0,0.00,217202688,2107695104,0,0,20358,619712,0,543150,376409,76200,76200,0
2026-08-29T23:49:03.965,numa-balancing,213.003,2.5G,2560M,2242,0,0.00,217202688,2107695104,0,0,20358,619712,0,543261,376473,76201,76201,0
2026-08-29T23:49:04.465,numa-balancing,213.503,2.5G,2560M,2241,0,0.00,217202688,2107695104,0,0,20358,619712,0,543355,376540,76201,76201,0
2026-08-29T23:49:04.965,numa-balancing,214.003,2.5G,2560M,2241,0,0.00,217202688,2107695104,0,0,20358,619712,0,543355,376540,76201,76201,0
2026-08-29T23:49:05.465,numa-balancing,214.503,2.5G,2560M,2241,0,0.00,217202688,2107695104,0,0,20358,619712,0,543371,376546,76201,76201,0
2026-08-29T23:49:05.965,numa-balancing,215.003,2.5G,2560M,2241,0,0.00,217202688,2107695104,0,0,20358,620686,0,543724,376768,76203,76203,0
2026-08-29T23:49:06.465,numa-balancing,215.503,2.5G,2560M,2240,0,0.00,217202688,2107695104,0,0,20358,621013,0,543990,376934,76203,76203,0
2026-08-29T23:49:06.965,numa-balancing,216.003,2.5G,2560M,2242,0,0.00,217202688,2107695104,0,0,20358,621258,0,544834,377683,76204,76204,0
2026-08-29T23:49:07.465,numa-balancing,216.503,2.5G,2560M,2241,0,0.00,217202688,2107695104,0,0,20358,621586,0,545130,377869,76204,76204,0
2026-08-29T23:49:07.965,numa-balancing,217.003,2.5G,2560M,2243,0,0.00,217202688,2107695104,0,0,20358,621915,0,545569,378184,76205,76205,0
2026-08-29T23:49:08.465,numa-balancing,217.503,2.5G,2560M,2242,0,0.00,217202688,2107695104,0,0,20358,622161,0,545820,378350,76205,76205,0
2026-08-29T23:49:08.965,numa-balancing,218.003,2.5G,2560M,2242,0,0.00,217202688,2107695104,0,0,20358,622557,0,546150,378514,76221,76221,0
2026-08-29T23:49:09.465,numa-balancing,218.503,2.5G,2560M,2242,0,0.00,217206784,2107695104,0,0,20358,623702,0,546717,378821,76230,76230,0
2026-08-29T23:49:09.965,numa-balancing,219.003,2.5G,2560M,2241,0,0.00,217206784,2107695104,0,0,20358,623702,0,546951,379010,76230,76230,0
2026-08-29T23:49:10.465,numa-balancing,219.503,2.5G,2560M,2242,0,0.00,217206784,2107695104,0,0,20358,623702,0,547287,379241,76235,76235,0
2026-08-29T23:49:10.965,numa-balancing,220.003,2.5G,2560M,2242,0,0.00,217206784,2107695104,0,0,20358,623702,0,547334,379259,76235,76235,0
2026-08-29T23:49:11.465,numa-balancing,220.503,2.5G,2560M,2243,0,0.00,217206784,2107695104,0,0,20358,624676,0,547638,379421,76240,76240,0
2026-08-29T23:49:11.965,numa-balancing,221.003,2.5G,2560M,2242,0,0.00,217206784,2107695104,0,0,20358,624676,0,547825,379521,76242,76242,0
2026-08-29T23:49:12.465,numa-balancing,221.503,2.5G,2560M,2243,0,0.00,217124864,2107695104,0,0,20358,624676,0,548233,379824,76244,76244,0
2026-08-29T23:49:12.965,numa-balancing,222.003,2.5G,2560M,2243,0,0.00,217124864,2107695104,0,0,20358,624676,0,548307,379861,76244,76244,0
2026-08-29T23:49:13.465,numa-balancing,222.503,2.5G,2560M,2244,0,0.00,217124864,2107695104,0,0,20358,624676,0,548336,379868,76244,76244,0
2026-08-29T23:49:13.965,numa-balancing,223.003,2.5G,2560M,2244,0,0.00,217206784,2107695104,0,0,20358,625166,0,548743,380213,76244,76244,0
2026-08-29T23:49:14.465,numa-balancing,223.503,2.5G,2560M,2244,0,0.00,217141248,2107695104,0,0,20358,625411,0,549071,380460,76260,76260,0
2026-08-29T23:49:14.965,numa-balancing,224.003,2.5G,2560M,2244,0,0.00,217206784,2107695104,0,0,20358,625740,0,549401,380545,76504,76504,0
2026-08-29T23:49:15.465,numa-balancing,224.503,2.5G,2560M,2243,0,0.00,217206784,2107695104,0,0,20358,625904,0,549568,380709,76507,76507,0
2026-08-29T23:49:15.965,numa-balancing,225.003,2.5G,2560M,2242,0,0.00,217206784,2107695104,0,0,20358,626229,0,549893,380773,76752,76752,0
2026-08-29T23:49:16.465,numa-balancing,225.503,2.5G,2560M,2243,0,0.00,217141248,2107695104,0,0,20358,626556,0,550219,381017,76752,76752,0
2026-08-29T23:49:16.965,numa-balancing,226.003,2.5G,2560M,2242,0,0.00,217141248,2107695104,0,0,20358,626881,0,550545,381175,76834,76834,0
2026-08-29T23:49:17.465,numa-balancing,226.503,2.5G,2560M,2241,0,0.00,217206784,2107695104,0,0,20358,627127,0,550791,381413,76835,76835,0
2026-08-29T23:49:17.965,numa-balancing,227.003,2.5G,2560M,2241,0,0.00,217206784,2107695104,0,0,20358,627460,0,551040,381509,76915,76915,0
2026-08-29T23:49:18.465,numa-balancing,227.503,2.5G,2560M,2242,0,0.00,216723456,2107695104,0,0,20358,627788,0,551449,381916,76917,76917,0
2026-08-29T23:49:18.965,numa-balancing,228.003,2.5G,2560M,2241,0,0.00,217206784,2107695104,0,0,20358,628114,0,551777,381927,77175,77175,0
2026-08-29T23:49:19.465,numa-balancing,228.503,2.5G,2560M,2242,0,0.00,217206784,2107695104,0,0,20358,628361,0,552022,382166,77181,77181,0
2026-08-29T23:49:19.965,numa-balancing,229.003,2.5G,2560M,2242,0,0.00,217206784,2107695104,0,0,20358,629383,0,552620,382531,77214,77214,0
2026-08-29T23:49:20.465,numa-balancing,229.503,2.5G,2560M,2243,0,0.00,217116672,2107695104,0,0,20358,629383,0,552928,382700,77243,77243,0
2026-08-29T23:49:20.965,numa-balancing,230.003,2.5G,2560M,2243,0,0.00,217116672,2107695104,0,0,20358,629391,0,553048,382758,77243,77243,0
2026-08-29T23:49:21.465,numa-balancing,230.503,2.5G,2560M,2242,0,0.00,217116672,2107695104,0,0,20358,629391,0,553056,382765,77244,77244,0
2026-08-29T23:49:21.965,numa-balancing,231.003,2.5G,2560M,2242,0,0.00,217116672,2107695104,0,0,20358,629422,0,553056,382765,77244,77244,0
2026-08-29T23:49:22.465,numa-balancing,231.503,2.5G,2560M,2242,0,0.00,216723456,2107695104,0,0,20358,629422,0,553086,382795,77244,77244,0
2026-08-29T23:49:22.965,numa-balancing,232.003,2.5G,2560M,2242,0,0.00,216723456,2107695104,0,0,20358,629445,0,553086,382795,77244,77244,0
2026-08-29T23:49:23.465,numa-balancing,232.503,2.5G,2560M,2242,0,0.00,216723456,2107695104,0,0,20358,629445,0,553109,382817,77244,77244,0
2026-08-29T23:49:23.965,numa-balancing,233.003,2.5G,2560M,2242,0,0.00,216723456,2107695104,0,0,20358,629460,0,553109,382817,77244,77244,0
2026-08-29T23:49:24.465,numa-balancing,233.503,2.5G,2560M,2243,0,0.00,216723456,2107695104,0,0,20358,629460,0,553124,382831,77244,77244,0
2026-08-29T23:49:24.965,numa-balancing,234.003,2.5G,2560M,2243,0,0.00,216723456,2107695104,0,0,20358,629461,0,553124,382831,77244,77244,0
2026-08-29T23:49:25.465,numa-balancing,234.503,2.5G,2560M,2243,0,0.00,216723456,2107695104,0,0,20358,629462,0,553125,382831,77244,77244,0
2026-08-29T23:49:25.965,numa-balancing,235.003,2.5G,2560M,2243,0,0.00,216723456,2107695104,0,0,20358,629464,0,553125,382831,77244,77244,0
2026-08-29T23:49:26.465,numa-balancing,235.503,2.5G,2560M,2243,0,0.00,216723456,2107695104,0,0,20358,629464,0,553128,382833,77244,77244,0
2026-08-29T23:49:26.965,numa-balancing,236.003,2.5G,2560M,2243,0,0.00,216723456,2107695104,0,0,20358,629464,0,553128,382833,77244,77244,0
2026-08-29T23:49:27.465,numa-balancing,236.503,2.5G,2560M,2244,0,0.00,216723456,2107695104,0,0,20358,629465,0,553128,382833,77244,77244,0
2026-08-29T23:49:27.965,numa-balancing,237.003,2.5G,2560M,2244,0,0.00,216723456,2107695104,0,0,20358,629465,0,553128,382833,77244,77244,0
2026-08-29T23:49:28.465,numa-balancing,237.503,2.5G,2560M,2243,0,0.00,216723456,2107695104,0,0,20358,629465,0,553129,382833,77244,77244,0
2026-08-29T23:49:28.965,numa-balancing,238.003,2.5G,2560M,2243,0,0.00,216723456,2107695104,0,0,20358,629465,0,553129,382833,77244,77244,0
2026-08-29T23:49:29.465,numa-balancing,238.503,2.5G,2560M,2243,0,0.00,216723456,2107695104,0,0,20358,629465,0,553129,382833,77244,77244,0
2026-08-29T23:49:29.965,numa-balancing,239.003,2.5G,2560M,2243,0,0.00,216723456,2107695104,0,0,20358,629465,0,553129,382833,77244,77244,0
2026-08-29T23:49:30.465,numa-balancing,239.503,2.5G,2560M,2243,0,0.00,216723456,2107695104,0,0,20358,629465,0,553129,382833,77244,77244,0
2026-08-29T23:49:30.965,numa-balancing,240.004,release,max,2243,0,0.00,216723456,2107695104,0,0,20358,629467,0,553129,382833,77244,77244,0
2026-08-29T23:49:31.465,numa-balancing,240.504,release,max,2243,0,0.00,216723456,2107695104,0,0,20358,629467,0,553131,382834,77244,77244,0
2026-08-29T23:49:31.965,numa-balancing,241.004,release,max,2243,0,0.00,216723456,2107695104,0,0,20358,629467,0,553131,382834,77244,77244,0
2026-08-29T23:49:32.465,numa-balancing,241.504,release,max,2242,0,0.00,216723456,2107695104,0,0,20358,629467,0,553131,382834,77244,77244,0
2026-08-29T23:49:32.965,numa-balancing,242.004,release,max,2242,0,0.00,216723456,2107695104,0,0,20358,629467,0,553131,382834,77244,77244,0
2026-08-29T23:49:33.465,numa-balancing,242.504,release,max,2242,0,0.00,216723456,2107695104,0,0,20358,629467,0,553131,382834,77244,77244,0
2026-08-29T23:49:33.965,numa-balancing,243.004,release,max,2242,0,0.00,216723456,2107695104,0,0,20358,629467,0,553131,382834,77244,77244,0
2026-08-29T23:49:34.465,numa-balancing,243.504,release,max,2241,0,0.00,216723456,2107695104,0,0,20358,629468,0,553131,382834,77244,77244,0
2026-08-29T23:49:34.965,numa-balancing,244.004,release,max,2241,0,0.00,216723456,2107695104,0,0,20358,629468,0,553131,382834,77244,77244,0
2026-08-29T23:49:35.465,numa-balancing,244.504,release,max,2241,0,0.00,216723456,2107695104,0,0,20358,629468,0,553133,382835,77244,77244,0
2026-08-29T23:49:35.965,numa-balancing,245.004,release,max,2241,0,0.00,216723456,2107695104,0,0,20358,629468,0,553133,382835,77244,77244,0
2026-08-29T23:49:36.465,numa-balancing,245.504,release,max,2242,0,0.00,217210880,2107695104,0,0,20358,629468,0,553133,382835,77244,77244,0
2026-08-29T23:49:36.965,numa-balancing,246.004,release,max,2242,0,0.00,217210880,2107695104,0,0,20358,629468,0,553133,382835,77244,77244,0
2026-08-29T23:49:37.465,numa-balancing,246.504,release,max,2242,0,0.00,217210880,2107695104,0,0,20358,629468,0,553133,382835,77244,77244,0
2026-08-29T23:49:37.965,numa-balancing,247.004,release,max,2242,0,0.00,217210880,2107695104,0,0,20358,629468,0,553133,382835,77244,77244,0
2026-08-29T23:49:38.465,numa-balancing,247.504,release,max,2243,0,0.00,217210880,2107695104,0,0,20358,629468,0,553133,382835,77244,77244,0
2026-08-29T23:49:38.965,numa-balancing,248.004,release,max,2243,0,0.00,217210880,2107695104,0,0,20358,629468,0,553133,382835,77244,77244,0
2026-08-29T23:49:39.465,numa-balancing,248.504,release,max,2243,0,0.00,217210880,2107695104,0,0,20358,629468,0,553133,382835,77244,77244,0
2026-08-29T23:49:39.965,numa-balancing,249.004,release,max,2243,0,0.00,217210880,2107695104,0,0,20358,629476,0,553135,382835,77246,77246,0
2026-08-29T23:49:40.465,numa-balancing,249.504,release,max,2244,0,0.00,217210880,2107695104,0,0,20358,629476,0,553135,382835,77246,77246,0
2026-08-29T23:49:40.965,numa-balancing,250.004,release,max,2243,0,0.00,217210880,2107695104,0,0,20358,629476,0,553135,382835,77246,77246,0
2026-08-29T23:49:41.465,numa-balancing,250.504,release,max,2243,0,0.00,217210880,2107695104,0,0,20358,629476,0,553135,382835,77246,77246,0
2026-08-29T23:49:41.965,numa-balancing,251.004,release,max,2243,0,0.00,217210880,2107695104,0,0,20358,629476,0,553135,382835,77246,77246,0
2026-08-29T23:49:42.465,numa-balancing,251.504,release,max,2244,0,0.00,217210880,2107695104,0,0,20358,629476,0,553135,382835,77246,77246,0
2026-08-29T23:49:42.965,numa-balancing,252.004,release,max,2244,0,0.00,217210880,2107695104,0,0,20358,629476,0,553135,382835,77246,77246,0
2026-08-29T23:49:43.465,numa-balancing,252.504,release,max,2243,0,0.00,217210880,2107695104,0,0,20358,629476,0,553135,382835,77246,77246,0
2026-08-29T23:49:43.965,numa-balancing,253.004,release,max,2243,0,0.00,217210880,2107695104,0,0,20358,629476,0,553135,382835,77246,77246,0
2026-08-29T23:49:44.465,numa-balancing,253.504,release,max,2243,0,0.00,217210880,2107695104,0,0,20358,629476,0,553135,382835,77246,77246,0
2026-08-29T23:49:44.965,numa-balancing,254.004,release,max,2243,0,0.00,217210880,2107695104,0,0,20358,629476,0,553135,382835,77246,77246,0
2026-08-29T23:49:45.465,numa-balancing,254.504,release,max,2243,0,0.00,217210880,2107695104,0,0,20358,629476,0,553135,382835,77246,77246,0
2026-08-29T23:49:45.965,numa-balancing,255.004,release,max,2243,0,0.00,217210880,2107695104,0,0,20358,629476,0,553135,382835,77246,77246,0
2026-08-29T23:49:46.465,numa-balancing,255.504,release,max,2243,0,0.00,217214976,2107695104,0,0,20358,629480,0,553139,382838,77246,77246,0
2026-08-29T23:49:46.965,numa-balancing,256.004,release,max,2243,0,0.00,217214976,2107695104,0,0,20358,629480,0,553139,382838,77246,77246,0
2026-08-29T23:49:47.465,numa-balancing,256.504,release,max,2243,0,0.00,217214976,2107695104,0,0,20358,629480,0,553139,382838,77246,77246,0
2026-08-29T23:49:47.965,numa-balancing,257.004,release,max,2243,0,0.00,217214976,2107695104,0,0,20358,629480,0,553139,382838,77246,77246,0
2026-08-29T23:49:48.465,numa-balancing,257.504,release,max,2242,0,0.00,217214976,2107695104,0,0,20358,629480,0,553139,382838,77246,77246,0
2026-08-29T23:49:48.965,numa-balancing,258.004,release,max,2242,0,0.00,217214976,2107695104,0,0,20358,629483,0,553139,382838,77246,77246,0
2026-08-29T23:49:49.465,numa-balancing,258.504,release,max,2241,0,0.00,217214976,2107695104,0,0,20358,629483,0,553142,382840,77246,77246,0
2026-08-29T23:49:49.965,numa-balancing,259.004,release,max,2241,0,0.00,217214976,2107695104,0,0,20358,629483,0,553142,382840,77246,77246,0
2026-08-29T23:49:50.465,numa-balancing,259.504,release,max,2243,0,0.00,217214976,2107695104,0,0,20358,629483,0,553142,382840,77246,77246,0
2026-08-29T23:49:50.965,numa-balancing,260.004,release,max,2243,0,0.00,217214976,2107695104,0,0,20358,629483,0,553142,382840,77246,77246,0
2026-08-29T23:49:51.465,numa-balancing,260.504,release,max,2243,0,0.00,217214976,2107695104,0,0,20358,629483,0,553142,382840,77246,77246,0
2026-08-29T23:49:51.965,numa-balancing,261.004,release,max,2243,0,0.00,217214976,2107695104,0,0,20358,629483,0,553142,382840,77246,77246,0
2026-08-29T23:49:52.465,numa-balancing,261.504,release,max,2243,0,0.00,217214976,2107695104,0,0,20358,629483,0,553142,382840,77246,77246,0
2026-08-29T23:49:52.965,numa-balancing,262.004,release,max,2243,0,0.00,217214976,2107695104,0,0,20358,629483,0,553142,382840,77246,77246,0
2026-08-29T23:49:53.465,numa-balancing,262.504,release,max,2244,0,0.00,217214976,2107695104,0,0,20358,629483,0,553142,382840,77246,77246,0
2026-08-29T23:49:53.965,numa-balancing,263.004,release,max,2244,0,0.00,217214976,2107695104,0,0,20358,629483,0,553142,382840,77246,77246,0
2026-08-29T23:49:54.465,numa-balancing,263.504,release,max,2243,0,0.00,217214976,2107695104,0,0,20358,629483,0,553142,382840,77246,77246,0
2026-08-29T23:49:54.965,numa-balancing,264.004,release,max,2243,0,0.00,217214976,2107695104,0,0,20358,629483,0,553142,382840,77246,77246,0
2026-08-29T23:49:55.465,numa-balancing,264.504,release,max,2243,0,0.00,217214976,2107695104,0,0,20358,629483,0,553142,382840,77246,77246,0
2026-08-29T23:49:55.965,numa-balancing,265.004,release,max,2243,0,0.00,217214976,2107695104,0,0,20358,629483,0,553142,382840,77246,77246,0
2026-08-29T23:49:56.465,numa-balancing,265.504,release,max,2244,0,0.00,217214976,2107695104,0,0,20358,629483,0,553142,382840,77246,77246,0
2026-08-29T23:49:56.965,numa-balancing,266.004,release,max,2244,0,0.00,217214976,2107695104,0,0,20358,629484,0,553142,382840,77246,77246,0
2026-08-29T23:49:57.465,numa-balancing,266.504,release,max,2244,0,0.00,217214976,2107695104,0,0,20358,629484,0,553144,382841,77246,77246,0
2026-08-29T23:49:57.965,numa-balancing,267.004,release,max,2244,0,0.00,217214976,2107695104,0,0,20358,629484,0,553144,382841,77246,77246,0
2026-08-29T23:49:58.465,numa-balancing,267.504,release,max,2243,0,0.00,217214976,2107695104,0,0,20358,629484,0,553144,382841,77246,77246,0
2026-08-29T23:49:58.965,numa-balancing,268.004,release,max,2243,0,0.00,217214976,2107695104,0,0,20358,629484,0,553144,382841,77246,77246,0
2026-08-29T23:49:59.465,numa-balancing,268.504,release,max,2242,0,0.00,217214976,2107695104,0,0,20358,629484,0,553145,382841,77246,77246,0
2026-08-29T23:49:59.965,numa-balancing,269.004,release,max,2242,0,0.00,217214976,2107695104,0,0,20358,629484,0,553145,382841,77246,77246,0
2026-08-29T23:50:00.465,numa-balancing,269.504,release,max,2241,0,0.00,217219072,2107695104,0,0,20358,629484,0,553146,382842,77246,77246,0
2026-08-29T23:50:00.965,numa-balancing,270.004,release,max,2241,0,0.00,217219072,2107695104,0,0,20358,629484,0,553146,382842,77246,77246,0
2026-08-29T23:50:01.465,numa-balancing,270.504,release,max,2242,0,0.00,217219072,2107695104,0,0,20358,629484,0,553146,382842,77246,77246,0
2026-08-29T23:50:01.965,numa-balancing,271.004,release,max,2242,0,0.00,217219072,2107695104,0,0,20358,629484,0,553146,382842,77246,77246,0
2026-08-29T23:50:02.465,numa-balancing,271.504,release,max,2243,0,0.00,217219072,2107695104,0,0,20358,629484,0,553148,382843,77246,77246,0
2026-08-29T23:50:02.965,numa-balancing,272.004,release,max,2243,0,0.00,217219072,2107695104,0,0,20358,629484,0,553148,382843,77246,77246,0
2026-08-29T23:50:03.465,numa-balancing,272.504,release,max,2243,0,0.00,217219072,2107695104,0,0,20358,629484,0,553148,382843,77246,77246,0
2026-08-29T23:50:03.965,numa-balancing,273.004,release,max,2243,0,0.00,217219072,2107695104,0,0,20358,629484,0,553148,382843,77246,77246,0
2026-08-29T23:50:04.465,numa-balancing,273.504,release,max,2244,0,0.00,217219072,2107695104,0,0,20358,629484,0,553148,382843,77246,77246,0
2026-08-29T23:50:04.965,numa-balancing,274.004,release,max,2244,0,0.00,217219072,2107695104,0,0,20358,629484,0,553148,382843,77246,77246,0
2026-08-29T23:50:05.465,numa-balancing,274.504,release,max,2243,0,0.00,217219072,2107695104,0,0,20358,629484,0,553148,382843,77246,77246,0
2026-08-29T23:50:05.965,numa-balancing,275.004,release,max,2244,0,0.00,217219072,2107695104,0,0,20358,629484,0,553148,382843,77246,77246,0
2026-08-29T23:50:06.465,numa-balancing,275.504,release,max,2244,0,0.00,217219072,2107695104,0,0,20358,629484,0,553148,382843,77246,77246,0
2026-08-29T23:50:06.965,numa-balancing,276.004,release,max,2244,0,0.00,217219072,2107695104,0,0,20358,629484,0,553148,382843,77246,77246,0
2026-08-29T23:50:07.465,numa-balancing,276.504,release,max,2244,0,0.00,217219072,2107695104,0,0,20358,629484,0,553148,382843,77246,77246,0
2026-08-29T23:50:07.965,numa-balancing,277.004,release,max,2241,0,0.00,217219072,2107695104,0,0,20358,629484,0,553148,382843,77246,77246,0
2026-08-29T23:50:08.465,numa-balancing,277.504,release,max,2242,0,0.00,217219072,2107695104,0,0,20358,629484,0,553150,382845,77246,77246,0
2026-08-29T23:50:08.965,numa-balancing,278.004,release,max,2241,0,0.00,217219072,2107695104,0,0,20358,629484,0,553150,382845,77246,77246,0
2026-08-29T23:50:09.465,numa-balancing,278.504,release,max,2243,0,0.00,217219072,2107695104,0,0,20358,629484,0,553150,382845,77246,77246,0
2026-08-29T23:50:09.965,numa-balancing,279.004,release,max,2242,0,0.00,217219072,2107695104,0,0,20358,629484,0,553150,382845,77246,77246,0
2026-08-29T23:50:10.465,numa-balancing,279.504,release,max,2242,0,0.00,217219072,2107695104,0,0,20358,629484,0,553150,382845,77246,77246,0
2026-08-29T23:50:10.965,numa-balancing,280.004,release,max,2242,0,0.00,217219072,2107695104,0,0,20358,629484,0,553150,382845,77246,77246,0
2026-08-29T23:50:11.465,numa-balancing,280.504,release,max,2242,0,0.00,217219072,2107695104,0,0,20358,629484,0,553150,382845,77246,77246,0
2026-08-29T23:50:11.965,numa-balancing,281.004,release,max,2242,0,0.00,217219072,2107695104,0,0,20358,629484,0,553150,382845,77246,77246,0
2026-08-29T23:50:12.465,numa-balancing,281.504,release,max,2242,0,0.00,217219072,2107695104,0,0,20358,629484,0,553150,382845,77246,77246,0
2026-08-29T23:50:12.965,numa-balancing,282.004,release,max,2242,0,0.00,217219072,2107695104,0,0,20358,629484,0,553150,382845,77246,77246,0
2026-08-29T23:50:13.465,numa-balancing,282.504,release,max,2242,0,0.00,217219072,2107695104,0,0,20358,629484,0,553150,382845,77246,77246,0
2026-08-29T23:50:13.965,numa-balancing,283.004,release,max,2241,0,0.00,217219072,2107695104,0,0,20358,629484,0,553150,382845,77246,77246,0
2026-08-29T23:50:14.465,numa-balancing,283.504,release,max,2242,0,0.00,217219072,2107695104,0,0,20358,629484,0,553150,382845,77246,77246,0
2026-08-29T23:50:14.965,numa-balancing,284.004,release,max,2241,0,0.00,217219072,2107695104,0,0,20358,629489,0,553150,382845,77246,77246,0
2026-08-29T23:50:15.465,numa-balancing,284.504,release,max,2243,0,0.00,217219072,2107695104,0,0,20358,629489,0,553155,382849,77246,77246,0
2026-08-29T23:50:15.965,numa-balancing,285.004,release,max,2243,0,0.00,217219072,2107695104,0,0,20358,629489,0,553155,382849,77246,77246,0
2026-08-29T23:50:16.465,numa-balancing,285.504,release,max,2243,0,0.00,217219072,2107695104,0,0,20358,629489,0,553155,382849,77246,77246,0
2026-08-29T23:50:16.965,numa-balancing,286.004,release,max,2243,0,0.00,217219072,2107695104,0,0,20358,629489,0,553155,382849,77246,77246,0
2026-08-29T23:50:17.465,numa-balancing,286.504,release,max,2243,0,0.00,217219072,2107695104,0,0,20358,629489,0,553155,382849,77246,77246,0
2026-08-29T23:50:17.965,numa-balancing,287.004,release,max,2243,0,0.00,217219072,2107695104,0,0,20358,629489,0,553155,382849,77246,77246,0
2026-08-29T23:50:18.465,numa-balancing,287.504,release,max,2243,0,0.00,217219072,2107695104,0,0,20358,629489,0,553155,382849,77246,77246,0
2026-08-29T23:50:18.965,numa-balancing,288.004,release,max,2243,0,0.00,217219072,2107695104,0,0,20358,629489,0,553155,382849,77246,77246,0
2026-08-29T23:50:19.465,numa-balancing,288.504,release,max,2244,0,0.00,217219072,2107695104,0,0,20358,629489,0,553155,382849,77246,77246,0
2026-08-29T23:50:19.965,numa-balancing,289.004,release,max,2244,0,0.00,217219072,2107695104,0,0,20358,629489,0,553155,382849,77246,77246,0
2026-08-29T23:50:20.465,numa-balancing,289.504,release,max,2245,0,0.00,217219072,2107695104,0,0,20358,629489,0,553155,382849,77246,77246,0
2026-08-29T23:50:20.965,numa-balancing,290.004,release,max,2245,0,0.00,217219072,2107695104,0,0,20358,629490,0,553155,382849,77246,77246,0
2026-08-29T23:50:21.465,numa-balancing,290.504,release,max,2244,0,0.00,217219072,2107695104,0,0,20358,629490,0,553156,382849,77246,77246,0
2026-08-29T23:50:21.965,numa-balancing,291.004,release,max,2244,0,0.00,217219072,2107695104,0,0,20358,629490,0,553156,382849,77246,77246,0
2026-08-29T23:50:22.465,numa-balancing,291.504,release,max,2243,0,0.00,217219072,2107695104,0,0,20358,629490,0,553156,382849,77246,77246,0
2026-08-29T23:50:22.965,numa-balancing,292.004,release,max,2243,0,0.00,217219072,2107695104,0,0,20358,629490,0,553156,382849,77246,77246,0
2026-08-29T23:50:23.465,numa-balancing,292.504,release,max,2243,0,0.00,217219072,2107695104,0,0,20358,629490,0,553156,382849,77246,77246,0
2026-08-29T23:50:23.965,numa-balancing,293.004,release,max,2243,0,0.00,217219072,2107695104,0,0,20358,629490,0,553156,382849,77246,77246,0
2026-08-29T23:50:24.465,numa-balancing,293.504,release,max,2243,0,0.00,217219072,2107695104,0,0,20358,629490,0,553156,382849,77246,77246,0
2026-08-29T23:50:24.965,numa-balancing,294.004,release,max,2243,0,0.00,217219072,2107695104,0,0,20358,629490,0,553156,382849,77246,77246,0
2026-08-29T23:50:25.465,numa-balancing,294.504,release,max,2242,0,0.00,217219072,2107695104,0,0,20358,629490,0,553156,382849,77246,77246,0
2026-08-29T23:50:25.965,numa-balancing,295.004,release,max,2242,0,0.00,217219072,2107695104,0,0,20358,629490,0,553156,382849,77246,77246,0
2026-08-29T23:50:26.465,numa-balancing,295.504,release,max,2242,0,0.00,217219072,2107695104,0,0,20358,629490,0,553156,382849,77246,77246,0
2026-08-29T23:50:26.965,numa-balancing,296.004,release,max,2242,0,0.00,217223168,2107695104,0,0,20358,629490,0,553156,382849,77246,77246,0
2026-08-29T23:50:27.465,numa-balancing,296.504,release,max,2243,0,0.00,217223168,2107695104,0,0,20358,629490,0,553156,382849,77246,77246,0
2026-08-29T23:50:27.965,numa-balancing,297.004,release,max,2243,0,0.00,217223168,2107695104,0,0,20358,629490,0,553156,382849,77246,77246,0
2026-08-29T23:50:28.465,numa-balancing,297.504,release,max,2242,0,0.00,217223168,2107695104,0,0,20358,629490,0,553156,382849,77246,77246,0
2026-08-29T23:50:28.965,numa-balancing,298.004,release,max,2242,0,0.00,217223168,2107695104,0,0,20358,629490,0,553156,382849,77246,77246,0
2026-08-29T23:50:29.465,numa-balancing,298.504,release,max,2242,0,0.00,217223168,2107695104,0,0,20358,629490,0,553156,382849,77246,77246,0
2026-08-29T23:50:29.965,numa-balancing,299.004,release,max,2242,0,0.00,217223168,2107695104,0,0,20358,629490,0,553156,382849,77246,77246,0
2026-08-29T23:50:30.465,numa-balancing,299.504,release,max,2243,0,0.00,217223168,2107695104,0,0,20358,629490,0,553156,382849,77246,77246,0
