runner_name,tag,run_id,recall,total_time,qps,start_time,end_time,phase,limit
usearch,pressure-interleaved,1,0.97832,5.279737286,189.40336343091295,2026-08-18 17:50:00.365569,2026-08-18 17:50:05.645331,,
usearch,pressure-interleaved,2,0.97832,0.8946606459999202,1117.7422461478084,2026-08-18 17:50:05.693653,2026-08-18 17:50:06.588339,,
usearch,pressure-interleaved,3,0.97832,0.8786984219996157,1138.0468827112988,2026-08-18 17:50:06.636598,2026-08-18 17:50:07.515318,,
usearch,pressure-interleaved,4,0.97832,0.8745533699998305,1143.44079424243,2026-08-18 17:50:07.563436,2026-08-18 17:50:08.438015,,
usearch,pressure-interleaved,5,0.97832,0.8795008540000708,1137.0085605396348,2026-08-18 17:50:08.485992,2026-08-18 17:50:09.365516,,
usearch,pressure-interleaved,6,0.97832,0.884089048000078,1131.1077795411302,2026-08-18 17:50:09.413826,2026-08-18 17:50:10.297937,,
usearch,pressure-interleaved,7,0.97832,0.8710721799998282,1148.0104897853553,2026-08-18 17:50:10.345821,2026-08-18 17:50:11.216916,,
usearch,pressure-interleaved,8,0.97832,0.8718159220002235,1147.03112751793,2026-08-18 17:50:11.265099,2026-08-18 17:50:12.136937,,
usearch,pressure-interleaved,9,0.97832,0.8681598139996822,1151.8616548178145,2026-08-18 17:50:12.184729,2026-08-18 17:50:13.052911,,
usearch,pressure-interleaved,10,0.97832,0.8894775290000325,1124.255495385273,2026-08-18 17:50:13.101330,2026-08-18 17:50:13.990832,,
usearch,pressure-interleaved,11,0.97832,0.8692046020000816,1150.4771117167948,2026-08-18 17:50:14.038723,2026-08-18 17:50:14.907952,,
usearch,pressure-interleaved,12,0.97832,0.8725589119999313,1146.054422512252,2026-08-18 17:50:14.956090,2026-08-18 17:50:15.828675,,
usearch,pressure-interleaved,13,0.97832,0.8639720839996698,1157.44480466383,2026-08-18 17:50:15.876572,2026-08-18 17:50:16.740569,,
usearch,pressure-interleaved,14,0.97832,0.8693942519998927,1150.22614619279,2026-08-18 17:50:16.788812,2026-08-18 17:50:17.658232,,
usearch,pressure-interleaved,15,0.97832,0.8759895509997477,1141.5661281104574,2026-08-18 17:50:17.706203,2026-08-18 17:50:18.582219,,
usearch,pressure-interleaved,16,0.97832,0.8664132720000453,1154.1836122749835,2026-08-18 17:50:18.630523,2026-08-18 17:50:19.496963,,
usearch,pressure-interleaved,17,0.97832,0.8678923360002955,1152.2166500611424,2026-08-18 17:50:19.545039,2026-08-18 17:50:20.412955,,
usearch,pressure-interleaved,18,0.97832,0.8737383480001881,1144.5073943346993,2026-08-18 17:50:20.460916,2026-08-18 17:50:21.334678,,
usearch,pressure-interleaved,19,0.97832,0.8725720689999434,1146.0371418329971,2026-08-18 17:50:21.382947,2026-08-18 17:50:22.255541,,
usearch,pressure-interleaved,20,0.97832,0.8725354439998227,1146.0852471687135,2026-08-18 17:50:22.303685,2026-08-18 17:50:23.176243,,
usearch,pressure-interleaved,21,0.97832,0.8817089760000272,1134.1610749349672,2026-08-18 17:50:23.223691,2026-08-18 17:50:24.105423,,
usearch,pressure-interleaved,22,0.97832,0.8788075170000411,1137.9056057846092,2026-08-18 17:50:24.153695,2026-08-18 17:50:25.032526,,
usearch,pressure-interleaved,23,0.97832,0.8949159009998766,1117.4234348531684,2026-08-18 17:50:25.080960,2026-08-18 17:50:25.975898,,
usearch,pressure-interleaved,24,0.97832,0.8861832729999151,1128.4347498625104,2026-08-18 17:50:26.024151,2026-08-18 17:50:26.910358,,
usearch,pressure-interleaved,25,0.97832,0.8766372260001845,1140.722718977701,2026-08-18 17:50:26.958608,2026-08-18 17:50:27.835268,,
usearch,pressure-interleaved,26,0.97832,0.877105243999722,1140.1140363040822,2026-08-18 17:50:27.882640,2026-08-18 17:50:28.759768,normal,max
usearch,pressure-interleaved,27,0.97832,0.8760354420001022,1141.5063273203543,2026-08-18 17:50:28.808021,2026-08-18 17:50:29.684079,normal,max
usearch,pressure-interleaved,28,0.97832,0.8776564419999886,1139.3980060366412,2026-08-18 17:50:29.732187,2026-08-18 17:50:30.609867,normal,max
usearch,pressure-interleaved,29,0.97832,0.8768177890001425,1140.4878100617975,2026-08-18 17:50:30.657974,2026-08-18 17:50:31.534815,normal,max
usearch,pressure-interleaved,30,0.97832,0.8638643640001646,1157.5891328234131,2026-08-18 17:50:31.582939,2026-08-18 17:50:32.446826,normal,max
usearch,pressure-interleaved,31,0.97832,0.87412951899978,1143.9952298421942,2026-08-18 17:50:32.494915,2026-08-18 17:50:33.369068,normal,max
usearch,pressure-interleaved,32,0.97832,0.8649060829998234,1156.1948975218436,2026-08-18 17:50:33.416963,2026-08-18 17:50:34.281892,normal,max
usearch,pressure-interleaved,33,0.97832,0.8767327790001218,1140.5983943482297,2026-08-18 17:50:34.330319,2026-08-18 17:50:35.207074,normal,max
usearch,pressure-interleaved,34,0.97832,0.872850107999966,1145.6720814200082,2026-08-18 17:50:35.255334,2026-08-18 17:50:36.128207,normal,max
usearch,pressure-interleaved,35,0.97832,0.8671763039997131,1153.168041363283,2026-08-18 17:50:36.176385,2026-08-18 17:50:37.043584,normal,max
usearch,pressure-interleaved,36,0.97832,0.88006724700017,1136.276805447126,2026-08-18 17:50:37.091946,2026-08-18 17:50:37.972038,normal,max
usearch,pressure-interleaved,37,0.97832,0.8671919110001909,1153.1472876016942,2026-08-18 17:50:38.020405,2026-08-18 17:50:38.887622,normal,max
usearch,pressure-interleaved,38,0.97832,0.8768358859997534,1140.4642715550094,2026-08-18 17:50:38.935920,2026-08-18 17:50:39.812778,normal,max
usearch,pressure-interleaved,39,0.97832,0.8781875680001576,1138.708900511127,2026-08-18 17:50:39.860905,2026-08-18 17:50:40.739117,normal,max
usearch,pressure-interleaved,40,0.97832,0.8813246370000343,1134.6556739908328,2026-08-18 17:50:40.787085,2026-08-18 17:50:41.668433,normal,max
usearch,pressure-interleaved,41,0.97832,0.8704293400001006,1148.8583323717976,2026-08-18 17:50:41.716569,2026-08-18 17:50:42.587020,normal,max
usearch,pressure-interleaved,42,0.97832,0.8738257539998813,1144.3929129149194,2026-08-18 17:50:42.635231,2026-08-18 17:50:43.509080,normal,max
usearch,pressure-interleaved,43,0.97832,0.8818639690002783,1133.9617391712309,2026-08-18 17:50:43.557329,2026-08-18 17:50:44.439220,normal,max
usearch,pressure-interleaved,44,0.97832,0.8777847139999722,1139.2315040929634,2026-08-18 17:50:44.487448,2026-08-18 17:50:45.365257,normal,max
usearch,pressure-interleaved,45,0.97832,0.8855927579998024,1129.1871923824192,2026-08-18 17:50:45.413276,2026-08-18 17:50:46.298894,normal,max
usearch,pressure-interleaved,46,0.97832,0.87865597300015,1138.1018632190296,2026-08-18 17:50:46.346882,2026-08-18 17:50:47.225561,normal,max
usearch,pressure-interleaved,47,0.97832,0.8769521750000422,1140.313039305652,2026-08-18 17:50:47.273615,2026-08-18 17:50:48.150591,normal,max
usearch,pressure-interleaved,48,0.97832,0.8728105770001093,1145.7239707578324,2026-08-18 17:50:48.198721,2026-08-18 17:50:49.071555,normal,max
usearch,pressure-interleaved,49,0.97832,0.8720789579997472,1146.6851605887389,2026-08-18 17:50:49.119700,2026-08-18 17:50:49.991803,normal,max
usearch,pressure-interleaved,50,0.97832,0.872338643999683,1146.3438045286955,2026-08-18 17:50:50.040181,2026-08-18 17:50:50.912545,normal,max
usearch,pressure-interleaved,51,0.97832,0.8680994939995799,1151.9416920665594,2026-08-18 17:50:50.960612,2026-08-18 17:50:51.828735,normal,max
usearch,pressure-interleaved,52,0.97832,0.8727724949999356,1145.773962549168,2026-08-18 17:50:51.876725,2026-08-18 17:50:52.749537,normal,max
usearch,pressure-interleaved,53,0.97832,0.8809685900000659,1135.114249646432,2026-08-18 17:50:52.797593,2026-08-18 17:50:53.678585,normal,max
usearch,pressure-interleaved,54,0.97832,0.8777149540001119,1139.322049194427,2026-08-18 17:50:53.726696,2026-08-18 17:50:54.604434,normal,max
usearch,pressure-interleaved,55,0.97832,0.8731416399996306,1145.289554625322,2026-08-18 17:50:54.652407,2026-08-18 17:50:55.525572,normal,max
usearch,pressure-interleaved,56,0.97832,0.8789360700002362,1137.739175955916,2026-08-18 17:50:55.572971,2026-08-18 17:50:56.451932,normal,max
usearch,pressure-interleaved,57,0.97832,0.8765791680002621,1140.7982718563771,2026-08-18 17:50:56.499906,2026-08-18 17:50:57.376509,normal,max
usearch,pressure-interleaved,58,0.97832,0.8747760289998041,1143.1497513064844,2026-08-18 17:50:57.424413,2026-08-18 17:50:58.299220,normal,max
usearch,pressure-interleaved,59,0.97832,0.8776142680003431,1139.4527601271964,2026-08-18 17:50:58.347494,2026-08-18 17:50:59.225133,4G,4G
usearch,pressure-interleaved,60,0.97832,0.8733307150000655,1145.041600878454,2026-08-18 17:50:59.272964,2026-08-18 17:51:00.146319,4G,4G
usearch,pressure-interleaved,61,0.97832,0.8769290489999548,1140.343111156364,2026-08-18 17:51:00.194519,2026-08-18 17:51:01.071473,4G,4G
usearch,pressure-interleaved,62,0.97832,0.8767520800001876,1140.5732849812982,2026-08-18 17:51:01.119148,2026-08-18 17:51:01.995925,4G,4G
usearch,pressure-interleaved,63,0.97832,0.8796796619999441,1136.7774466065391,2026-08-18 17:51:02.044039,2026-08-18 17:51:02.923743,4G,4G
usearch,pressure-interleaved,64,0.97832,0.867105027999969,1153.2628317316546,2026-08-18 17:51:02.971705,2026-08-18 17:51:03.838833,4G,4G
usearch,pressure-interleaved,65,0.97832,0.87249274099986,1146.1413407910063,2026-08-18 17:51:03.886807,2026-08-18 17:51:04.759323,4G,4G
usearch,pressure-interleaved,66,0.97832,0.8655429640002694,1155.3441499637547,2026-08-18 17:51:04.807234,2026-08-18 17:51:05.672802,4G,4G
usearch,pressure-interleaved,67,0.97832,0.8784978290000254,1138.3067401979556,2026-08-18 17:51:05.720973,2026-08-18 17:51:06.599503,4G,4G
usearch,pressure-interleaved,68,0.97832,0.8774397759998465,1139.6793573216985,2026-08-18 17:51:06.647361,2026-08-18 17:51:07.524825,4G,4G
usearch,pressure-interleaved,69,0.97832,0.8732939960000294,1145.0897459278608,2026-08-18 17:51:07.572521,2026-08-18 17:51:08.445838,4G,4G
usearch,pressure-interleaved,70,0.97832,0.8742158710001604,1143.8822299759147,2026-08-18 17:51:08.494044,2026-08-18 17:51:09.368284,4G,4G
usearch,pressure-interleaved,71,0.97832,0.861628046000078,1160.5936049114046,2026-08-18 17:51:09.416219,2026-08-18 17:51:10.277877,4G,4G
usearch,pressure-interleaved,72,0.97832,0.8735526270002083,1144.7507214694251,2026-08-18 17:51:10.325835,2026-08-18 17:51:11.199411,4G,4G
usearch,pressure-interleaved,73,0.97832,0.871502590000091,1147.4435205062275,2026-08-18 17:51:11.247404,2026-08-18 17:51:12.118930,4G,4G
usearch,pressure-interleaved,74,0.97832,0.8706764039998234,1148.5323311922473,2026-08-18 17:51:12.166795,2026-08-18 17:51:13.037496,4G,4G
usearch,pressure-interleaved,75,0.97832,0.8715096419996371,1147.4342357309415,2026-08-18 17:51:13.085745,2026-08-18 17:51:13.957277,4G,4G
usearch,pressure-interleaved,76,0.97832,0.8690310500001033,1150.7068706001714,2026-08-18 17:51:14.005300,2026-08-18 17:51:14.874353,4G,4G
usearch,pressure-interleaved,77,0.97832,0.8751358730000902,1142.6797036348855,2026-08-18 17:51:14.922470,2026-08-18 17:51:15.797629,4G,4G
usearch,pressure-interleaved,78,0.97832,0.8665099129998453,1154.0548873099603,2026-08-18 17:51:15.845199,2026-08-18 17:51:16.711734,4G,4G
usearch,pressure-interleaved,79,0.97832,0.8621118870000828,1159.942247728112,2026-08-18 17:51:16.759475,2026-08-18 17:51:17.621610,4G,4G
usearch,pressure-interleaved,80,0.97832,0.8785503200001585,1138.2387294558375,2026-08-18 17:51:17.669769,2026-08-18 17:51:18.548345,4G,4G
usearch,pressure-interleaved,81,0.97832,0.8785340879999239,1138.259759819458,2026-08-18 17:51:18.596352,2026-08-18 17:51:19.474909,4G,4G
usearch,pressure-interleaved,82,0.97832,0.8778471840000748,1139.1504332716693,2026-08-18 17:51:19.523148,2026-08-18 17:51:20.401021,4G,4G
usearch,pressure-interleaved,83,0.97832,0.8745496709998406,1143.4456305457604,2026-08-18 17:51:20.449302,2026-08-18 17:51:21.323874,4G,4G
usearch,pressure-interleaved,84,0.97832,0.8779336809998313,1139.0382003127547,2026-08-18 17:51:21.372322,2026-08-18 17:51:22.250279,4G,4G
usearch,pressure-interleaved,85,0.97832,0.8745990279999205,1143.3811014938503,2026-08-18 17:51:22.298774,2026-08-18 17:51:23.173397,4G,4G
usearch,pressure-interleaved,86,0.97832,0.874652807000075,1143.3107994357747,2026-08-18 17:51:23.222169,2026-08-18 17:51:24.096845,4G,4G
usearch,pressure-interleaved,87,0.97832,0.8748753150002813,1143.020019943846,2026-08-18 17:51:24.145146,2026-08-18 17:51:25.020044,4G,4G
usearch,pressure-interleaved,88,0.97832,0.8651775810003528,1155.8320765128474,2026-08-18 17:51:25.068417,2026-08-18 17:51:25.933618,4G,4G
usearch,pressure-interleaved,89,0.97832,0.8798631529998602,1136.54037743317,2026-08-18 17:51:25.982065,2026-08-18 17:51:26.861951,4G,4G
usearch,pressure-interleaved,90,0.97832,0.8812619450000057,1134.7363921404703,2026-08-18 17:51:26.910555,2026-08-18 17:51:27.791840,4G,4G
usearch,pressure-interleaved,91,0.97832,0.8776004549999925,1139.470694554287,2026-08-18 17:51:27.840156,2026-08-18 17:51:28.717778,4G,4G
usearch,pressure-interleaved,92,0.97832,0.8739151649997439,1144.2758291078435,2026-08-18 17:51:28.766048,2026-08-18 17:51:29.639986,4G,4G
usearch,pressure-interleaved,93,0.97832,0.8827169149999463,1132.8660219455076,2026-08-18 17:51:29.688355,2026-08-18 17:51:30.571095,4G,4G
usearch,pressure-interleaved,94,0.97832,0.8703817509999681,1148.9211473598975,2026-08-18 17:51:30.619356,2026-08-18 17:51:31.489760,4G,4G
usearch,pressure-interleaved,95,0.97832,0.8772033109999029,1139.9865771825737,2026-08-18 17:51:31.537915,2026-08-18 17:51:32.415140,4G,4G
usearch,pressure-interleaved,96,0.97832,0.8720471309998175,1146.7270110200147,2026-08-18 17:51:32.463174,2026-08-18 17:51:33.335245,4G,4G
usearch,pressure-interleaved,97,0.97832,0.8771442600000228,1140.06332322117,2026-08-18 17:51:33.383414,2026-08-18 17:51:34.260581,4G,4G
usearch,pressure-interleaved,98,0.97832,0.8657323020001968,1155.0914730680486,2026-08-18 17:51:34.308931,2026-08-18 17:51:35.174684,4G,4G
usearch,pressure-interleaved,99,0.97832,0.8723527460001606,1146.325273331364,2026-08-18 17:51:35.223147,2026-08-18 17:51:36.095523,4G,4G
usearch,pressure-interleaved,100,0.97832,0.8805085669996515,1135.70729176153,2026-08-18 17:51:36.143879,2026-08-18 17:51:37.024409,4G,4G
usearch,pressure-interleaved,101,0.97832,0.8816360809996695,1134.2548490825377,2026-08-18 17:51:37.072949,2026-08-18 17:51:37.954609,4G,4G
usearch,pressure-interleaved,102,0.97832,0.8724663099997088,1146.176062661186,2026-08-18 17:51:38.002868,2026-08-18 17:51:38.875356,4G,4G
usearch,pressure-interleaved,103,0.97832,0.8708765540000059,1148.2683686992373,2026-08-18 17:51:38.924076,2026-08-18 17:51:39.794975,4G,4G
usearch,pressure-interleaved,104,0.97832,0.8745761979998861,1143.410948396437,2026-08-18 17:51:39.843337,2026-08-18 17:51:40.717936,4G,4G
usearch,pressure-interleaved,105,0.97832,0.8797612329999538,1136.6720451980325,2026-08-18 17:51:40.766521,2026-08-18 17:51:41.646304,4G,4G
usearch,pressure-interleaved,106,0.97832,0.8757423540000673,1141.8883595527495,2026-08-18 17:51:41.694563,2026-08-18 17:51:42.570327,4G,4G
usearch,pressure-interleaved,107,0.97832,0.8726665119997961,1145.9131137144332,2026-08-18 17:51:42.618936,2026-08-18 17:51:43.491625,4G,4G
usearch,pressure-interleaved,108,0.97832,0.8733749190000708,1144.9836470514892,2026-08-18 17:51:43.540059,2026-08-18 17:51:44.413457,4G,4G
usearch,pressure-interleaved,109,0.97832,0.868110574000184,1151.926989429561,2026-08-18 17:51:44.461860,2026-08-18 17:51:45.329992,4G,4G
usearch,pressure-interleaved,110,0.97832,0.8708295980000003,1148.3302844743223,2026-08-18 17:51:45.378054,2026-08-18 17:51:46.248904,4G,4G
usearch,pressure-interleaved,111,0.97832,0.880223517000104,1136.075077166885,2026-08-18 17:51:46.297102,2026-08-18 17:51:47.177349,4G,4G
usearch,pressure-interleaved,112,0.97832,0.8739739319998989,1144.1988867010232,2026-08-18 17:51:47.225597,2026-08-18 17:51:48.099595,4G,4G
usearch,pressure-interleaved,113,0.97832,0.8812614619996566,1134.7370140649468,2026-08-18 17:51:48.148127,2026-08-18 17:51:49.029412,4G,4G
usearch,pressure-interleaved,114,0.97832,0.88605114100028,1128.603027214751,2026-08-18 17:51:49.077851,2026-08-18 17:51:49.963925,4G,4G
usearch,pressure-interleaved,115,0.97832,0.8708919629998491,1148.248051980442,2026-08-18 17:51:50.012195,2026-08-18 17:51:50.883109,4G,4G
usearch,pressure-interleaved,116,0.97832,0.8730327550001675,1145.4323956033106,2026-08-18 17:51:50.931196,2026-08-18 17:51:51.804252,4G,4G
usearch,pressure-interleaved,117,0.97832,0.8703289250001944,1148.9908829581605,2026-08-18 17:51:51.852640,2026-08-18 17:51:52.722991,4G,4G
usearch,pressure-interleaved,118,0.97832,0.8702006889998302,1149.1602025153018,2026-08-18 17:51:52.771276,2026-08-18 17:51:53.641501,4G,4G
usearch,pressure-interleaved,119,0.97832,0.8831993909998346,1132.247157539296,2026-08-18 17:51:53.689725,2026-08-18 17:51:54.572948,4G,4G
usearch,pressure-interleaved,120,0.97832,0.8786030510000273,1138.1704159367514,2026-08-18 17:51:54.621162,2026-08-18 17:51:55.499788,4G,4G
usearch,pressure-interleaved,121,0.97832,0.8567962470001476,1167.1386324359423,2026-08-18 17:51:55.548096,2026-08-18 17:51:56.404916,4G,4G
usearch,pressure-interleaved,122,0.97832,0.8690724329999284,1150.6520768909056,2026-08-18 17:51:56.452910,2026-08-18 17:51:57.322006,4G,4G
usearch,pressure-interleaved,123,0.97832,0.8796923240001888,1136.7610842081024,2026-08-18 17:51:57.370211,2026-08-18 17:51:58.249926,4G,4G
usearch,pressure-interleaved,124,0.97832,0.8804604129995823,1135.7694056830633,2026-08-18 17:51:58.298183,2026-08-18 17:51:59.178665,3G,3G
usearch,pressure-interleaved,125,0.97832,0.8721957790003216,1146.5315747642835,2026-08-18 17:51:59.226647,2026-08-18 17:52:00.098865,3G,3G
usearch,pressure-interleaved,126,0.97832,0.8757342950002567,1141.898867852043,2026-08-18 17:52:00.147243,2026-08-18 17:52:01.023003,3G,3G
usearch,pressure-interleaved,127,0.97832,0.8781777159997546,1138.7216753291875,2026-08-18 17:52:01.071698,2026-08-18 17:52:01.949899,3G,3G
usearch,pressure-interleaved,128,0.97832,0.8773700699998699,1139.7699034800085,2026-08-18 17:52:01.997960,2026-08-18 17:52:02.875353,3G,3G
usearch,pressure-interleaved,129,0.97832,0.8744617679999465,1143.5605724503912,2026-08-18 17:52:02.923675,2026-08-18 17:52:03.798159,3G,3G
usearch,pressure-interleaved,130,0.97832,0.8718351190000249,1147.005870957547,2026-08-18 17:52:03.846644,2026-08-18 17:52:04.718502,3G,3G
usearch,pressure-interleaved,131,0.97832,0.8761550660001376,1141.3504741406618,2026-08-18 17:52:04.766049,2026-08-18 17:52:05.642227,3G,3G
usearch,pressure-interleaved,132,0.97832,0.8708381050000753,1148.3190667224117,2026-08-18 17:52:05.690797,2026-08-18 17:52:06.561658,3G,3G
usearch,pressure-interleaved,133,0.97832,0.8727736460000415,1145.7724515205543,2026-08-18 17:52:06.609482,2026-08-18 17:52:07.482278,3G,3G
usearch,pressure-interleaved,134,0.97832,0.8683414560000529,1151.620705299989,2026-08-18 17:52:07.530722,2026-08-18 17:52:08.399087,3G,3G
usearch,pressure-interleaved,135,0.97832,0.8732841420001023,1145.1026669391676,2026-08-18 17:52:08.446788,2026-08-18 17:52:09.320095,3G,3G
usearch,pressure-interleaved,136,0.97832,0.8663669799998388,1154.2452829864153,2026-08-18 17:52:09.368475,2026-08-18 17:52:10.234864,3G,3G
usearch,pressure-interleaved,137,0.97832,0.884982107000269,1129.9663485735266,2026-08-18 17:52:10.283068,2026-08-18 17:52:11.168073,3G,3G
usearch,pressure-interleaved,138,0.97832,0.8645633529999941,1156.6532360295485,2026-08-18 17:52:11.216533,2026-08-18 17:52:12.081119,3G,3G
usearch,pressure-interleaved,139,0.97832,0.8712541790000614,1147.7706782970042,2026-08-18 17:52:12.129513,2026-08-18 17:52:13.000791,3G,3G
usearch,pressure-interleaved,140,0.97832,0.8675697929998023,1152.6450183820864,2026-08-18 17:52:13.049263,2026-08-18 17:52:13.916856,3G,3G
usearch,pressure-interleaved,141,0.97832,0.8780075419999775,1138.942380520036,2026-08-18 17:52:13.965209,2026-08-18 17:52:14.843241,3G,3G
usearch,pressure-interleaved,142,0.97832,0.8761799859998973,1141.3180122561223,2026-08-18 17:52:14.891728,2026-08-18 17:52:15.767931,3G,3G
usearch,pressure-interleaved,143,0.97832,0.873716062999847,1144.5365861382534,2026-08-18 17:52:15.816627,2026-08-18 17:52:16.690366,3G,3G
usearch,pressure-interleaved,144,0.97832,0.8727534619997641,1145.798949578123,2026-08-18 17:52:16.738852,2026-08-18 17:52:17.611631,3G,3G
usearch,pressure-interleaved,145,0.97832,0.8612819579998359,1161.059964987901,2026-08-18 17:52:17.664997,2026-08-18 17:52:18.526303,3G,3G
usearch,pressure-interleaved,146,0.97832,0.8719150279998757,1146.9007505168754,2026-08-18 17:52:18.574878,2026-08-18 17:52:19.446817,3G,3G
usearch,pressure-interleaved,147,0.97832,0.8765413169999192,1140.8475340587877,2026-08-18 17:52:19.495193,2026-08-18 17:52:20.371758,3G,3G
usearch,pressure-interleaved,148,0.97832,0.8786658280000665,1138.0890984187954,2026-08-18 17:52:20.420134,2026-08-18 17:52:21.298825,3G,3G
usearch,pressure-interleaved,149,0.97832,0.89104143700024,1122.282262614607,2026-08-18 17:52:21.347182,2026-08-18 17:52:22.238247,3G,3G
usearch,pressure-interleaved,150,0.97832,0.8805918269999893,1135.5999105815142,2026-08-18 17:52:22.286667,2026-08-18 17:52:23.167282,3G,3G
usearch,pressure-interleaved,151,0.97832,0.8722111319998476,1146.5113930696482,2026-08-18 17:52:23.215755,2026-08-18 17:52:24.087991,3G,3G
usearch,pressure-interleaved,152,0.97832,0.8781486210000367,1138.7594036886362,2026-08-18 17:52:24.136196,2026-08-18 17:52:25.014370,3G,3G
usearch,pressure-interleaved,153,0.97832,0.8662761259997751,1154.3663388459347,2026-08-18 17:52:25.063009,2026-08-18 17:52:25.929310,3G,3G
usearch,pressure-interleaved,154,0.97832,0.8746609330000865,1143.3001775556622,2026-08-18 17:52:25.977588,2026-08-18 17:52:26.852272,3G,3G
usearch,pressure-interleaved,155,0.97832,0.874667036000119,1143.2922001645709,2026-08-18 17:52:26.900033,2026-08-18 17:52:27.774721,3G,3G
usearch,pressure-interleaved,156,0.97832,0.8737322920001134,1144.5153271270765,2026-08-18 17:52:27.822414,2026-08-18 17:52:28.696170,3G,3G
usearch,pressure-interleaved,157,0.97832,0.871224957999857,1147.8091746772068,2026-08-18 17:52:28.744616,2026-08-18 17:52:29.615863,3G,3G
usearch,pressure-interleaved,158,0.97832,0.8729069460000574,1145.5974827355014,2026-08-18 17:52:29.664190,2026-08-18 17:52:30.537120,3G,3G
usearch,pressure-interleaved,159,0.97832,0.8704204260002371,1148.8700978620277,2026-08-18 17:52:30.585713,2026-08-18 17:52:31.456157,3G,3G
usearch,pressure-interleaved,160,0.97832,0.867996573000255,1152.07828130412,2026-08-18 17:52:31.504379,2026-08-18 17:52:32.372399,3G,3G
usearch,pressure-interleaved,161,0.97832,0.8712070410001616,1147.8327801988169,2026-08-18 17:52:32.420822,2026-08-18 17:52:33.292050,3G,3G
usearch,pressure-interleaved,162,0.97832,0.875604604000273,1142.0680012775358,2026-08-18 17:52:33.340225,2026-08-18 17:52:34.215857,3G,3G
usearch,pressure-interleaved,163,0.97832,0.8729842060001829,1145.4960961799927,2026-08-18 17:52:34.263436,2026-08-18 17:52:35.136443,3G,3G
usearch,pressure-interleaved,164,0.97832,0.8835391679999702,1131.811736500213,2026-08-18 17:52:35.184767,2026-08-18 17:52:36.068330,3G,3G
usearch,pressure-interleaved,165,0.97832,0.8604605150003408,1162.168376778572,2026-08-18 17:52:36.116954,2026-08-18 17:52:36.977440,3G,3G
usearch,pressure-interleaved,166,0.97832,0.8740336969999589,1144.1206482454954,2026-08-18 17:52:37.025784,2026-08-18 17:52:37.899842,3G,3G
usearch,pressure-interleaved,167,0.97832,0.8824842560002253,1133.1646918353008,2026-08-18 17:52:37.948137,2026-08-18 17:52:38.830643,3G,3G
usearch,pressure-interleaved,168,0.97832,0.8768230879995826,1140.4809176289343,2026-08-18 17:52:38.878777,2026-08-18 17:52:39.755621,3G,3G
usearch,pressure-interleaved,169,0.97832,0.8832416770001146,1132.1929501746897,2026-08-18 17:52:39.804098,2026-08-18 17:52:40.687363,3G,3G
usearch,pressure-interleaved,170,0.97832,0.8765086790003807,1140.8900150771533,2026-08-18 17:52:40.735692,2026-08-18 17:52:41.612224,3G,3G
usearch,pressure-interleaved,171,0.97832,0.87931156500008,1137.2533238544509,2026-08-18 17:52:41.660660,2026-08-18 17:52:42.539996,3G,3G
usearch,pressure-interleaved,172,0.97832,0.8700469890000022,1149.363209853023,2026-08-18 17:52:42.588452,2026-08-18 17:52:43.458525,3G,3G
usearch,pressure-interleaved,173,0.97832,0.8738039750001008,1144.4214361692332,2026-08-18 17:52:43.506808,2026-08-18 17:52:44.380635,3G,3G
usearch,pressure-interleaved,174,0.97832,0.8766244700000243,1140.7393179430323,2026-08-18 17:52:44.428779,2026-08-18 17:52:45.305426,3G,3G
usearch,pressure-interleaved,175,0.97832,0.8807232340000155,1135.4304750860954,2026-08-18 17:52:45.353829,2026-08-18 17:52:46.234576,3G,3G
usearch,pressure-interleaved,176,0.97832,0.8736788630003502,1144.5853188731649,2026-08-18 17:52:46.283065,2026-08-18 17:52:47.156768,3G,3G
usearch,pressure-interleaved,177,0.97832,0.8767418589995941,1140.586581711805,2026-08-18 17:52:47.205057,2026-08-18 17:52:48.081823,3G,3G
usearch,pressure-interleaved,178,0.97832,0.8716275299998415,1147.279044754566,2026-08-18 17:52:48.130188,2026-08-18 17:52:49.001838,3G,3G
usearch,pressure-interleaved,179,0.97832,0.8861589129996901,1128.4657698865235,2026-08-18 17:52:49.050468,2026-08-18 17:52:49.936650,3G,3G
usearch,pressure-interleaved,180,0.97832,0.8834184860002097,1131.9663509959228,2026-08-18 17:52:49.984097,2026-08-18 17:52:50.867540,3G,3G
usearch,pressure-interleaved,181,0.97832,0.8838331679999101,1131.4352484224737,2026-08-18 17:52:50.915879,2026-08-18 17:52:51.799735,3G,3G
usearch,pressure-interleaved,182,0.97832,0.8835134450000623,1131.8446885660346,2026-08-18 17:52:51.848069,2026-08-18 17:52:52.731605,3G,3G
usearch,pressure-interleaved,183,0.97832,0.8832969860000048,1132.122056171031,2026-08-18 17:52:52.780177,2026-08-18 17:52:53.663497,3G,3G
usearch,pressure-interleaved,184,0.97832,0.8785148360002495,1138.2847039360825,2026-08-18 17:52:53.711638,2026-08-18 17:52:54.590176,3G,3G
usearch,pressure-interleaved,185,0.97832,0.8797271210000872,1136.7161204069562,2026-08-18 17:52:54.638259,2026-08-18 17:52:55.518009,3G,3G
usearch,pressure-interleaved,186,0.97832,0.8780799170003775,1138.848504149959,2026-08-18 17:52:55.566319,2026-08-18 17:52:56.444421,3G,3G
usearch,pressure-interleaved,187,0.97832,0.8859694960001434,1128.7070316920235,2026-08-18 17:52:56.492848,2026-08-18 17:52:57.378840,3G,3G
usearch,pressure-interleaved,188,0.97832,0.8708912150000288,1148.2490381992968,2026-08-18 17:52:57.426986,2026-08-18 17:52:58.297901,3G,3G
usearch,pressure-interleaved,189,0.97832,0.8789009770002849,1137.7846039186686,2026-08-18 17:52:58.346113,2026-08-18 17:52:59.225037,2.5G,2560M
usearch,pressure-interleaved,190,0.97832,0.869656727000347,1149.8789912765212,2026-08-18 17:52:59.273233,2026-08-18 17:53:00.142912,2.5G,2560M
usearch,pressure-interleaved,191,0.97832,0.8777869470000041,1139.2286060047727,2026-08-18 17:53:00.191280,2026-08-18 17:53:01.069090,2.5G,2560M
usearch,pressure-interleaved,192,0.97832,0.8711910129995886,1147.8538978001054,2026-08-18 17:53:01.117246,2026-08-18 17:53:01.988461,2.5G,2560M
usearch,pressure-interleaved,193,0.97832,0.8693473789999189,1150.288163461632,2026-08-18 17:53:02.036588,2026-08-18 17:53:02.905959,2.5G,2560M
usearch,pressure-interleaved,194,0.97832,0.8778856609997092,1139.100505253988,2026-08-18 17:53:02.954066,2026-08-18 17:53:03.831972,2.5G,2560M
usearch,pressure-interleaved,195,0.97832,0.8676952229998278,1152.4783973602655,2026-08-18 17:53:03.880326,2026-08-18 17:53:04.748044,2.5G,2560M
usearch,pressure-interleaved,196,0.97832,0.8770849279999311,1140.140444871581,2026-08-18 17:53:04.796047,2026-08-18 17:53:05.673155,2.5G,2560M
usearch,pressure-interleaved,197,0.97832,0.8687948829997367,1151.0196705432288,2026-08-18 17:53:05.721247,2026-08-18 17:53:06.590066,2.5G,2560M
usearch,pressure-interleaved,198,0.97832,0.8767379030000484,1140.591728244176,2026-08-18 17:53:06.637438,2026-08-18 17:53:07.514200,2.5G,2560M
usearch,pressure-interleaved,199,0.97832,0.878116627000054,1138.8008941549613,2026-08-18 17:53:07.562459,2026-08-18 17:53:08.440600,2.5G,2560M
usearch,pressure-interleaved,200,0.97832,0.8613376130001598,1160.9849435424742,2026-08-18 17:53:08.488562,2026-08-18 17:53:09.349924,2.5G,2560M
usearch,pressure-interleaved,201,0.97832,0.873134157000095,1145.2993700713637,2026-08-18 17:53:09.397863,2026-08-18 17:53:10.271021,2.5G,2560M
usearch,pressure-interleaved,202,0.97832,0.8819867520001026,1133.8038782694591,2026-08-18 17:53:10.318981,2026-08-18 17:53:11.200991,2.5G,2560M
usearch,pressure-interleaved,203,0.97832,0.8727769319998515,1145.7681376942833,2026-08-18 17:53:11.249057,2026-08-18 17:53:12.121858,2.5G,2560M
usearch,pressure-interleaved,204,0.97832,0.8902581189995544,1123.2697334159336,2026-08-18 17:53:12.169912,2026-08-18 17:53:13.060197,2.5G,2560M
usearch,pressure-interleaved,205,0.97832,0.8789488410002377,1137.7226447696396,2026-08-18 17:53:13.108590,2026-08-18 17:53:13.987560,2.5G,2560M
usearch,pressure-interleaved,206,0.97832,0.870129248000012,1149.25455304312,2026-08-18 17:53:14.035729,2026-08-18 17:53:14.905881,2.5G,2560M
usearch,pressure-interleaved,207,0.97832,0.8732207079997352,1145.185851456357,2026-08-18 17:53:14.953673,2026-08-18 17:53:15.826916,2.5G,2560M
usearch,pressure-interleaved,208,0.97832,0.8757425590001731,1141.8880922513238,2026-08-18 17:53:15.875019,2026-08-18 17:53:16.750784,2.5G,2560M
usearch,pressure-interleaved,209,0.97832,0.8752891499998441,1142.4796023121935,2026-08-18 17:53:16.798949,2026-08-18 17:53:17.674260,2.5G,2560M
usearch,pressure-interleaved,210,0.97832,0.8750137340002766,1142.8392048526223,2026-08-18 17:53:17.722504,2026-08-18 17:53:18.597540,2.5G,2560M
usearch,pressure-interleaved,211,0.97832,0.8814683809996495,1134.4706418918022,2026-08-18 17:53:18.645705,2026-08-18 17:53:19.527196,2.5G,2560M
usearch,pressure-interleaved,212,0.97832,0.8785129719999532,1138.2871191116042,2026-08-18 17:53:19.575388,2026-08-18 17:53:20.453924,2.5G,2560M
usearch,pressure-interleaved,213,0.97832,0.879097265999917,1137.5305539854726,2026-08-18 17:53:20.502063,2026-08-18 17:53:21.381184,2.5G,2560M
usearch,pressure-interleaved,214,0.97832,0.8731092279999757,1145.3320706398808,2026-08-18 17:53:21.429367,2026-08-18 17:53:22.302498,2.5G,2560M
usearch,pressure-interleaved,215,0.97832,0.8730226729999231,1145.4456234953798,2026-08-18 17:53:22.350580,2026-08-18 17:53:23.223625,2.5G,2560M
usearch,pressure-interleaved,216,0.97832,0.872659350000049,1145.9225183342662,2026-08-18 17:53:23.272243,2026-08-18 17:53:24.144926,2.5G,2560M
usearch,pressure-interleaved,217,0.97832,0.8739055850001023,1144.2883729824005,2026-08-18 17:53:24.193097,2026-08-18 17:53:25.067024,2.5G,2560M
usearch,pressure-interleaved,218,0.97832,0.8729301700000178,1145.5670045176462,2026-08-18 17:53:25.115377,2026-08-18 17:53:25.988332,2.5G,2560M
usearch,pressure-interleaved,219,0.97832,0.8636942190000809,1157.8171741819965,2026-08-18 17:53:26.036481,2026-08-18 17:53:26.900198,2.5G,2560M
usearch,pressure-interleaved,220,0.97832,0.8679242840003099,1152.1742373550676,2026-08-18 17:53:26.948254,2026-08-18 17:53:27.816211,2.5G,2560M
usearch,pressure-interleaved,221,0.97832,0.8671371179998459,1153.220153124823,2026-08-18 17:53:27.864490,2026-08-18 17:53:28.731653,2.5G,2560M
usearch,pressure-interleaved,222,0.97832,0.8695073650001177,1150.0765148778985,2026-08-18 17:53:28.779811,2026-08-18 17:53:29.649341,2.5G,2560M
usearch,pressure-interleaved,223,0.97832,0.8684440100000757,1151.4847111443753,2026-08-18 17:53:29.697508,2026-08-18 17:53:30.565977,2.5G,2560M
usearch,pressure-interleaved,224,0.97832,0.8818657739998343,1133.9594181825996,2026-08-18 17:53:30.613955,2026-08-18 17:53:31.495845,2.5G,2560M
usearch,pressure-interleaved,225,0.97832,0.8821291829999609,1133.6208111823055,2026-08-18 17:53:31.543899,2026-08-18 17:53:32.426051,2.5G,2560M
usearch,pressure-interleaved,226,0.97832,0.8810141389999444,1135.0555635067544,2026-08-18 17:53:32.474275,2026-08-18 17:53:33.355310,2.5G,2560M
usearch,pressure-interleaved,227,0.97832,0.8815196699997614,1134.4046355769583,2026-08-18 17:53:33.403492,2026-08-18 17:53:34.285034,2.5G,2560M
usearch,pressure-interleaved,228,0.97832,0.8789331379998657,1137.7429712977244,2026-08-18 17:53:34.333064,2026-08-18 17:53:35.212020,2.5G,2560M
usearch,pressure-interleaved,229,0.97832,0.8721680469998319,1146.5680305990306,2026-08-18 17:53:35.260159,2026-08-18 17:53:36.132350,2.5G,2560M
usearch,pressure-interleaved,230,0.97832,0.8718329609996545,1147.0087100783476,2026-08-18 17:53:36.180200,2026-08-18 17:53:37.052056,2.5G,2560M
usearch,pressure-interleaved,231,0.97832,0.8694897340001262,1150.0998354511394,2026-08-18 17:53:37.100491,2026-08-18 17:53:37.970004,2.5G,2560M
usearch,pressure-interleaved,232,0.97832,0.8640707589997874,1157.3126269861957,2026-08-18 17:53:38.017355,2026-08-18 17:53:38.881449,2.5G,2560M
usearch,pressure-interleaved,233,0.97832,0.8743171510000138,1143.7497238344629,2026-08-18 17:53:38.929513,2026-08-18 17:53:39.803855,2.5G,2560M
usearch,pressure-interleaved,234,0.97832,0.8692656559996976,1150.396306466234,2026-08-18 17:53:39.852077,2026-08-18 17:53:40.721365,2.5G,2560M
usearch,pressure-interleaved,235,0.97832,0.8850633849997394,1129.8625804074975,2026-08-18 17:53:40.769707,2026-08-18 17:53:41.654793,2.5G,2560M
usearch,pressure-interleaved,236,0.97832,0.8807006529996215,1135.4595873115925,2026-08-18 17:53:41.702759,2026-08-18 17:53:42.583483,2.5G,2560M
usearch,pressure-interleaved,237,0.97832,0.87053198600006,1148.7228684092615,2026-08-18 17:53:42.631745,2026-08-18 17:53:43.502299,2.5G,2560M
usearch,pressure-interleaved,238,0.97832,0.8706010619998779,1148.6317254229818,2026-08-18 17:53:43.550501,2026-08-18 17:53:44.421125,2.5G,2560M
usearch,pressure-interleaved,239,0.97832,0.8714909459999944,1147.4588515117016,2026-08-18 17:53:44.469446,2026-08-18 17:53:45.340960,2.5G,2560M
usearch,pressure-interleaved,240,0.97832,0.8619653800001288,1160.13940142219,2026-08-18 17:53:45.388987,2026-08-18 17:53:46.250974,2.5G,2560M
usearch,pressure-interleaved,241,0.97832,0.8782661229997757,1138.607050656166,2026-08-18 17:53:46.299228,2026-08-18 17:53:47.177517,2.5G,2560M
usearch,pressure-interleaved,242,0.97832,0.884476579999955,1130.6121864753625,2026-08-18 17:53:47.225726,2026-08-18 17:53:48.110225,2.5G,2560M
usearch,pressure-interleaved,243,0.97832,0.8717048850003266,1147.1772353319154,2026-08-18 17:53:48.158318,2026-08-18 17:53:49.030046,2.5G,2560M
usearch,pressure-interleaved,244,0.97832,0.8686828500003685,1151.1681161882912,2026-08-18 17:53:49.078191,2026-08-18 17:53:49.946897,2.5G,2560M
usearch,pressure-interleaved,245,0.97832,0.8749629999997524,1142.905471431687,2026-08-18 17:53:49.995137,2026-08-18 17:53:50.870123,2.5G,2560M
usearch,pressure-interleaved,246,0.97832,0.8764822910002295,1140.924363524577,2026-08-18 17:53:50.918340,2026-08-18 17:53:51.794844,2.5G,2560M
usearch,pressure-interleaved,247,0.97832,0.8801073419999739,1136.2250401497386,2026-08-18 17:53:51.842925,2026-08-18 17:53:52.723055,2.5G,2560M
usearch,pressure-interleaved,248,0.97832,0.8712677839998832,1147.7527556558134,2026-08-18 17:53:52.771181,2026-08-18 17:53:53.642471,2.5G,2560M
usearch,pressure-interleaved,249,0.97832,0.8783240920001845,1138.5319030959588,2026-08-18 17:53:53.690703,2026-08-18 17:53:54.569066,2.5G,2560M
usearch,pressure-interleaved,250,0.97832,0.8817878919999202,1134.0595726847318,2026-08-18 17:53:54.617359,2026-08-18 17:53:55.499169,2.5G,2560M
usearch,pressure-interleaved,251,0.97832,0.8786599760001081,1138.0966782534738,2026-08-18 17:53:55.547434,2026-08-18 17:53:56.426118,2.5G,2560M
usearch,pressure-interleaved,252,0.97832,0.8734787109997342,1144.8475932005906,2026-08-18 17:53:56.474248,2026-08-18 17:53:57.347749,2.5G,2560M
usearch,pressure-interleaved,253,0.97832,0.8701273969995782,1149.256997823831,2026-08-18 17:53:57.395848,2026-08-18 17:53:58.266001,2.5G,2560M
usearch,pressure-interleaved,254,0.97832,0.8793015290002586,1137.2663040140192,2026-08-18 17:53:58.314154,2026-08-18 17:53:59.193482,release,max
usearch,pressure-interleaved,255,0.97832,0.8866589389999717,1127.8293783716445,2026-08-18 17:53:59.241784,2026-08-18 17:54:00.128468,release,max
usearch,pressure-interleaved,256,0.97832,0.8679442680004286,1152.1477090963474,2026-08-18 17:54:00.176582,2026-08-18 17:54:01.044553,release,max
usearch,pressure-interleaved,257,0.97832,0.8739826420001009,1144.187483759986,2026-08-18 17:54:01.092314,2026-08-18 17:54:01.966321,release,max
usearch,pressure-interleaved,258,0.97832,0.8784460940000827,1138.373779370355,2026-08-18 17:54:02.014571,2026-08-18 17:54:02.893040,release,max
usearch,pressure-interleaved,259,0.97832,0.8744904540003517,1143.5230601151854,2026-08-18 17:54:02.941288,2026-08-18 17:54:03.815802,release,max
usearch,pressure-interleaved,260,0.97832,0.8762834730000577,1141.1832253053735,2026-08-18 17:54:03.863920,2026-08-18 17:54:04.740226,release,max
usearch,pressure-interleaved,261,0.97832,0.8675425270002961,1152.681244869577,2026-08-18 17:54:04.788377,2026-08-18 17:54:05.655941,release,max
usearch,pressure-interleaved,262,0.97832,0.8803808699999536,1135.8720232074702,2026-08-18 17:54:05.704200,2026-08-18 17:54:06.584604,release,max
usearch,pressure-interleaved,263,0.97832,0.8819379669998852,1133.866595404357,2026-08-18 17:54:06.632892,2026-08-18 17:54:07.514853,release,max
usearch,pressure-interleaved,264,0.97832,0.8726194199998645,1145.9749543508387,2026-08-18 17:54:07.562896,2026-08-18 17:54:08.435538,release,max
usearch,pressure-interleaved,265,0.97832,0.8700920309997855,1149.3037108395797,2026-08-18 17:54:08.483910,2026-08-18 17:54:09.354028,release,max
usearch,pressure-interleaved,266,0.97832,0.8738102399997842,1144.4132309553238,2026-08-18 17:54:09.402293,2026-08-18 17:54:10.276126,release,max
usearch,pressure-interleaved,267,0.97832,0.8706478899998729,1148.56994599751,2026-08-18 17:54:10.324437,2026-08-18 17:54:11.195107,release,max
usearch,pressure-interleaved,268,0.97832,0.8770464340000217,1140.190486197194,2026-08-18 17:54:11.243043,2026-08-18 17:54:12.120112,release,max
usearch,pressure-interleaved,269,0.97832,0.8711236690000987,1147.9426349967384,2026-08-18 17:54:12.168350,2026-08-18 17:54:13.039497,release,max
usearch,pressure-interleaved,270,0.97832,0.8744400529999439,1143.5889705295374,2026-08-18 17:54:13.087825,2026-08-18 17:54:13.962295,release,max
usearch,pressure-interleaved,271,0.97832,0.8676439179998852,1152.5465450218628,2026-08-18 17:54:14.010708,2026-08-18 17:54:14.878375,release,max
usearch,pressure-interleaved,272,0.97832,0.8670225139999275,1153.372587046896,2026-08-18 17:54:14.926610,2026-08-18 17:54:15.793656,release,max
usearch,pressure-interleaved,273,0.97832,0.8785385440000937,1138.2539864977095,2026-08-18 17:54:15.841862,2026-08-18 17:54:16.720425,release,max
usearch,pressure-interleaved,274,0.97832,0.8637267210001482,1157.7736055705846,2026-08-18 17:54:16.768678,2026-08-18 17:54:17.632430,release,max
usearch,pressure-interleaved,275,0.97832,0.8690901780000786,1150.6285829868273,2026-08-18 17:54:17.680910,2026-08-18 17:54:18.550024,release,max
usearch,pressure-interleaved,276,0.97832,0.8669019590001881,1153.5329798462055,2026-08-18 17:54:18.597709,2026-08-18 17:54:19.464634,release,max
usearch,pressure-interleaved,277,0.97832,0.8716942669998389,1147.1912089565055,2026-08-18 17:54:19.511860,2026-08-18 17:54:20.383577,release,max
usearch,pressure-interleaved,278,0.97832,0.8743195270003525,1143.7466156461546,2026-08-18 17:54:20.431840,2026-08-18 17:54:21.306184,release,max
usearch,pressure-interleaved,279,0.97832,0.8726509059997625,1145.933606582736,2026-08-18 17:54:21.354199,2026-08-18 17:54:22.226871,release,max
usearch,pressure-interleaved,280,0.97832,0.8753841259999717,1142.355647422412,2026-08-18 17:54:22.275069,2026-08-18 17:54:23.150477,release,max
usearch,pressure-interleaved,281,0.97832,0.8733375379997597,1145.0326551751575,2026-08-18 17:54:23.198679,2026-08-18 17:54:24.072041,release,max
usearch,pressure-interleaved,282,0.97832,0.8819353499998215,1133.8699599695176,2026-08-18 17:54:24.120566,2026-08-18 17:54:25.002525,release,max
usearch,pressure-interleaved,283,0.97832,0.866442411999742,1154.1447950268364,2026-08-18 17:54:25.050683,2026-08-18 17:54:25.917148,release,max
usearch,pressure-interleaved,284,0.97832,0.869004156000301,1150.7424827547702,2026-08-18 17:54:25.965415,2026-08-18 17:54:26.834442,release,max
usearch,pressure-interleaved,285,0.97832,0.8675648170001296,1152.6516294860892,2026-08-18 17:54:26.882583,2026-08-18 17:54:27.750171,release,max
usearch,pressure-interleaved,286,0.97832,0.8754002539999419,1142.33460115042,2026-08-18 17:54:27.798889,2026-08-18 17:54:28.674316,release,max
usearch,pressure-interleaved,287,0.97832,0.8677778719998059,1152.3686328800784,2026-08-18 17:54:28.722412,2026-08-18 17:54:29.590216,release,max
usearch,pressure-interleaved,288,0.97832,0.8760025390001829,1141.5492027469925,2026-08-18 17:54:29.638592,2026-08-18 17:54:30.514622,release,max
usearch,pressure-interleaved,289,0.97832,0.8669288179999057,1153.4972413388025,2026-08-18 17:54:30.562893,2026-08-18 17:54:31.429848,release,max
usearch,pressure-interleaved,290,0.97832,0.8651814459999514,1155.8269130982453,2026-08-18 17:54:31.478121,2026-08-18 17:54:32.343328,release,max
usearch,pressure-interleaved,291,0.97832,0.8676599230002466,1152.525284955124,2026-08-18 17:54:32.391525,2026-08-18 17:54:33.259211,release,max
usearch,pressure-interleaved,292,0.97832,0.9014208140001756,1109.3597845409915,2026-08-18 17:54:33.307848,2026-08-18 17:54:34.209292,release,max
usearch,pressure-interleaved,293,0.97832,0.8838947559997905,1131.356412301463,2026-08-18 17:54:34.256723,2026-08-18 17:54:35.140645,release,max
usearch,pressure-interleaved,294,0.97832,0.8684307759999683,1151.5022585980262,2026-08-18 17:54:35.188776,2026-08-18 17:54:36.057229,release,max
usearch,pressure-interleaved,295,0.97832,0.8730676850000236,1145.3865687400546,2026-08-18 17:54:36.105745,2026-08-18 17:54:36.978837,release,max
usearch,pressure-interleaved,296,0.97832,0.8676201950001996,1152.5780586513088,2026-08-18 17:54:37.027057,2026-08-18 17:54:37.894700,release,max
usearch,pressure-interleaved,297,0.97832,0.8719155379999393,1146.9000796727053,2026-08-18 17:54:37.942865,2026-08-18 17:54:38.814802,release,max
usearch,pressure-interleaved,298,0.97832,0.8667126119999011,1153.7849872664758,2026-08-18 17:54:38.862903,2026-08-18 17:54:39.729638,release,max
usearch,pressure-interleaved,299,0.97832,0.8852607069998157,1129.6107373714128,2026-08-18 17:54:39.777855,2026-08-18 17:54:40.663140,release,max
usearch,pressure-interleaved,300,0.97832,0.8732877850002296,1145.0978900383188,2026-08-18 17:54:40.711161,2026-08-18 17:54:41.584473,release,max
usearch,pressure-interleaved,301,0.97832,0.8862200959997608,1128.3878626921476,2026-08-18 17:54:41.632965,2026-08-18 17:54:42.519209,release,max
usearch,pressure-interleaved,302,0.97832,0.8681067610000355,1151.932049058145,2026-08-18 17:54:42.568031,2026-08-18 17:54:43.436161,release,max
usearch,pressure-interleaved,303,0.97832,0.8744812320001074,1143.535119344765,2026-08-18 17:54:43.484378,2026-08-18 17:54:44.358880,release,max
usearch,pressure-interleaved,304,0.97832,0.8743062680000548,1143.7639607542392,2026-08-18 17:54:44.407038,2026-08-18 17:54:45.281367,release,max
usearch,pressure-interleaved,305,0.97832,0.8712597260000621,1147.7633708503688,2026-08-18 17:54:45.329597,2026-08-18 17:54:46.200879,release,max
usearch,pressure-interleaved,306,0.97832,0.8766583159999755,1140.695276311082,2026-08-18 17:54:46.249225,2026-08-18 17:54:47.125907,release,max
usearch,pressure-interleaved,307,0.97832,0.8679631850000078,1152.1225983795512,2026-08-18 17:54:47.173614,2026-08-18 17:54:48.041600,release,max
usearch,pressure-interleaved,308,0.97832,0.894035657999666,1118.5236193346257,2026-08-18 17:54:48.089973,2026-08-18 17:54:48.984031,release,max
usearch,pressure-interleaved,309,0.97832,0.8585951309996744,1164.6933040904692,2026-08-18 17:54:49.032458,2026-08-18 17:54:49.891076,release,max
usearch,pressure-interleaved,310,0.97832,0.867846401999941,1152.2776354151065,2026-08-18 17:54:49.939304,2026-08-18 17:54:50.807173,release,max
usearch,pressure-interleaved,311,0.97832,0.8759793190001801,1141.579462334081,2026-08-18 17:54:50.855569,2026-08-18 17:54:51.731570,release,max
usearch,pressure-interleaved,312,0.97832,0.8696283670001321,1149.9164907069414,2026-08-18 17:54:51.779834,2026-08-18 17:54:52.649486,release,max
usearch,pressure-interleaved,313,0.97832,0.8748349540001072,1143.0727538121178,2026-08-18 17:54:52.697861,2026-08-18 17:54:53.572720,release,max
usearch,pressure-interleaved,314,0.97832,0.8672651090000727,1153.0499608740931,2026-08-18 17:54:53.621134,2026-08-18 17:54:54.488423,release,max
usearch,pressure-interleaved,315,0.97832,0.8651421220001794,1155.8794498273114,2026-08-18 17:54:54.536591,2026-08-18 17:54:55.401756,release,max
usearch,pressure-interleaved,316,0.97832,0.8859401939998861,1128.7443630761927,2026-08-18 17:54:55.449865,2026-08-18 17:54:56.335827,release,max
usearch,pressure-interleaved,317,0.97832,0.8775081110002247,1139.5906060174798,2026-08-18 17:54:56.384226,2026-08-18 17:54:57.261758,release,max
usearch,pressure-interleaved,318,0.97832,0.8747792540002592,1143.1455369193102,2026-08-18 17:54:57.310075,2026-08-18 17:54:58.184878,release,max
usearch,pressure-interleaved,319,0.97832,0.8641064439998445,1157.264833451676,2026-08-18 17:54:58.233258,2026-08-18 17:54:59.097387,,
usearch,pressure-interleaved,320,0.97832,0.8704076480003096,1148.886963823696,2026-08-18 17:54:59.145756,2026-08-18 17:55:00.016185,,
usearch,pressure-interleaved,321,0.97832,0.8706286599999657,1148.595315022181,2026-08-18 17:55:00.064845,2026-08-18 17:55:00.935495,,
usearch,pressure-interleaved,322,0.97832,0.8708488160000343,1148.304942978714,2026-08-18 17:55:00.983807,2026-08-18 17:55:01.854679,,
usearch,pressure-interleaved,323,0.97832,0.8754292300000088,1142.296790798258,2026-08-18 17:55:01.903230,2026-08-18 17:55:02.778683,,
usearch,pressure-interleaved,324,0.97832,0.8719116829997802,1146.9051504844351,2026-08-18 17:55:02.826900,2026-08-18 17:55:03.698834,,
usearch,pressure-interleaved,325,0.97832,0.8720672340000419,1146.7005765291165,2026-08-18 17:55:03.747462,2026-08-18 17:55:04.619552,,
usearch,pressure-interleaved,326,0.97832,0.8744641920002323,1143.5574025193869,2026-08-18 17:55:04.667799,2026-08-18 17:55:05.542286,,
usearch,pressure-interleaved,327,0.97832,0.8749883210002736,1142.8723972644743,2026-08-18 17:55:05.590703,2026-08-18 17:55:06.465714,,
usearch,pressure-interleaved,328,0.97832,0.8787405789998957,1137.992285661954,2026-08-18 17:55:06.513221,2026-08-18 17:55:07.391984,,
usearch,pressure-interleaved,329,0.97832,0.8676254430001791,1152.571087060426,2026-08-18 17:55:07.440431,2026-08-18 17:55:08.308080,,
usearch,pressure-interleaved,330,0.97832,0.8660496869997587,1154.6681616666626,2026-08-18 17:55:08.356324,2026-08-18 17:55:09.222404,,
usearch,pressure-interleaved,331,0.97832,0.8690505610002219,1150.6810361517555,2026-08-18 17:55:09.270636,2026-08-18 17:55:10.139710,,
usearch,pressure-interleaved,332,0.97832,0.868328105999808,1151.6384107463418,2026-08-18 17:55:10.188004,2026-08-18 17:55:11.056355,,
