label,dataset,runner_name,tag,recall,total_time,qps,samples,local_pct,local_pct_skt0,local_pct_skt1,lmb_gb_skt0,lmb_gb_skt1,rmb_gb_skt0,rmb_gb_skt1,ipc,inst,inst_skt0,inst_skt1,cpu_balance,llc_rd_miss_lat_ns,l3hit,l2miss,l3miss,l3mpi,upi_in_gb,upi_out_gb,upi_out_pct,upi_in_pct,mem_bw_gb,mem_read_gb,mem_write_gb,mem_read_gb_skt0,mem_read_gb_skt1,mem_write_gb_skt0,mem_write_gb_skt1,warmup_s,qps_std,runs
ann,gist-960-euclidean,annoy,default,0.97852,4.78708477996552,208.9569133401352,4.793103448275862,59.21551724137931,59.463793103448275,44.991379310344826,60.21098352191092,1.3718115795617816,1.81640625,37.819219198994254,0.15232758620689657,30240.10125862069,18169.9070862069,12070.193275862068,0.6648699230034022,409.49982758620695,0.019155172413793102,425.7367068965517,404.16320689655174,0.013377241379310345,43.03267694302263,94.25012415813578,63.733620689655176,28.88764367816092,111.01498506532866,104.21480529364224,6.800179872710129,102.15628232758621,2.058523538523707,4.873812550511853,1.9263679283405173,0.0,3.5889234616616568,29
ann,gist-960-euclidean,annoy,imbalanced-memory,0.97852,4.905316794586286,203.8750571799442,4.931034482758621,59.9896551724138,59.960344827586205,80.53793103448275,60.70342470366379,0.24496845815373564,0.054012886135057475,38.17132947198276,0.14782758620689654,29485.1115862069,17851.469034482758,11633.642775862068,0.6520039831083411,413.8683965517241,0.018637931034482757,416.3585517241379,395.0152413793104,0.013421896551724138,41.478515170393315,93.54317894665948,63.25689655172414,27.731034482758623,107.65154800309806,102.13264296538254,5.5189052734374995,101.93887957974138,0.19376304889547413,5.460052633351293,0.058852690598060343,0.0,1.752453960189613,29
ann,gist-960-euclidean,annoy,interleaved-memory,0.97852,3.1842677304137963,314.05755902782886,3.1724137931034484,50.0,50.11206896551724,49.63505747126437,39.36609868893679,39.22310524425287,39.12351551275144,39.158713855962645,0.22413793103448276,45350.50143678161,22764.823678160923,22585.678793103445,0.9831764418084563,257.1569540229885,0.015057471264367817,677.0709195402299,646.9987068965518,0.014258620689655171,81.8989675938398,129.37357946637033,87.64319923371647,55.343869731800766,168.8291220478628,158.71150626346983,10.11761474609375,79.27801306012033,79.43349401715157,5.041679996183548,5.0759346937859195,0.0,2.104509633557187,29
ann,gist-960-euclidean,annoy,numa-balancing,0.97852,3.227079766586187,309.89067685006984,3.2413793103448274,49.97701149425287,50.53448275862069,49.34195402298851,43.239768543462645,35.00105513649425,32.9463384719122,41.870740167025865,0.22158045977011492,44683.1241091954,22715.79988505747,21967.32408045977,0.9670518445128098,258.6755459770115,0.01488505747126437,668.8185344827587,639.7312068965518,0.014328735632183908,80.23576087688576,127.75907352842133,86.56609195402298,54.227969348659,166.42049086296694,156.65324622844827,9.767244213586567,85.3013754377694,71.35187053811961,6.477258188532687,3.289985632183908,0.0,2.044872319689642,29
ann,gist-960-euclidean,faiss,default,0.97863,10.845148671925935,92.24866692294633,10.851851851851851,46.94955106621774,46.896576879910214,73.5192480359147,50.22245482452459,0.2910152139888468,0.08611083710367565,41.722534577650684,0.07566386083052751,6953.042109427609,3675.423254769921,3277.6188019079686,0.8864807000760438,406.0800129068462,0.019579124579124578,99.28554320987654,94.73500897867564,0.013504292929292928,45.41556689781934,93.46507471031934,63.20892255892255,30.639141414141413,97.32743891059027,95.69392698140257,1.6335119883733162,95.43408946233166,0.25983695680765995,1.534453151304714,0.09905904750631313,0.0,2.017090308830913,27
ann,gist-960-euclidean,faiss,imbalanced-memory,0.97863,10.176744940931037,98.48386659522487,10.206896551724139,52.57816091954023,52.5511320097527,69.45116684082201,54.991541024808974,0.2658834814722813,0.08640807537544472,41.601800592079584,0.07488018112156043,7406.868089515849,4098.831533611982,3308.036792406827,0.8115215480393858,394.9620916057123,0.018972831765935214,107.9306245210728,103.17782619296412,0.013945970045280389,45.27688225840028,95.64899811524458,64.63541739231394,30.518321142459072,103.56797487571022,101.9776755727398,1.5902986539696535,101.72235082233978,0.25532507626099354,1.5084099045411008,0.0818888606566745,0.0,4.6984621872626615,29
ann,gist-960-euclidean,faiss,interleaved-memory,0.97863,6.623822180724221,151.02034337451377,6.655172413793103,49.904761904761905,50.14860426929393,49.13628899835796,38.17705286586617,36.884776048080866,37.942576842159276,37.071418950123146,0.10530377668308703,11266.636937602629,5790.6736863711,5475.96316091954,0.9299569220818491,250.24168308702792,0.015123152709359605,216.95173234811165,208.96738095238095,0.01873579638752053,78.17618188917538,125.6347058686756,85.10919540229885,52.75396825396825,158.0210324061602,154.85511619329844,3.16591622889727,77.83713584160765,77.01798042385057,1.5619018434421181,1.6040150108400042,0.0,2.7909673552178185,29
ann,gist-960-euclidean,faiss,numa-balancing,0.97863,9.797760717034462,102.3267824376298,9.793103448275861,52.575426680599094,52.76995820271682,48.56631835597353,54.00763051640948,2.9526322883332243,3.2858541384344524,41.60231403328621,0.08764489724834551,7683.583318617207,4320.324530564263,3363.2586976663183,0.782063578530231,352.280105799373,0.01688566701497736,114.36944313827934,109.51669400905607,0.014201386276558689,46.93810927661244,97.04521928658215,65.61944589573899,31.489373621270175,107.42962315988889,105.68913144723435,1.7404911892531185,99.21650560315915,6.472625864994231,1.434722902856692,0.3057688244241989,0.0,5.2939408367144765,29
ann,gist-960-euclidean,usearch,default,0.97879,0.7719981105217061,1295.6505990431742,1.0,47.56521739130435,47.34782608695652,57.0,41.13383345170455,1.10126953125,0.7185174851190477,39.09090523097826,0.3708695652173913,65181.60043478261,32337.502173913046,32844.099565217395,0.9688980327599958,297.3295652173913,0.11739130434782609,110.87217391304348,94.7504347826087,0.0014739130434782608,47.607427394701084,92.7178078294837,62.68115942028986,31.934782608695652,94.30318301930147,83.929228515625,10.373955078125,82.43844094669117,1.4907881433823529,9.753548368566175,0.6204049862132353,0.0,20.220934984813315,23
ann,gist-960-euclidean,usearch,imbalanced-memory,0.97879,0.8049448542608685,1259.8717040152458,1.0434782608695652,46.130434782608695,46.0,77.08695652173913,39.77755604619565,0.22260974702380953,0.059591542119565216,40.33852751358695,0.36891304347826087,63289.82369565218,30707.91804347826,32581.903260869567,0.9297402214083649,298.17521739130433,0.11630434782608695,106.98326086956521,91.60760869565217,0.001441304347826087,47.463492697010864,93.3931254245924,63.137681159420296,31.72826086956522,93.39344665527344,83.8029556274414,9.59049285888672,83.62519317626953,0.177763671875,9.527602233886718,0.06288909912109375,0.0,117.61572286302975,23
ann,gist-960-euclidean,usearch,interleaved-memory,0.97879,0.5085481346664286,1966.7793339066563,1.0,50.0,50.733333333333334,48.6,32.24204799107143,31.439973958333333,30.504427083333333,30.965680803571427,0.548,96022.644,48689.240666666665,47333.403333333335,0.9720381750982215,195.11,0.112,170.766,146.98666666666668,0.0015066666666666668,66.70538932291667,110.12684049479167,74.56666666666666,45.0,140.86466731770832,125.187365234375,15.67730078125,62.08700325520833,63.10036263020833,7.757729166666667,7.919569010416667,0.0,29.04354344452692,15
ann,gist-960-euclidean,usearch,numa-balancing,0.97879,0.8348752547368158,1198.175700411983,1.0,88.36842105263158,90.36842105263158,5.052631578947368,73.32344777960526,0.09246504934210527,1.773681640625,7.495836759868421,0.5863157894736842,60457.41210526316,54744.57421052632,5712.83947368421,0.10543148481461315,177.63263157894735,0.13210526315789475,103.33315789473684,87.03578947368422,0.0014157894736842105,9.683502261513159,58.41968647203947,38.99074074074074,5.7592592592592595,90.31160714285714,83.97496442522322,6.336644810267857,82.93155078125001,1.2597014508928572,4.9392070312500005,1.2736753627232142,0.0,22.301451258325653,19
ann,glove-100-angular,annoy,default,0.976894,9.830953871517243,1017.3876196683956,9.793103448275861,49.63563218390805,49.883141762452105,48.3448275862069,49.80602222895714,3.9233711397184594,4.685632905505952,39.12614659234743,0.37416858237547895,74553.57459386972,39262.01426436782,35291.56085823755,0.8996796834511828,337.05029885057473,0.2043793103448276,372.7143141762452,250.62734865900381,0.003409348659003831,51.50666609045737,99.52203066256585,67.34291187739464,34.609961685823755,112.52276620869253,91.89464546291308,20.628120712104884,86.28686836985152,5.607777358716476,15.245664238356083,5.382456271701389,0.0,14.259486337916979,29
ann,glove-100-angular,annoy,imbalanced-memory,0.976894,10.180041058535721,982.5432515306711,10.321428571428571,51.12207792207793,51.046103896103894,79.73603896103896,48.41460503472222,0.24204054505916953,0.0595904902118281,41.52860345850284,0.3572597402597402,71134.14402922078,37343.52975324675,33790.61444805195,0.9059213240612755,349.7483279220779,0.24968506493506495,360.8994935064935,226.48514935064935,0.0032363636363636366,45.810860183517654,93.9996893928825,63.55400432900433,30.706222943722942,104.1556955133083,85.3270657361844,18.82862996877255,85.12754142499212,0.19952479947352994,18.767947701766552,0.060682329714556275,0.0,15.31578765176627,28
ann,glove-100-angular,annoy,interleaved-memory,0.976894,7.501151127586252,1333.1538041946935,7.551724137931035,50.0,49.72536945812808,49.52770935960591,37.37623717961053,37.26958645223984,34.980303784700844,35.79656631645115,0.4603940886699507,95742.22983990147,47898.99243842365,47843.23764778325,0.9866220390617374,221.95126231527095,0.12661945812807882,527.4694150246306,402.4034174876847,0.004202216748768473,77.80367220573237,124.49799775823584,84.34903530377669,52.52155172413793,165.3920979436865,136.99945206064308,28.392646099522786,68.46942484437538,68.53002707796144,14.154798950796645,14.237847028459822,0.0,5.878209965721172,29
ann,glove-100-angular,annoy,numa-balancing,0.976894,7.753191273586143,1289.8372284115317,7.448275862068965,52.39655172413793,52.095443349753694,52.73460591133004,46.08865371478602,32.585714005092875,28.986957598907022,40.85033297734503,0.4444334975369458,94186.59024630542,48686.1570135468,45500.43371305419,0.9345484318126013,232.74768472906402,0.11452586206896552,517.3015209359605,399.8879248768473,0.004252278325123152,73.30143968403632,121.34247959080588,82.21674876847291,49.46664614121511,162.0470132341056,136.0836227401959,25.963390169190657,80.19828699271666,55.885336607383394,15.570044125711977,10.393345887132467,0.0,7.827304398758836,29
ann,glove-100-angular,faiss,default,0.9771490000000002,16.34462883033334,611.8528734718174,16.333333333333332,46.552287581699346,46.43647875816993,76.39174836601308,49.9364442528006,0.338411536908995,0.11087288403859807,41.5175068926225,0.19099264705882354,34310.07608047386,17704.073202614378,16606.003010620912,0.9388192499817907,412.9421200980392,0.055526960784313725,142.21598447712418,118.56592320261439,0.0033819240196078433,47.09429324280982,96.32497625812206,65.21272467320262,31.846915849673206,97.51884936962252,89.10019839018778,8.418650622399024,88.80477678884867,0.2954219723371119,8.327721230500664,0.09092939788219975,0.0,4.478634979890462,18
ann,glove-100-angular,faiss,imbalanced-memory,0.977149,16.448447494529372,607.981590014498,16.58823529411765,45.94290657439446,45.85834775086505,85.39446366782008,47.30830309030781,0.2808485618512111,0.04184739237005605,44.06410927250036,0.19289359861591696,33945.96093858132,17423.850681228374,16522.110856401385,0.9492318782136906,413.85782871972316,0.054945934256055366,141.6469009515571,118.26784818339101,0.0034137326989619374,47.04179522979631,96.86583485111646,65.4577566320646,31.790441176470587,97.19132787790265,88.83807676321906,8.353251055549173,88.6254754554194,0.21260188436013192,8.286755947654221,0.06649506987997406,0.0,3.727053069639145,17
ann,glove-100-angular,faiss,interleaved-memory,0.977149,9.51564314406891,1050.950330080202,9.586206896551724,50.0,49.11417624521073,50.29961685823755,38.928702238236355,40.33517992910167,39.33344745270594,38.4099312718083,0.28900766283524904,58065.04296934866,29113.907406130267,28951.13535632184,0.979110233737353,247.3838620689655,0.03976628352490421,327.7965555555555,283.8416743295019,0.004916590038314176,81.93043163314177,128.67609152747846,87.13537675606642,55.225031928480206,164.71023522808906,150.2217418470127,14.488492816091954,74.11190011374521,76.10984169959292,7.131866278286638,7.356626414331896,0.0,7.329241639285253,29
ann,glove-100-angular,faiss,numa-balancing,0.977149,10.247505391250083,976.0289785528979,10.392857142857142,50.11915584415584,49.317207792207796,51.471428571428575,46.15745664654356,28.527559037642046,27.074953144728536,45.11749600497159,0.2854935064935065,53995.7165974026,26887.05890584416,27108.65755194805,0.9663356771838919,263.23832142857145,0.039457792207792206,292.81575974025975,254.13123376623375,0.00472801948051948,75.49223117580662,121.11810592532467,82.01055194805194,51.039610389610395,153.94037357320414,139.37836123300528,14.56201238458807,86.19731659331879,53.18104451920151,9.379729726816153,5.182282261439732,0.0,13.49724213326576,28
ann,glove-100-angular,usearch,default,0.975767,4.254347892655154,2354.279010907151,4.275862068965517,48.641379310344824,48.61034482758621,50.039655172413795,34.193222992995686,4.700829516882184,4.939402613146552,32.25176286368534,0.5386896551724137,103400.87167241379,52630.216,50770.65674137931,0.9069036931635417,179.6576379310345,0.24113793103448275,564.5881724137931,407.4906379310345,0.003937931034482758,39.588046033135775,80.38211651400862,54.31091954022988,26.470402298850573,85.41075589304957,63.74583172817888,21.66492349137931,57.683569369612066,6.062263133081897,15.625455229660561,6.03946890153556,0.0,86.43626084536186,29
ann,glove-100-angular,usearch,imbalanced-memory,0.975767,4.500459460620748,2223.9169455345755,4.482758620689655,49.40977011494253,49.34827586206896,81.86896551724138,36.947482264727014,0.18930215068247125,0.04800141433189655,34.08859779094828,0.4985747126436782,98290.55044827586,50769.195350574715,47521.355333333326,0.912493141348439,201.43083908045975,0.24114367816091953,528.995551724138,381.9286149425287,0.003874022988505747,37.113143560299925,78.53433773347702,53.02595785440613,24.804406130268198,81.42907642443427,60.9049611563847,20.524115200700432,60.76381071524784,0.14115103044181035,20.469916082974137,0.05419921875,0.0,61.81476233600583,29
ann,glove-100-angular,usearch,interleaved-memory,0.975767,3.6370513973447642,2749.498580655844,4.0,50.0,49.69827586206897,49.827586206896555,21.496481007543103,20.885265131106323,20.736465629489945,20.96910358297414,0.5875862068965517,114489.14775862069,57271.426206896555,57217.721379310344,0.975819842759753,157.25525862068966,0.2425,624.5554310344827,451.0437931034483,0.003966379310344828,43.93149641365841,83.93910450902479,56.718390804597696,29.49137931034483,94.51319234913792,70.49222117456897,24.020970080145474,35.60514017039332,34.88708176185345,12.066941675646552,11.954029246363145,0.0,7.277948211470718,29
ann,glove-100-angular,usearch,numa-balancing,0.975767,4.671049405965435,2146.780562054347,4.689655172413793,58.31321839080459,60.83045977011494,38.8919540229885,36.10707053699713,3.7945531384698277,4.968741581357759,24.920879355244253,0.5783390804597701,96169.6159597701,56086.673816091956,40082.94223563218,0.7169984652347658,165.1219367816092,0.24280459770114943,537.7908333333334,388.5538563218391,0.004031781609195402,31.559961751302083,70.67460159056215,47.68409961685824,21.033716475095783,78.25337584747665,59.614294691765444,18.63908077406609,53.96443251055136,5.649861474048132,13.455442607309624,5.183638329516882,0.0,114.47592178254342,29
ann,sift-128-euclidean,annoy,default,0.976239,1.4466787809655184,6914.420750207417,1.4137931034482758,55.689655172413794,55.775862068965516,48.0,43.411301185344826,0.7433829471982759,0.9158063616071429,33.893656412760414,0.31655172413793103,51411.62344827587,29616.342241379312,21795.28051724138,0.735423290966738,380.7272413793103,0.07,366.8213793103448,328.6555172413793,0.006382758620689656,36.202838934536636,77.46699403960129,52.19252873563218,24.03448275862069,87.27017931707975,74.89132711476293,12.378852370689655,73.90279280037716,0.9885349878771552,11.405899952855602,0.9729524178340516,0.0,120.2470266912669,29
ann,sift-128-euclidean,annoy,imbalanced-memory,0.976239,1.5010457641379178,6664.921483783337,1.5172413793103448,55.0,54.94827586206897,74.84482758620689,43.49684361049107,0.2446794181034483,0.06953798491379311,35.39968345905172,0.30706896551724133,49756.46189655172,28339.27310344828,21417.18896551724,0.7553822460864515,381.3674137931035,0.06344827586206897,353.5705172413793,318.55758620689653,0.006398275862068965,36.46650575835129,77.81549366918104,52.491379310344826,24.295977011494255,88.0160858364763,75.66451643318966,12.351569234913793,75.45515103044181,0.2093633822737069,12.27145474137931,0.08011398841594827,0.0,140.41543578871216,29
ann,sift-128-euclidean,annoy,interleaved-memory,0.976239,1.0099589356206768,9906.38976595168,1.0689655172413792,50.0,50.0,49.793103448275865,29.301336880387932,29.073820891203702,29.752301897321427,26.863870554956897,0.45896551724137935,68296.51672413794,34584.94827586207,33711.56862068966,0.9729516547865497,220.82,0.06,509.5920689655172,462.60396551724136,0.006779310344827586,60.75943494073276,97.65617574757543,65.94252873563218,40.82183908045977,129.0318148908944,110.82209859913793,18.209716796875,55.43517712823276,55.386920797413794,9.092247945851295,9.117468851023705,0.0,226.7911261008505,29
ann,sift-128-euclidean,annoy,numa-balancing,0.976239,1.1410985526551392,8764.962241893862,1.103448275862069,50.3448275862069,50.172413793103445,51.0,35.58913658405172,17.197972790948278,16.463479929956897,34.98816338900862,0.41155172413793106,61948.97086206896,32815.85913793103,29133.111896551723,0.8881256436415934,257.4643103448276,0.0603448275862069,455.9808620689655,412.6670689655172,0.006658620689655172,53.57523336476294,91.5271563510237,61.81896551724138,35.97701149425287,114.6654507341056,98.7091665544181,15.956286031788792,66.55198494746767,32.157180091594824,11.562243231411639,4.3940431371228446,0.0,115.62327365430303,29
ann,sift-128-euclidean,faiss,default,0.978358,4.8189720954483,2075.5989466908727,4.862068965517241,47.72931034482759,47.58965517241379,75.86206896551724,47.42386011584052,0.4029526984554598,0.10680899784482757,40.30104335039512,0.11236206896551724,16223.960137931033,8391.273724137933,7832.686172413793,0.9382884728900724,412.14384482758624,0.06027586206896552,114.96498275862069,97.06460344827586,0.0059617241379310345,44.854815261314656,92.53231416689115,62.60172413793103,30.254885057471263,94.6684070076778,87.99089128165409,6.67751577653556,87.6459751650054,0.3449161334859914,6.538779801993535,0.13873560412176725,0.0,31.527806426228796,29
ann,sift-128-euclidean,faiss,imbalanced-memory,0.978358,4.905020483448315,2039.3286496010683,4.9655172413793105,47.101724137931036,46.936206896551724,80.12241379310345,46.44525076329023,0.307403353987069,0.06661671605603449,39.91296470905172,0.11239655172413793,15892.884655172413,8329.806844827586,7563.078051724138,0.9094626655104816,414.69286206896555,0.06084482758620689,112.20760344827586,94.7245172413793,0.005933103448275862,44.46051180293642,90.86191988820043,61.42758620689656,29.942241379310346,92.74162819908405,86.2177801162895,6.52384829606681,85.96818469939835,0.24959547862787357,6.4366482579022986,0.08719987540409484,0.0,35.629662665614624,29
ann,sift-128-euclidean,faiss,interleaved-memory,0.978358,2.8802658511379784,3472.575050310841,2.9310344827586206,50.0,49.333333333333336,49.98850574712644,36.34570873742816,35.77586768139368,35.233679058908045,35.2501571479885,0.1745977011494253,25724.73408045977,12828.796264367817,12895.937586206897,0.9504481202312101,250.35747126436783,0.042643678160919546,222.38436781609195,194.92132183908046,0.007692528735632183,74.94200234599496,118.46371778466236,80.19731800766283,50.53448275862069,151.4716979840158,140.06964411593032,11.402054485452588,70.29243175287355,69.77721354166667,5.722838822288074,5.67921527029454,0.0,49.0715453486167,29
ann,sift-128-euclidean,faiss,numa-balancing,0.978358,3.0660034302758317,3262.682877277903,3.1379310344827585,50.08908045977011,49.19252873563218,51.451149425287355,40.38475440014368,28.25635326867816,25.108426499640807,39.76240627244972,0.1777873563218391,24407.955431034483,12300.90224137931,12107.053132183908,0.940462235150161,260.6458908045977,0.04459770114942529,210.40396551724137,185.05836206896552,0.007676149425287356,70.37851890827048,113.73212680158943,76.92672413793103,47.44252873563218,143.40831175354705,132.03180941877693,11.376500819414513,79.33982281564296,52.69198615413972,6.796771338451868,4.579729088092673,0.0,61.06990612998851,29
ann,sift-128-euclidean,usearch,default,0.983133,0.17010411333338496,58788.50708256738,1.0,49.666666666666664,53.833333333333336,49.166666666666664,0.9951171875,9.4052734375,9.47119140625,0.826171875,0.49666666666666665,27939.09833333333,15959.886666666665,11979.21,0.748558250817201,171.76666666666665,0.38166666666666665,155.23666666666665,89.445,0.0032166666666666667,10.9024658203125,23.394430338541667,15.333333333333334,7.166666666666667,,,,,,,,0.0,263.13764146800133,6
ann,sift-128-euclidean,usearch,imbalanced-memory,0.983133,0.1804216442501456,55427.39485266492,1.0,50.5,50.5,72.5,10.51171875,0.080078125,0.0283203125,10.013427734375,0.4775,27615.6275,15895.029999999999,11720.6,0.7370150756350378,179.735,0.39,154.095,88.41,0.0032,10.525270996093749,23.64101806640625,15.666666666666666,6.75,,,,,,,,0.0,351.37700845595856,4
ann,sift-128-euclidean,usearch,numa-balancing,0.983133,0.2511832998331253,39922.57286063644,1.0,59.0,91.0,8.666666666666666,12.478125,0.7861328125,6.532877604166667,1.1785481770833333,0.5466666666666667,27539.51,25330.50333333333,2209.0066666666667,0.08579010820865647,136.22333333333333,0.3633333333333333,159.73666666666668,94.66333333333334,0.003416666666666667,9.189103190104166,24.742560221354168,16.416666666666668,5.666666666666667,22.267945963541667,20.380973307291665,1.8869759114583333,12.942734375,7.438235677083334,0.6455371093750001,1.2414322916666667,0.0,2281.8351867769534,6
