kernel,run,benchmark,tag,pgt_tag,readratio,writeratio,ts_start,ts_end,read_bw_gb,write_bw_gb,read_bw_wall_gb,write_bw_wall_gb,wall_s,read_bw_std,write_bw_std,read_bw_std_pct,write_bw_std_pct
mitosis,1,pgtable_1G,mitosis-interleave,interleave,100,0,1787924376.4022696,1787924431.1928923,102.548353783,0.0,101.67401553892928,0.0,30.26,0.001656559015,0.0,0.001651753245371621,0
mitosis,2,pgtable_1G,mitosis-interleave,interleave,100,0,1787924431.3589585,1787924482.0818295,102.551229256,0.0,101.67686649570389,0.0,30.26,0.00145171785,0.0,0.0014470905554893139,0
mitosis,3,pgtable_1G,mitosis-interleave,interleave,100,0,1787924482.2209115,1787924532.9400926,102.489797584,0.0,101.6159585966953,0.0,30.26,0.003731832511,0.0,0.0037231109145678828,0
mitosis,4,pgtable_1G,mitosis-interleave,interleave,100,0,1787924533.0794706,1787924583.796702,102.274262274,0.0,101.39891004157165,0.0,30.261,0.002036561724,0.0,0.0020359383897093934,0
mitosis,5,pgtable_1G,mitosis-interleave,interleave,100,0,1787924583.9367228,1787924634.654646,102.04419599,0.0,101.18087221282924,0.0,30.259,0.003611623329,0.0,0.003618785028816969,0
mitosis,1,pgtable_1G,mitosis-repl,repl,100,0,1787924634.7931745,1787924685.5381293,103.768714401,0.0,102.88737134313757,0.0,30.259,0.001537919367,0.0,0.0015150671677419336,0
mitosis,2,pgtable_1G,mitosis-repl,repl,100,0,1787924685.6981292,1787924736.4296405,103.820465304,0.0,102.94211376925873,0.0,30.259,0.001506466511,0.0,0.001483283822647886,0
mitosis,3,pgtable_1G,mitosis-repl,repl,100,0,1787924736.5687916,1787924787.3077066,103.740275721,0.0,102.85577502286847,0.0,30.26,0.001537307278,0.0,0.001514913116704995,0
mitosis,4,pgtable_1G,mitosis-repl,repl,100,0,1787924787.44633,1787924838.191301,103.410192126,0.0,102.52853489203926,0.0,30.261,0.00348714538,0.0,0.0034478137697409998,0
mitosis,5,pgtable_1G,mitosis-repl,repl,100,0,1787924838.3296397,1787924889.074802,103.950045749,0.0,103.06716258223999,0.0,30.259,0.001508609398,0.0,0.0014836175980419439,0
hydra,1,pgtable_1G,hydra-interleave,interleave,100,0,1787925939.9702566,1787925994.624366,102.5336206,0.0,101.66954468131794,0.0,30.259,0.001816330298,0.0,0.001812040411184087,0
hydra,2,pgtable_1G,hydra-interleave,interleave,100,0,1787925994.7842183,1787926045.5168803,102.684943878,0.0,101.81619918701874,0.0,30.259,0.0016460575750000001,0.0,0.0016405448842801396,0
hydra,3,pgtable_1G,hydra-interleave,interleave,100,0,1787926045.6675656,1787926096.402642,102.440173016,0.0,101.57355643765904,0.0,30.261,0.0023052469070000002,0.0,0.002302955966043136,0
hydra,4,pgtable_1G,hydra-interleave,interleave,100,0,1787926096.5858,1787926147.3191795,102.251756801,0.0,101.37994737448776,0.0,30.26,0.0025033142520000003,0.0,0.0025045055816313084,0
hydra,5,pgtable_1G,hydra-interleave,interleave,100,0,1787926147.4725616,1787926198.2055492,102.335949098,0.0,101.47356750508922,0.0,30.26,0.001593574841,0.0,0.001593520305252361,0
hydra,1,pgtable_1G,hydra-repl,repl,100,0,1787926198.3584008,1787926249.1098483,103.253915108,0.0,102.37356117276933,0.0,30.26,0.001760524191,0.0,0.001743317086696844,0
hydra,2,pgtable_1G,hydra-repl,repl,100,0,1787926249.265045,1787926300.0117311,103.081515532,0.0,102.20266053758965,0.0,30.261,0.001948757372,0.0,0.001934534818253913,0
hydra,3,pgtable_1G,hydra-repl,repl,100,0,1787926300.166387,1787926350.9114542,102.590266462,0.0,101.72235145221414,0.0,30.26,0.001741378471,0.0,0.0017355223171653517,0
hydra,4,pgtable_1G,hydra-repl,repl,100,0,1787926351.0625756,1787926401.812324,103.208503,0.0,102.32518391117574,0.0,30.262,0.001444286079,0.0,0.001432153521023608,0
hydra,5,pgtable_1G,hydra-repl,repl,100,0,1787926401.9936514,1787926452.739279,102.8878225,0.0,102.02073297957566,0.0,30.258,0.001736805662,0.0,0.0017259952712153366,0
spare,1,pgtable_1G,spare-interleave,interleave,100,0,1787922500.195231,1787922554.6346784,102.39946759,0.0,102.17471318922514,0.0,30.07,0.0017933598850000002,0.0,0.0017922345269671637,0
spare,2,pgtable_1G,spare-interleave,interleave,100,0,1787922554.8161597,1787922605.3509595,102.26252747,0.0,102.04145239578274,0.0,30.067,0.0029841976060000002,0.0,0.0029860263320332482,0
spare,3,pgtable_1G,spare-interleave,interleave,100,0,1787922605.5242045,1787922656.075288,102.336202168,0.0,102.0572735138441,0.0,30.085,0.001647943026,0.0,0.0016479419411514486,0
spare,4,pgtable_1G,spare-interleave,interleave,100,0,1787922656.247606,1787922706.790702,102.489021207,0.0,102.243660957473,0.0,30.075,0.004316514757,0.0,0.004309633666456807,0
spare,5,pgtable_1G,spare-interleave,interleave,100,0,1787922706.9621327,1787922757.5048823,102.290674493,0.0,102.04239615693577,0.0,30.076,0.00227913073,0.0,0.0022799971799384797,0
spare,1,pgtable_1G,spare-repl-pt,repl-pt,100,0,1787922757.679038,1787922808.234136,103.432748963,0.0,103.24350075316036,0.0,30.06,0.00230406409,0.0,0.002279000825546167,0
spare,2,pgtable_1G,spare-repl-pt,repl-pt,100,0,1787922808.4127455,1787922858.9695463,103.701831999,0.0,103.48797111655136,0.0,30.064,0.0022835796730000003,0.0,0.0022532560376244256,0
spare,3,pgtable_1G,spare-repl-pt,repl-pt,100,0,1787922859.1510248,1787922909.7101967,103.469765629,0.0,103.2529561024413,0.0,30.066,0.0025529011569999996,0.0,0.002524334876065436,0
spare,4,pgtable_1G,spare-repl-pt,repl-pt,100,0,1787922909.8888197,1787922960.4453514,103.739117185,0.0,103.52863002022353,0.0,30.064,0.002001287249,0.0,0.0019736491599923823,0
spare,5,pgtable_1G,spare-repl-pt,repl-pt,100,0,1787922960.6466827,1787923011.2116268,103.581204922,0.0,103.34353064680256,0.0,30.071,0.0023212832,0.0,0.0022933193631335777,0
spare,1,pgtable_1G,spare-repl,repl,100,0,1787923011.416181,1787923062.1511536,161.353189411,0.0,160.99901519010243,0.0,30.068,0.005533619883,0.0,0.0035076919313045156,0
spare,2,pgtable_1G,spare-repl,repl,100,0,1787923062.3167717,1787923113.0274408,162.515990628,0.0,162.278006683396,0.0,30.047,0.003256924305,0.0,0.002049196759305776,0
spare,3,pgtable_1G,spare-repl,repl,100,0,1787923113.1973817,1787923163.9193728,161.023572679,0.0,160.7342702794783,0.0,30.056,0.003317460854,0.0,0.0021064122709120903,0
spare,4,pgtable_1G,spare-repl,repl,100,0,1787923164.085709,1787923214.8401945,161.406816954,0.0,160.94548602771778,0.0,30.089,0.002956977381,0.0,0.0018737019951339297,0
spare,5,pgtable_1G,spare-repl,repl,100,0,1787923215.006881,1787923265.7187676,161.591645763,0.0,161.36038566997271,0.0,30.046,0.0030872267849999997,0.0,0.0019534941297519397,0
